[21:37:08] [main/INFO]: Loading Minecraft 1.21.1 with Fabric Loader 0.18.2
[21:37:09] [main/WARN]: Warnings were found!
 - Mod 'Forge Config API Port' (forgeconfigapiport) 21.1.6 recommends any version of modmenu, which is missing!
	 - You should install any version of modmenu for the optimal experience.
 - Mod 'Extra Shields' (shields) 1.2.5+1.21.1 recommends any version of emi, which is missing!
	 - You should install any version of emi for the optimal experience.
 - Mod 'Extra Shields' (shields) 1.2.5+1.21.1 recommends any version of oracle-index, which is missing!
	 - You should install any version of oracle-index for the optimal experience.
 - Mod 'Shifting Wares' (shifting-wares) 3.1.1+1.21.3 recommends any version between 1.21.2 (inclusive) and 2- (exclusive) of 'Minecraft' (minecraft), but only the wrong version is present: 1.21.1!
	 - You should install any version between 1.21.2 (inclusive) and 2- (exclusive) of 'Minecraft' (minecraft) for the optimal experience.
[21:37:09] [main/INFO]: Loading 258 mods:
	- adorablehamsterpets 3.5.0-1.21.1+fabric
	   \-- placeholder-api 2.4.2+1.21
	- adventuredungeons 1.3.1
	- alternate-current 1.9.0
	- amendments 1.21-2.0.15
	- amplified_nether 1.2.13
	- architectury 13.0.8
	- armorful 3.1.3+1.21
	- atistructures 1.3.10
	- attributefix 21.1.3
	- awesomedungeon 3.2.0
	- awesomedungeonnether 3.1.1
	- awesomedungeonocean 3.3.0
	- balm 21.0.56
	   \-- kuma_api 21.0.7
	- better_respawn 1.21.1-2.0.6
	- betterdeserttemples 1.21.1-Fabric-4.1.5
	   \-- org_reflections_reflections 0.10.2
	- betterfortresses 1.21.1-Fabric-3.1.5
	   \-- org_reflections_reflections 0.10.2
	- betterladdersmod 0.0.3.1.21
	- bettersafebed 1.21-16
	- betterstrongholds 1.21.1-Fabric-5.1.3
	   \-- org_reflections_reflections 0.10.2
	- bettervillage 3.3.1
	- betterwitchhuts 1.21.1-Fabric-4.1.1
	   \-- org_reflections_reflections 0.10.2
	- bloodnparticles 1.4.0
	- bookshelf 21.1.81
	- boss_music_mod 1.2.0
	- chunky 1.4.23
	- cloth-config 15.0.140
	   \-- cloth-basic-math 0.6.1
	- cobweb 1.4.0
	- collective 8.13
	- combatnouveau 21.1.1
	- coroutil 1.21.1-1.3.8
	- crashexploitfixer 1.1.0
	- creeperoverhaul 4.0.6
	   \-- com_teamresourceful_resourceful-cosmetics-4j 1.0.3
	- cupboard 1.21-2.9
	- custom_nether_portals 1.0.0
	- deathsorter 0.0.4
	- despawntweaks 1.0.0
	- diagonalfences 21.1.1
	- diagonalwalls 21.1.2
	   \-- diagonalblocks 21.1.2
	- diagonalwindows 21.1.1
	- dimensionviewer 2.2.0
	- easyanvils 21.1.0
	- easymagic 21.1.4
	- elytra-drag 0.4-1.21+
	- endrem 6.0.2
	- epicwitchhuts 1.2.0
	- explorations 1.21.1-1.6.2
	- fabric-api 0.116.9+1.21.1
	   |-- fabric-api-base 0.4.42+6573ed8c19
	   |-- fabric-api-lookup-api-v1 1.6.72+7b3d111d19
	   |-- fabric-biome-api-v1 13.0.31+d527f9fd19
	   |-- fabric-block-api-v1 1.1.0+0bc3503219
	   |-- fabric-block-view-api-v2 1.0.11+ebb2264e19
	   |-- fabric-blockrenderlayer-v1 1.1.52+0af3f5a719
	   |-- fabric-client-tags-api-v1 1.1.15+6573ed8c19
	   |-- fabric-command-api-v1 1.2.49+f71b366f19
	   |-- fabric-command-api-v2 2.2.28+6ced4dd919
	   |-- fabric-commands-v0 0.2.66+df3654b319
	   |-- fabric-content-registries-v0 8.0.19+b559734419
	   |-- fabric-convention-tags-v1 2.1.6+7f945d5b19
	   |-- fabric-convention-tags-v2 2.11.2+fa89716719
	   |-- fabric-crash-report-info-v1 0.2.29+0af3f5a719
	   |-- fabric-data-attachment-api-v1 1.4.6+5b36e0f719
	   |-- fabric-data-generation-api-v1 20.2.35+37516cd619
	   |-- fabric-dimensions-v1 4.0.1+65213ef819
	   |-- fabric-entity-events-v1 1.8.0+2b27e0a419
	   |-- fabric-events-interaction-v0 0.7.13+ba9dae0619
	   |-- fabric-game-rule-api-v1 1.0.53+6ced4dd919
	   |-- fabric-item-api-v1 11.2.0+3b3cb2e819
	   |-- fabric-item-group-api-v1 4.1.7+def88e3a19
	   |-- fabric-key-binding-api-v1 1.0.47+0af3f5a719
	   |-- fabric-keybindings-v0 0.2.45+df3654b319
	   |-- fabric-lifecycle-events-v1 2.6.0+0865547519
	   |-- fabric-loot-api-v2 3.0.15+3f89f5a519
	   |-- fabric-loot-api-v3 1.0.3+3f89f5a519
	   |-- fabric-message-api-v1 6.0.14+8aaf3aca19
	   |-- fabric-model-loading-api-v1 2.1.0+b4d813fc19
	   |-- fabric-networking-api-v1 4.3.0+c7469b2119
	   |-- fabric-object-builder-api-v1 15.2.1+40875a9319
	   |-- fabric-particles-v1 4.0.2+6573ed8c19
	   |-- fabric-recipe-api-v1 5.0.15+2475392c19
	   |-- fabric-registry-sync-v0 5.3.1+e3eddc2119
	   |-- fabric-renderer-api-v1 3.4.1+b4d813fc19
	   |-- fabric-renderer-indigo 1.7.1+c705a49c19
	   |-- fabric-renderer-registries-v1 3.2.69+df3654b319
	   |-- fabric-rendering-data-attachment-v1 0.3.49+73761d2e19
	   |-- fabric-rendering-fluids-v1 3.1.6+1daea21519
	   |-- fabric-rendering-v0 1.1.72+df3654b319
	   |-- fabric-rendering-v1 5.1.0+ab4c25a019
	   |-- fabric-resource-conditions-api-v1 4.3.0+8dc279b119
	   |-- fabric-resource-loader-v0 1.3.1+5b5275af19
	   |-- fabric-screen-api-v1 2.0.25+8b68f1c719
	   |-- fabric-screen-handler-api-v1 1.3.90+b559734419
	   |-- fabric-sound-api-v1 1.0.23+6573ed8c19
	   |-- fabric-transfer-api-v1 5.4.4+7b3d111d19
	   \-- fabric-transitive-access-wideners-v1 6.2.0+45b9699719
	- fabric-language-kotlin 1.13.9+kotlin.2.3.10
	   |-- org_jetbrains_kotlin_kotlin-reflect 2.3.10
	   |-- org_jetbrains_kotlin_kotlin-stdlib 2.3.10
	   |-- org_jetbrains_kotlin_kotlin-stdlib-jdk7 2.3.10
	   |-- org_jetbrains_kotlin_kotlin-stdlib-jdk8 2.3.10
	   |-- org_jetbrains_kotlinx_atomicfu-jvm 0.31.0
	   |-- org_jetbrains_kotlinx_kotlinx-coroutines-core-jvm 1.10.2
	   |-- org_jetbrains_kotlinx_kotlinx-coroutines-jdk8 1.10.2
	   |-- org_jetbrains_kotlinx_kotlinx-datetime-jvm 0.7.1
	   |-- org_jetbrains_kotlinx_kotlinx-io-bytestring-jvm 0.8.2
	   |-- org_jetbrains_kotlinx_kotlinx-io-core-jvm 0.8.2
	   |-- org_jetbrains_kotlinx_kotlinx-serialization-cbor-jvm 1.10.0
	   |-- org_jetbrains_kotlinx_kotlinx-serialization-core-jvm 1.10.0
	   \-- org_jetbrains_kotlinx_kotlinx-serialization-json-jvm 1.10.0
	- fabricloader 0.18.2
	   \-- mixinextras 0.5.0
	- fallingtrees 0.14.0-APLHA.2.1
	- faster-random 5.1.0
	- fastitemframes 21.1.6
	- fastpaintings 1.21-1.3.0
	- ferritecore 7.0.3
	- fishingreal 1.9.1
	- forgeconfigapiport 21.1.6
	- forgivingvoid 21.1.6
	- fragmentum 2.1.1
	   |-- com_github_figuramc_luaj_luaj-core 3.0.8-figura
	   \-- com_github_figuramc_luaj_luaj-jse 3.0.8-figura
	- fzzy_config 0.7.6+1.21
	   |-- blue_endless_jankson 1.2.3
	   |-- fabric-permissions-api-v0 0.3.1
	   \-- net_peanuuutz_tomlkt_tomlkt-jvm 0.3.7
	- geckolib 4.8.3
	- giantspawn 5.3
	- grindenchantments 4.0.0+1.21.1
	   \-- codec-config-api 3.0.0+1.21.3
	- healingcampfire 6.2
	- hopobettermineshaft 1.3.0
	- hopobetterruinedportal 1.4.4
	- hopobetterunderwaterruins 1.2.1
	- illagerinvasion 21.1.6
	   \-- extensibleenums 21.1.1
	- immersivemessages 1.0.18
	   \-- mm 2.3
	- imst 2.2.1
	- invview 1.4.15-1.20.5+
	   \-- sgui 1.5.0+1.20.5
	- jamlib 1.3.5+1.21.1
	   \-- blue_endless_jankson 1.2.3
	- java 21
	- jrftl 1.8.0
	- kiwi 15.8.2+fabric
	- kleeslabs 21.1.9
	- krypton 0.2.8
	   \-- com_velocitypowered_velocity-native 3.3.0-SNAPSHOT
	- ksyxis 1.3.4
	- libraryferret 4.0.0
	- lithium 0.15.2+mc1.21.1
	- lithostitched 1.5.7
	- logprot 1.21-3.5
	- lootintegrations 1.21-4.7
	- lootintegrations_ati 1.2
	- lootintegrations_awesome 1
	- lootintegrations_ctov 1.4
	- lootintegrations_hopo 1.4
	- lootintegrations_medievalbuildings 1.4
	- lootintegrations_moog 1.8
	- lootintegrations_structory 1.3
	- lootintegrations_vanilla 1
	- lootintegrations_yungs 1.4
	- lootr 1.21.1-1.11.36.116
	- medieval_nether 1.0.2
	- minecraft 1.21.1
	- modernfix 5.25.1+mc1.21.1
	- moogs_structures 1.1.0-1.21-1.21.1-fabric
	- moonlight 1.21-2.29.18
	- mr_blaze_attackanimation 1.0
	- mr_deepslatedubble 2.0
	- mr_dungeons_andtaverns 1-v4.4.4
	- mr_edf_remastered 5.0-beta4
	- mr_endercon 3.0
	- mr_epic_structuresvillages 1.2.0
	- mr_lukis_grandcapitals 1.1.3
	- mr_mace 1.0.0
	- mr_mastercutter 1.3.1+1.21
	- mr_nice_villagersremastered 1.0
	- mr_spawn_animationscompats 13.0
	- mr_tidal_towns 1.3.4
	- mr_trek 1-B0.6
	- mr_true_ending 1-v1.1.2d
	- mr_vanilla_refresh 1.4.26
	- mr_withering_heights 1-v1.1b
	- mru 1.0.19+LTS+1.21.1+fabric
	   \-- org_commonmark_commonmark 0.21.0
	- mss 2.0.2
	- mvs 5.0.5
	- netherportalfix 21.1.3
	- netherportalspread 8.4
	- no-shield-delay 1.0.1
	   |-- com_electronwill_night-config_core 3.8.1
	   \-- com_electronwill_night-config_toml 3.8.1
	- nyfsspiders 3.0.1
	   \-- awcapi 1.0.2
	- octolib 0.6.0.4
	   \-- org_yaml_snakeyaml 2.2
	- packedup 1.1.0
	- pandalib 1.0.0-ALPHA.2.1
	   |-- dev_pandasystems_universal-serializer 0.1.0-SNAPSHOT
	   |-- org_jetbrains_kotlinx_kotlinx-coroutines-core-jvm 1.10.2
	   \-- org_jetbrains_kotlinx_kotlinx-coroutines-jdk8 1.10.2
	- patchouli 1.21.1-92-FABRIC
	   \-- fiber 0.23.0-2
	- pickupnotifier 21.1.1
	- playeranimator 2.0.4+1.21.1
	- polymorph 1.1.0+1.21.1
	   \-- cardinal-components-block 6.1.0
	- prickle 21.1.11
	- prometheus 1.2.5
	- puffish_biome_dither 1.0.0
	- puzzleslib 21.1.39
	- resourcefulconfig 3.0.11
	- resourcefullib 3.0.12
	   |-- com_teamresourceful_bytecodecs 1.1.2
	   \-- com_teamresourceful_yabn 1.0.3
	- respawninganimals 21.1.2
	- rightclickharvest 4.6.1+1.21.1
	- shields 1.2.5+1.21.1
	   |-- fabricshieldlib 1.7.2-1.21.1
	   |    \-- mm 2.3
	   |-- midnightlib 1.6.3
	   |-- mm 2.3
	   \-- org_apache_commons_commons-text 1.13.0
	- shifting-wares 3.1.1+1.21.3
	- skinshuffle 2.9.1+1.21
	   |-- com_drewnoakes_metadata-extractor 2.19.0
	   |-- com_konghq_unirest-java_standalone 3.11.9
	   |-- commons-validator_commons-validator 1.7
	   |-- org_jsoup_jsoup 1.16.1
	   |-- spruceui 5.1.0+1.21
	   \-- yet_another_config_lib_v3 3.6.2+1.21-fabric
	        |-- com_twelvemonkeys_common_common-image 3.12.0
	        |-- com_twelvemonkeys_common_common-io 3.12.0
	        |-- com_twelvemonkeys_common_common-lang 3.12.0
	        |-- com_twelvemonkeys_imageio_imageio-core 3.12.0
	        |-- com_twelvemonkeys_imageio_imageio-metadata 3.12.0
	        |-- com_twelvemonkeys_imageio_imageio-webp 3.12.0
	        |-- org_quiltmc_parsers_gson 0.2.1
	        \-- org_quiltmc_parsers_json 0.2.1
	- slimyboyos 14.0.2
	- smarterfarmers 1.21-2.2.4
	- snowrealmagic 12.2.0+fabric
	- soul_fire_d 6.1.0
	- spawnanimations 1.11.3+mod
	- stackrefill 4.9
	- starterkit 7.4
	- structory 1.3.14
	- structory_towers 1.0.15
	- subtle_effects 1.13.2-hotfix.1
	- suggestion_tweaker 1.20.6-1.5.3
	- supermartijn642configlib 1.1.8
	- supermartijn642corelib 1.1.20
	- tectonic 3.0.19
	- terralith 2.5.8
	- touhou_little_maid 0.6.2-neo1.5.0
	   |-- cardinal-components-base 6.1.2
	   |-- cardinal-components-entity 6.1.2
	   \-- org_openjdk_nashorn_nashorn-core 15.4
	- txnilib 1.0.24
	- vc_gliders 1.1.8
	   \-- commonnetworking 1.0.16-1.21
	- visualworkbench 21.1.1
	- watut 1.21.0-1.2.7
	- yungsapi 1.21.1-Fabric-5.1.6
	   |-- org_javassist_javassist 3.29.2-GA
	   \-- org_reflections_reflections 0.10.2
	- yungsbridges 1.21.1-Fabric-5.1.1
	   \-- org_reflections_reflections 0.10.2
	- zombieawareness 1.21.0-1.13.2
[21:37:09] [main/INFO]: SpongePowered MIXIN Subsystem Version=0.8.7 Source=file:/workspaces/Server-Minecraft-7/servidor_minecraft/libraries/net/fabricmc/sponge-mixin/0.16.5+mixin.0.8.7/sponge-mixin-0.16.5+mixin.0.8.7.jar Service=Knot/Fabric Env=SERVER
[21:37:09] [main/INFO]: Compatibility level set to JAVA_17
[21:37:09] [main/INFO]: Compatibility level set to JAVA_18
[21:37:09] [main/INFO]: Compatibility level set to JAVA_21
[21:37:09] [main/WARN]: Reference map 'combatnouveau.fabric.refmap.json' for combatnouveau.fabric.mixins.json could not be read. If this is a development environment you can ignore this message
[21:37:09] [main/WARN]: Reference map 'coroutil.refmap.json' for coroutil_fabric.mixins.json could not be read. If this is a development environment you can ignore this message
[21:37:09] [main/WARN]: Reference map 'deathsorter-common-common-refmap.json' for deathsorter.mixins.json could not be read. If this is a development environment you can ignore this message
[21:37:09] [main/WARN]: Reference map 'diagonalfences.common.refmap.json' for diagonalfences.common.mixins.json could not be read. If this is a development environment you can ignore this message
[21:37:09] [main/WARN]: Reference map 'diagonalfences.fabric.refmap.json' for diagonalfences.fabric.mixins.json could not be read. If this is a development environment you can ignore this message
[21:37:09] [main/WARN]: Reference map 'diagonalwalls.common.refmap.json' for diagonalwalls.common.mixins.json could not be read. If this is a development environment you can ignore this message
[21:37:09] [main/WARN]: Reference map 'diagonalwalls.fabric.refmap.json' for diagonalwalls.fabric.mixins.json could not be read. If this is a development environment you can ignore this message
[21:37:09] [main/WARN]: Reference map 'diagonalwindows.common.refmap.json' for diagonalwindows.common.mixins.json could not be read. If this is a development environment you can ignore this message
[21:37:09] [main/WARN]: Reference map 'diagonalwindows.fabric.refmap.json' for diagonalwindows.fabric.mixins.json could not be read. If this is a development environment you can ignore this message
[21:37:09] [main/WARN]: Reference map 'extensibleenums.common.refmap.json' for extensibleenums.common.mixins.json could not be read. If this is a development environment you can ignore this message
[21:37:09] [main/WARN]: Reference map 'extensibleenums.fabric.refmap.json' for extensibleenums.fabric.mixins.json could not be read. If this is a development environment you can ignore this message
[21:37:09] [main/WARN]: Reference map 'fastitemframes.fabric.refmap.json' for fastitemframes.fabric.mixins.json could not be read. If this is a development environment you can ignore this message
[21:37:10] [main/WARN]: Reference map 'forgeconfigapiport.common.refmap.json' for forgeconfigapiport.common.mixins.json could not be read. If this is a development environment you can ignore this message
[21:37:10] [main/WARN]: Reference map 'illagerinvasion.fabric.refmap.json' for illagerinvasion.fabric.mixins.json could not be read. If this is a development environment you can ignore this message
[21:37:10] [main/WARN]: Reference map '[common]imst-common-refmap.json' for imst.mixins.json could not be read. If this is a development environment you can ignore this message
[21:37:10] [main/INFO]: Option 'mixin.entity.collisions.fluid' requires 'mixin.util.block_tracking=true' but found 'false'. Setting 'mixin.entity.collisions.fluid=false'.
[21:37:10] [main/INFO]: Option 'mixin.experimental.entity.block_caching.block_support' requires 'mixin.util.block_tracking=true' but found 'false'. Setting 'mixin.experimental.entity.block_caching.block_support=false'.
[21:37:10] [main/INFO]: Option 'mixin.experimental.entity.block_caching.fluid_pushing' requires 'mixin.util.block_tracking=true' but found 'false'. Setting 'mixin.experimental.entity.block_caching.fluid_pushing=false'.
[21:37:10] [main/INFO]: Option 'mixin.experimental.entity.block_caching.block_touching' requires 'mixin.util.block_tracking=true' but found 'false'. Setting 'mixin.experimental.entity.block_caching.block_touching=false'.
[21:37:10] [main/INFO]: Option 'mixin.experimental.entity.block_caching.suffocation' requires 'mixin.util.block_tracking=true' but found 'false'. Setting 'mixin.experimental.entity.block_caching.suffocation=false'.
[21:37:10] [main/INFO]: Option 'mixin.experimental.entity.block_caching' requires 'mixin.util.block_tracking=true' but found 'false'. Setting 'mixin.experimental.entity.block_caching=false'.
[21:37:10] [main/INFO]: Loaded configuration file for Lithium: 150 options available, 0 override(s) found
[21:37:10] [main/INFO]: Loaded configuration file for ModernFix 5.25.1+mc1.21.1: 65 options available, 0 override(s) found
[21:37:10] [main/INFO]: Applying Nashorn fix
[21:37:10] [main/WARN]: Reference map 'pickupnotifier.fabric.refmap.json' for pickupnotifier.fabric.mixins.json could not be read. If this is a development environment you can ignore this message
[21:37:10] [main/WARN]: Reference map 'prickle.refmap.json' for prickle.mixins.json could not be read. If this is a development environment you can ignore this message
[21:37:10] [main/WARN]: Reference map 'prickle.refmap.json' for prickle.fabric.mixins.json could not be read. If this is a development environment you can ignore this message
[21:37:10] [main/WARN]: Reference map 'soul_fire_d.refmap.json' for soul_fire_d.mixins.json could not be read. If this is a development environment you can ignore this message
[21:37:10] [main/WARN]: Reference map 'soul_fire_d.refmap.json' for soul_fire_d.fabric.mixins.json could not be read. If this is a development environment you can ignore this message
[21:37:10] [main/WARN]: Reference map 'supermartijn642configlib.mixins.refmap.json' for supermartijn642configlib.mixins.json could not be read. If this is a development environment you can ignore this message
[21:37:10] [main/WARN]: Reference map 'supermartijn642corelib.mixins.refmap.json' for supermartijn642corelib.mixins.json could not be read. If this is a development environment you can ignore this message
[21:37:10] [main/WARN]: Reference map 'visualworkbench.fabric.refmap.json' for visualworkbench.fabric.mixins.json could not be read. If this is a development environment you can ignore this message
[21:37:10] [main/WARN]: Error loading class: vectorwing/farmersdelight/common/block/StandingCanvasSignBlock (java.lang.ClassNotFoundException: vectorwing/farmersdelight/common/block/StandingCanvasSignBlock)
[21:37:10] [main/WARN]: Error loading class: vectorwing/farmersdelight/common/block/WallCanvasSignBlock (java.lang.ClassNotFoundException: vectorwing/farmersdelight/common/block/WallCanvasSignBlock)
[21:37:10] [main/WARN]: Error loading class: net/mehvahdjukaar/supplementaries/common/entities/SlimeBallEntity (java.lang.ClassNotFoundException: net/mehvahdjukaar/supplementaries/common/entities/SlimeBallEntity)
[21:37:10] [main/WARN]: Error loading class: net/minecraft/class_563 (java.lang.ClassNotFoundException: net/minecraft/class_563)
[21:37:10] [main/WARN]: @Mixin target net.minecraft.class_563 was not found elytradrag.mixins.json:ElytraDragAnimation from mod elytra-drag
[21:37:10] [main/INFO]: Loading Faster Random.
[21:37:10] [main/WARN]: Error loading class: com/electronwill/nightconfig/core/io/IoUtils (java.lang.ClassNotFoundException: com/electronwill/nightconfig/core/io/IoUtils)
[21:37:11] [main/WARN]: Error loading class: net/minecraft/class_525 (java.lang.ClassNotFoundException: net/minecraft/class_525)
[21:37:11] [main/WARN]: @Mixin target net.minecraft.class_525 was not found moonlight.mixins.json:CreateWorldScreenMixin from mod moonlight
[21:37:11] [main/WARN]: Error loading class: sereneseasons/season/RandomUpdateHandler (java.lang.ClassNotFoundException: sereneseasons/season/RandomUpdateHandler)
[21:37:11] [main/WARN]: @Mixin target sereneseasons.season.RandomUpdateHandler was not found snowrealmagic.mixins.json:sereneseasons.RandomUpdateHandlerMixin from mod snowrealmagic
[21:37:11] [main/WARN]: Error loading class: net/minecraft/class_1132 (java.lang.ClassNotFoundException: net/minecraft/class_1132)
[21:37:11] [main/WARN]: @Mixin target net.minecraft.class_1132 was not found zombieawareness.mixins_fabric.json:MixinIntegratedServer from mod zombieawareness
[21:37:11] [main/INFO]: Initializing MixinExtras via com.llamalad7.mixinextras.service.MixinExtrasServiceImpl(version=0.5.0).
[21:37:14] [main/WARN]: Static binding violation: PRIVATE @Overwrite method method_21740 in modernfix-common.mixins.json:perf.remove_biome_temperature_cache.BiomeMixin from mod modernfix cannot reduce visibiliy of PUBLIC target method, visibility will be upgraded.
[21:37:14] [main/WARN]: Method overwrite conflict for method_21740 in modernfix-common.mixins.json:perf.remove_biome_temperature_cache.BiomeMixin from mod modernfix, previously written by net.caffeinemc.mods.lithium.mixin.world.temperature_cache.BiomeMixin. Skipping method.
[21:37:18] [main/INFO]: Vanilla bootstrap took 6624 milliseconds
[21:37:18] [main/ERROR]: No data fixer registered for maid
[21:37:19] [main/INFO]: Loaded config adorablehamsterpets:root in 631ms
[21:37:20] [main/INFO]: Loaded config adorablehamsterpets:main in 268ms
[21:37:20] [main/INFO]: Loaded config adorablehamsterpets:worldgen in 114ms
[21:37:20] [main/ERROR]: No data fixer registered for hamster
[21:37:20] [main/ERROR]: No data fixer registered for hamster_tree_searcher
[21:37:20] [main/INFO]: Registering Mod Criteria for adorablehamsterpets
[21:37:20] [main/INFO]: [BiomeConfig] Parsed 7 tags, 212 includes, 1 exclude IDs, and 3 exclude tags.
[21:37:20] [main/INFO]: [FeatureConfig] Parsed feature generation settings from config.
[21:37:20] [main/INFO]: Parsed all item and biome tag overrides from config.
[21:37:20] [main/INFO]: Registering C2S receiver with id adorablehamsterpets:throw_hamster
[21:37:20] [main/INFO]: Registering C2S receiver with id adorablehamsterpets:update_hamster_render_state
[21:37:20] [main/INFO]: Registering C2S receiver with id adorablehamsterpets:dismount_hamster
[21:37:20] [main/INFO]: Registering C2S receiver with id adorablehamsterpets:request_guidebook
[21:37:20] [main/INFO]: Registering C2S receiver with id adorablehamsterpets:request_hamster_mount
[21:37:20] [main/INFO]: Registering C2S receiver with id adorablehamsterpets:reset_heist_history
[21:37:20] [main/INFO]: Registering C2S receiver with id adorablehamsterpets:request_hamster_ride
[21:37:20] [main/INFO]: Registering C2S receiver with id adorablehamsterpets:hamster_input
[21:37:20] [main/INFO]: Adventure Dungeons Fabric Made by AlexMega
[21:37:20] [main/INFO]: Hello from Common init on Fabric! we are currently in a production environment!
[21:37:20] [main/INFO]: The ID for diamonds is minecraft:diamond
[21:37:20] [main/INFO]: Hello to adventuredungeons
[21:37:20] [main/INFO]: Loaded config amendments-common.json
[21:37:20] [main/INFO]: Hello Fabric world!
[21:37:20] [main/INFO]: Reflections took 51 ms to scan 1 urls, producing 1 keys and 2 values
[21:37:20] [main/INFO]: Reflections took 3 ms to scan 1 urls, producing 1 keys and 2 values
[21:37:20] [main/INFO]: Reflections took 1 ms to scan 1 urls, producing 1 keys and 1 values
[21:37:20] [main/INFO]: Reflections took 2 ms to scan 1 urls, producing 1 keys and 1 values
[21:37:20] [main/INFO]: Reflections took 2 ms to scan 1 urls, producing 1 keys and 3 values
[21:37:20] [main/INFO]: Reflections took 2 ms to scan 1 urls, producing 1 keys and 3 values
[21:37:20] [main/INFO]: Reflections took 0 ms to scan 1 urls, producing 1 keys and 1 values
[21:37:20] [main/INFO]: Reflections took 1 ms to scan 1 urls, producing 1 keys and 1 values
[21:37:20] [main/INFO]: [STDOUT]: Blood N' Particles mod initialized!
[21:37:21] [main/INFO]: Loading Collective version 8.13.
[21:37:21] [main/INFO]: Constructing common components for combatnouveau:main
[21:37:21] [main/INFO]: Dispatching loading event for config combatnouveau-common.toml
[21:37:21] [main/INFO]: fabric loader environment detected
[21:37:21] [main/ERROR]: No data fixer registered for jungle_creeper
[21:37:21] [main/ERROR]: No data fixer registered for bamboo_creeper
[21:37:21] [main/ERROR]: No data fixer registered for desert_creeper
[21:37:21] [main/ERROR]: No data fixer registered for badlands_creeper
[21:37:21] [main/ERROR]: No data fixer registered for hills_creeper
[21:37:21] [main/ERROR]: No data fixer registered for savannah_creeper
[21:37:21] [main/ERROR]: No data fixer registered for mushroom_creeper
[21:37:21] [main/ERROR]: No data fixer registered for swamp_creeper
[21:37:21] [main/ERROR]: No data fixer registered for dripstone_creeper
[21:37:21] [main/ERROR]: No data fixer registered for cave_creeper
[21:37:21] [main/ERROR]: No data fixer registered for dark_oak_creeper
[21:37:21] [main/ERROR]: No data fixer registered for spruce_creeper
[21:37:21] [main/ERROR]: No data fixer registered for beach_creeper
[21:37:21] [main/ERROR]: No data fixer registered for snowy_creeper
[21:37:21] [main/ERROR]: No data fixer registered for ocean_creeper
[21:37:21] [main/ERROR]: No data fixer registered for birch_creeper
[21:37:21] [main/INFO]: Loaded config for: cupboard.json
[21:37:21] [main/INFO]: Constructing common components for diagonalblocks:main
[21:37:21] [main/INFO]: Constructing common components for diagonalfences:main
[21:37:21] [main/INFO]: Constructing shapes for DiagonalFenceBlock[NodeWidth=2.0,ExtensionWidth=2.0,NodeTop=24.0,ExtensionBottom=0.0,ExtensionTop=24.0] took 60ms
[21:37:21] [main/INFO]: Constructing shapes for DiagonalFenceBlock[NodeWidth=2.0,ExtensionWidth=2.0,NodeTop=16.0,ExtensionBottom=0.0,ExtensionTop=16.0] took 53ms
[21:37:21] [main/INFO]: Constructing shapes for DiagonalFenceBlock[NodeWidth=2.0,ExtensionWidth=1.0,NodeTop=16.0,ExtensionBottom=6.0,ExtensionTop=15.0] took 124ms
[21:37:21] [main/INFO]: Constructing common components for diagonalwalls:main
[21:37:21] [main/INFO]: Constructing shapes for DiagonalWallBlock[NodeWidth=0.0,ExtensionWidth=3.0,NodeTop=24.0,ExtensionBottom=0.0,ExtensionTop=24.0] took 31ms
[21:37:21] [main/INFO]: Constructing shapes for DiagonalWallBlock[NodeWidth=0.0,ExtensionWidth=3.0,NodeTop=0.0,ExtensionBottom=0.0,ExtensionTop=14.0] took 129ms
[21:37:22] [main/INFO]: Constructing shapes for DiagonalWallBlock[NodeWidth=4.0,ExtensionWidth=3.0,NodeTop=16.0,ExtensionBottom=0.0,ExtensionTop=14.0] took 126ms
[21:37:22] [main/INFO]: Constructing shapes for DiagonalWallBlock[NodeWidth=4.0,ExtensionWidth=3.0,NodeTop=24.0,ExtensionBottom=0.0,ExtensionTop=24.0] took 30ms
[21:37:22] [main/INFO]: Constructing common components for diagonalwindows:main
[21:37:22] [main/INFO]: Constructing shapes for DiagonalStainedGlassPaneBlock[NodeWidth=1.0,ExtensionWidth=1.0,NodeTop=16.0,ExtensionBottom=0.0,ExtensionTop=16.0] took 18ms
[21:37:22] [main/INFO]: Constructing common components for easyanvils:main
[21:37:22] [main/INFO]: Dispatching loading event for config easyanvils-common.toml
[21:37:22] [main/INFO]: Constructing common components for easymagic:main
[21:37:22] [main/INFO]: Dispatching loading event for config easymagic-common.toml
[21:37:22] [main/INFO]: End Remastered config loaded with success
[21:37:22] [main/INFO]: End Remastered eyes loaded with success
[21:37:22] [main/INFO]: Fabric Shield Lib Initialized!
[21:37:22] [main/INFO]: Loaded config from /workspaces/Server-Minecraft-7/servidor_minecraft/config/pandalib/pandalib_config.json
[21:37:22] [main/INFO]: Loaded config from /workspaces/Server-Minecraft-7/servidor_minecraft/config/fallingtrees/client.json
[21:37:22] [main/INFO]: Loaded config from /workspaces/Server-Minecraft-7/servidor_minecraft/config/fallingtrees/common.json
[21:37:22] [main/INFO]: Registering fallingtrees:generic to ResourceKey[minecraft:root / fallingtrees:tree_registry]
[21:37:22] [main/INFO]: Registering fallingtrees:vertical to ResourceKey[minecraft:root / fallingtrees:tree_registry]
[21:37:22] [main/INFO]: Registering fallingtrees:chorus to ResourceKey[minecraft:root / fallingtrees:tree_registry]
[21:37:22] [main/INFO]: Registering fallingtrees:mushroom to ResourceKey[minecraft:root / fallingtrees:tree_registry]
[21:37:22] [main/INFO]: Registering fallingtrees:tree_fall to ResourceKey[minecraft:root / minecraft:sound_event]
[21:37:22] [main/INFO]: Registering fallingtrees:tree_impact to ResourceKey[minecraft:root / minecraft:sound_event]
[21:37:22] [main/INFO]: Registering fallingtrees:tree to ResourceKey[minecraft:root / minecraft:entity_type]
[21:37:22] [main/INFO]: Registering fallingtrees:block_map to ResourceKey[minecraft:root / pandalib:entity_data_serializers]
[21:37:22] [main/INFO]: Registering fallingtrees:item_list to ResourceKey[minecraft:root / pandalib:entity_data_serializers]
[21:37:22] [main/INFO]: Constructing common components for fastitemframes:main
[21:37:22] [main/INFO]: Constructing common components for illagerinvasion:main
[21:37:22] [main/ERROR]: No data fixer registered for provoker
[21:37:22] [main/ERROR]: No data fixer registered for invoker
[21:37:22] [main/ERROR]: No data fixer registered for necromancer
[21:37:22] [main/ERROR]: No data fixer registered for basher
[21:37:22] [main/ERROR]: No data fixer registered for sorcerer
[21:37:22] [main/ERROR]: No data fixer registered for archivist
[21:37:22] [main/ERROR]: No data fixer registered for inquisitor
[21:37:22] [main/ERROR]: No data fixer registered for marauder
[21:37:22] [main/ERROR]: No data fixer registered for alchemist
[21:37:22] [main/ERROR]: No data fixer registered for firecaller
[21:37:22] [main/ERROR]: No data fixer registered for surrendered
[21:37:22] [main/ERROR]: No data fixer registered for skull_bolt
[21:37:22] [main/ERROR]: No data fixer registered for hatchet
[21:37:22] [main/ERROR]: No data fixer registered for invoker_fangs
[21:37:22] [main/ERROR]: No data fixer registered for flying_magma
[21:37:22] [main/INFO]: Initializing JamLib on Fabric
[21:37:23] [main/INFO]: Compression will use libdeflate (Linux x86_64), encryption will use OpenSSL 3.0.x (Linux x86_64)
[21:37:23] [main/INFO]: Ksyxis: Booting... (platform: Fabric/KFabric, manual: false)
[21:37:23] [main/INFO]: Ksyxis: Ready. As always, this mod will speed up your world loading and might or might not break it. (mixinVersion: 0.8.7, time: 0 ms)
[21:37:23] [main/INFO]: Initialize mod Library Ferret
[21:37:23] [main/INFO]: Initialized mod Library Ferret
[21:37:23] [main/INFO]: Shields up!
[21:37:23] [main/INFO]: Definitely not up to no good
[21:37:23] [main/INFO]: Loaded config moonlight-common.json
[21:37:23] [main/INFO]: Reading config file for no-shield-delay
[21:37:23] [main/INFO]: Enabled: true, Raise Time: 1
[21:37:23] [main/INFO]: Finished Initializing no-shield-delay
[21:37:23] [main/INFO]: Hello Fabric world!
[21:37:23] [main/INFO]: Constructing common components for pickupnotifier:main
[21:37:24] [main/INFO]: Constructing common components for puzzleslib:main
[21:37:24] [main/INFO]: Constructing common components for respawninganimals:main
[21:37:24] [main/INFO]: Updated config file at /workspaces/Server-Minecraft-7/servidor_minecraft/config/rightclickharvest.json5
[21:37:24] [main/INFO]: Initializing Right Click Harvest on FABRIC
[21:37:24] [main/INFO]: Initializing ShieldItems
[21:37:24] [main/INFO]: Trade-Rebalance support is enabled for this version of minecraft.
[21:37:24] [main/INFO]: [Spawn Animations] MidnightLib detected!
[21:37:24] [main/INFO]: [Spawn Animations] Registering server started event ...
[21:37:24] [main/INFO]: [Spawn Animations] Loaded Spawn Animations by Tschipcraft successfully!
[21:37:24] [main/ERROR]: No data fixer registered for fairy
[21:37:24] [main/ERROR]: No data fixer registered for chair
[21:37:24] [main/ERROR]: No data fixer registered for power_point
[21:37:24] [main/ERROR]: No data fixer registered for extinguishing_agent
[21:37:24] [main/ERROR]: No data fixer registered for box
[21:37:24] [main/ERROR]: No data fixer registered for throw_power_point
[21:37:24] [main/ERROR]: No data fixer registered for tombstone
[21:37:24] [main/ERROR]: No data fixer registered for sit
[21:37:24] [main/ERROR]: No data fixer registered for broom
[21:37:24] [main/INFO]: common default pack init start...
[21:37:25] [main/INFO]: common default pack init finished, cost time: 574.45 ms
[21:37:25] [main/INFO]: [STDOUT]: TxniLib onInitialize!
[21:37:25] [main/INFO]: Constructing common components for visualworkbench:main
[21:37:25] [main/INFO]: Dispatching loading event for config visualworkbench-common.toml
[21:37:25] [main/INFO]: Reflections took 4 ms to scan 1 urls, producing 1 keys and 3 values
[21:37:25] [main/INFO]: Reflections took 6 ms to scan 1 urls, producing 1 keys and 3 values
[21:37:25] [main/INFO]: Reflections took 1 ms to scan 1 urls, producing 1 keys and 2 values
[21:37:25] [main/INFO]: Reflections took 1 ms to scan 1 urls, producing 1 keys and 2 values
[21:37:25] [main/ERROR]: No data fixer registered for zombieawareness:scent
[21:37:25] [main/INFO]: Processing 9 KiwiModule annotations
[21:37:25] [main/INFO]: Module [snowrealmagic:diagonalfences] initialized
[21:37:25] [main/INFO]: Module [snowrealmagic:core] initialized
[21:37:25] [main/INFO]: 		block: 11, block_entity_type: 2, loot_pool_entry_type: 1
[21:37:25] [main/INFO]: Module [snowrealmagic:diagonalwalls] initialized
[21:37:25] [main/INFO]: Module [kiwi:data] initialized
[21:37:25] [main/INFO]: 		recipe_serializer: 2
[21:37:25] [main/INFO]: Krypton is now accelerating your Minecraft server's networking stack 🚀
[21:37:25] [main/ERROR]: No data fixer registered for medium_dragon_fireball
[21:37:25] [main/ERROR]: No data fixer registered for medium_fireball
[21:37:25] [main/ERROR]: No data fixer registered for falling_lantern
[21:37:26] [main/INFO]: Initialized block sets in 32ms
[21:37:26] [main/INFO]: Loaded config smarterfarmers-common.json
[21:37:26] [main/INFO]: Loaded config fastpaintings-common.json
[21:37:26] [main/INFO]: Loaded config amendments-client.json
[21:37:26] [main/INFO]: Initialized color sets in 18ms
[21:37:26] [main/ERROR]: Registry 'moonlight:world_saved_data_type' was empty after loading
[21:37:26] [main/ERROR]: Registry 'moonlight:custom_map_data_types' was empty after loading
[21:37:26] [main/INFO]: Environment: Environment[sessionHost=https://sessionserver.mojang.com, servicesHost=https://api.minecraftservices.com, name=PROD]
[21:37:26] [main/INFO]: Found new data pack adorablehamsterpets, loading it automatically
[21:37:26] [main/INFO]: Found new data pack adventuredungeons, loading it automatically
[21:37:26] [main/INFO]: Found new data pack amendments, loading it automatically
[21:37:26] [main/INFO]: Found new data pack amplified_nether, loading it automatically
[21:37:26] [main/INFO]: Found new data pack armorful, loading it automatically
[21:37:26] [main/INFO]: Found new data pack atistructures, loading it automatically
[21:37:26] [main/INFO]: Found new data pack awesomedungeon, loading it automatically
[21:37:26] [main/INFO]: Found new data pack awesomedungeonnether, loading it automatically
[21:37:26] [main/INFO]: Found new data pack awesomedungeonocean, loading it automatically
[21:37:26] [main/INFO]: Found new data pack balm, loading it automatically
[21:37:26] [main/INFO]: Found new data pack betterdeserttemples, loading it automatically
[21:37:26] [main/INFO]: Found new data pack betterfortresses, loading it automatically
[21:37:26] [main/INFO]: Found new data pack betterstrongholds, loading it automatically
[21:37:26] [main/INFO]: Found new data pack bettervillage, loading it automatically
[21:37:26] [main/INFO]: Found new data pack betterwitchhuts, loading it automatically
[21:37:26] [main/INFO]: Found new data pack bloodnparticles, loading it automatically
[21:37:26] [main/INFO]: Found new data pack bookshelf, loading it automatically
[21:37:26] [main/INFO]: Found new data pack boss_music_mod, loading it automatically
[21:37:26] [main/INFO]: Found new data pack collective, loading it automatically
[21:37:26] [main/INFO]: Found new data pack combatnouveau:halved_sweeping_damage, loading it automatically
[21:37:26] [main/INFO]: Found new data pack creeperoverhaul, loading it automatically
[21:37:26] [main/INFO]: Found new data pack diagonalblocks, loading it automatically
[21:37:26] [main/INFO]: Found new data pack easyanvils, loading it automatically
[21:37:26] [main/INFO]: Found new data pack easymagic, loading it automatically
[21:37:26] [main/INFO]: Found new data pack endrem, loading it automatically
[21:37:26] [main/INFO]: Found new data pack epicwitchhuts, loading it automatically
[21:37:26] [main/INFO]: Found new data pack explorations, loading it automatically
[21:37:26] [main/INFO]: Found new data pack fabric, loading it automatically
[21:37:26] [main/INFO]: Found new data pack fabric-convention-tags-v2, loading it automatically
[21:37:26] [main/INFO]: Found new data pack fabricshieldlib, loading it automatically
[21:37:26] [main/INFO]: Found new data pack fastitemframes, loading it automatically
[21:37:26] [main/INFO]: Found new data pack fastpaintings, loading it automatically
[21:37:26] [main/INFO]: Found new data pack fishingreal, loading it automatically
[21:37:26] [main/INFO]: Found new data pack generated/fragmentum_layer, loading it automatically
[21:37:26] [main/INFO]: Found new data pack hopobettermineshaft, loading it automatically
[21:37:26] [main/INFO]: Found new data pack hopobetterruinedportal, loading it automatically
[21:37:26] [main/INFO]: Found new data pack hopobetterunderwaterruins, loading it automatically
[21:37:26] [main/INFO]: Found new data pack illagerinvasion, loading it automatically
[21:37:26] [main/INFO]: Found new data pack imst, loading it automatically
[21:37:26] [main/INFO]: Found new data pack jrftl, loading it automatically
[21:37:26] [main/INFO]: Found new data pack kleeslabs, loading it automatically
[21:37:26] [main/INFO]: Found new data pack libraryferret, loading it automatically
[21:37:26] [main/INFO]: Found new data pack lithostitched, loading it automatically
[21:37:26] [main/INFO]: Found new data pack lootintegrations, loading it automatically
[21:37:26] [main/INFO]: Found new data pack lootintegrations_ati, loading it automatically
[21:37:26] [main/INFO]: Found new data pack lootintegrations_awesome, loading it automatically
[21:37:26] [main/INFO]: Found new data pack lootintegrations_ctov, loading it automatically
[21:37:26] [main/INFO]: Found new data pack lootintegrations_hopo, loading it automatically
[21:37:26] [main/INFO]: Found new data pack lootintegrations_medievalbuildings, loading it automatically
[21:37:26] [main/INFO]: Found new data pack lootintegrations_moog, loading it automatically
[21:37:26] [main/INFO]: Found new data pack lootintegrations_structory, loading it automatically
[21:37:26] [main/INFO]: Found new data pack lootintegrations_vanilla, loading it automatically
[21:37:26] [main/INFO]: Found new data pack lootintegrations_yungs, loading it automatically
[21:37:26] [main/INFO]: Found new data pack lootr, loading it automatically
[21:37:26] [main/INFO]: Found new data pack medieval_nether, loading it automatically
[21:37:26] [main/INFO]: Found new data pack mod/soul_fire_d:datapack/enchantments, loading it automatically
[21:37:26] [main/INFO]: Found new data pack moonlight, loading it automatically
[21:37:26] [main/INFO]: Found new data pack mr_blaze_attackanimation, loading it automatically
[21:37:26] [main/INFO]: Found new data pack mr_deepslatedubble, loading it automatically
[21:37:26] [main/INFO]: Found new data pack mr_dungeons_andtaverns, loading it automatically
[21:37:26] [main/INFO]: Found new data pack mr_edf_remastered, loading it automatically
[21:37:26] [main/INFO]: Found new data pack mr_endercon, loading it automatically
[21:37:26] [main/INFO]: Found new data pack mr_epic_structuresvillages, loading it automatically
[21:37:26] [main/INFO]: Found new data pack mr_lukis_grandcapitals, loading it automatically
[21:37:26] [main/INFO]: Found new data pack mr_mace, loading it automatically
[21:37:26] [main/INFO]: Found new data pack mr_mastercutter, loading it automatically
[21:37:26] [main/INFO]: Found new data pack mr_nice_villagersremastered, loading it automatically
[21:37:26] [main/INFO]: Found new data pack mr_spawn_animationscompats, loading it automatically
[21:37:26] [main/INFO]: Found new data pack mr_tidal_towns, loading it automatically
[21:37:26] [main/INFO]: Found new data pack mr_trek, loading it automatically
[21:37:26] [main/INFO]: Found new data pack mr_true_ending, loading it automatically
[21:37:26] [main/INFO]: Found new data pack mr_vanilla_refresh, loading it automatically
[21:37:26] [main/INFO]: Found new data pack mr_withering_heights, loading it automatically
[21:37:26] [main/INFO]: Found new data pack mss, loading it automatically
[21:37:26] [main/INFO]: Found new data pack mvs, loading it automatically
[21:37:26] [main/INFO]: Found new data pack packedup, loading it automatically
[21:37:26] [main/INFO]: Found new data pack patchouli, loading it automatically
[21:37:26] [main/INFO]: Found new data pack prometheus, loading it automatically
[21:37:26] [main/INFO]: Found new data pack prometheus:campfire_tags, loading it automatically
[21:37:26] [main/INFO]: Found new data pack prometheus:fire_charge_tags, loading it automatically
[21:37:26] [main/INFO]: Found new data pack prometheus:fire_source_tags, loading it automatically
[21:37:26] [main/INFO]: Found new data pack rightclickharvest, loading it automatically
[21:37:26] [main/INFO]: Found new data pack shields, loading it automatically
[21:37:26] [main/INFO]: Found new data pack slimyboyos, loading it automatically
[21:37:26] [main/INFO]: Found new data pack smarterfarmers, loading it automatically
[21:37:26] [main/INFO]: Found new data pack snowrealmagic, loading it automatically
[21:37:26] [main/INFO]: Found new data pack soul_fire_d, loading it automatically
[21:37:26] [main/INFO]: Found new data pack spawnanimations, loading it automatically
[21:37:26] [main/INFO]: Found new data pack structory, loading it automatically
[21:37:26] [main/INFO]: Found new data pack structory_towers, loading it automatically
[21:37:26] [main/INFO]: Found new data pack supermartijn642corelib, loading it automatically
[21:37:26] [main/INFO]: Found new data pack tectonic:tectonic, loading it automatically
[21:37:26] [main/INFO]: Found new data pack terralith, loading it automatically
[21:37:26] [main/INFO]: Found new data pack touhou_little_maid, loading it automatically
[21:37:26] [main/INFO]: Found new data pack vc_gliders, loading it automatically
[21:37:26] [main/INFO]: Found new data pack visualworkbench, loading it automatically
[21:37:26] [main/INFO]: Found new data pack yungsapi, loading it automatically
[21:37:26] [main/INFO]: Found new data pack yungsbridges, loading it automatically
[21:37:26] [Worker-Main-1/INFO]: StructureSet modified for minecraft:village : Now using custom village configuration (can be disabled in the better villages config: boolean.villages.enabled_custom_config).
[21:37:26] [main/INFO]: Data generation for dynamic pack resources provided by 'combatnouveau' took 468ms
[21:37:27] [main/INFO]: Structure placement for `awesomedungeon:abandoned_oak_palace/start_pool`: { spacing: 50, separation: 25, salt: 1694767080, useValueFromConfiguration: true}
[21:37:27] [main/INFO]: Structure placement for `awesomedungeon:better_default_jungle_temple/start_pool`: { spacing: 50, separation: 25, salt: 1654787080, useValueFromConfiguration: true}
[21:37:27] [main/INFO]: Structure placement for `awesomedungeonocean:brigantine/start_pool`: { spacing: 25, separation: 10, salt: 294215156, useValueFromConfiguration: true}
[21:37:27] [main/INFO]: Structure placement for `awesomedungeon:desert_temple_husk/start_pool`: { spacing: 50, separation: 25, salt: 1394767080, useValueFromConfiguration: true}
[21:37:27] [main/INFO]: Structure placement for `awesomedungeonocean:frigate_large/start_pool`: { spacing: 25, separation: 10, salt: 354415156, useValueFromConfiguration: true}
[21:37:27] [main/INFO]: Structure placement for `awesomedungeonocean:frigate_medium/start_pool`: { spacing: 25, separation: 10, salt: 474155156, useValueFromConfiguration: true}
[21:37:27] [main/INFO]: Structure placement for `awesomedungeon:jungle_giant_tree/start_pool`: { spacing: 50, separation: 25, salt: 1494763380, useValueFromConfiguration: true}
[21:37:27] [main/INFO]: Structure placement for `awesomedungeon:mushroom_abandonned/start_pool`: { spacing: 50, separation: 25, salt: 1494227080, useValueFromConfiguration: true}
[21:37:27] [main/INFO]: Structure placement for `awesomedungeonnether:nth_absi_palace/start_pool`: { spacing: 50, separation: 25, salt: 19482856, useValueFromConfiguration: true}
[21:37:27] [main/INFO]: Structure placement for `awesomedungeonnether:nth_accum_quad/start_pool`: { spacing: 50, separation: 25, salt: 28482856, useValueFromConfiguration: true}
[21:37:27] [main/INFO]: Structure placement for `awesomedungeonnether:nth_blaze_tower/start_pool`: { spacing: 50, separation: 25, salt: 37482856, useValueFromConfiguration: true}
[21:37:27] [main/INFO]: Structure placement for `awesomedungeonnether:nth_center_square/start_pool`: { spacing: 50, separation: 25, salt: 46482856, useValueFromConfiguration: true}
[21:37:27] [main/INFO]: Structure placement for `awesomedungeonnether:nth_giant_crimson_tree/start_pool`: { spacing: 50, separation: 25, salt: 55482856, useValueFromConfiguration: true}
[21:37:27] [main/INFO]: Structure placement for `awesomedungeonnether:nth_obsi_house/start_pool`: { spacing: 50, separation: 25, salt: 64482856, useValueFromConfiguration: true}
[21:37:27] [main/INFO]: Structure placement for `awesomedungeonocean:ocean_cage/start_pool`: { spacing: 25, separation: 10, salt: 40842806, useValueFromConfiguration: true}
[21:37:27] [main/INFO]: Structure placement for `awesomedungeonocean:ocean_quad/start_pool`: { spacing: 25, separation: 10, salt: 254835856, useValueFromConfiguration: true}
[21:37:27] [main/INFO]: Structure placement for `awesomedungeonocean:ocean_ruin_pillager/start_pool`: { spacing: 25, separation: 10, salt: 254145856, useValueFromConfiguration: true}
[21:37:27] [main/INFO]: Structure placement for `awesomedungeonocean:ocean_ruin_vanilla_temple/start_pool`: { spacing: 25, separation: 10, salt: 25482856, useValueFromConfiguration: true}
[21:37:27] [main/INFO]: Structure placement for `awesomedungeonocean:ocean_temple_quad/start_pool`: { spacing: 25, separation: 10, salt: 35482856, useValueFromConfiguration: true}
[21:37:27] [main/INFO]: Structure placement for `awesomedungeonocean:ocean_the_column_temple/start_pool`: { spacing: 25, separation: 10, salt: 15482856, useValueFromConfiguration: true}
[21:37:27] [main/INFO]: Structure placement for `awesomedungeonocean:ocean_warn_temple/start_pool`: { spacing: 25, separation: 10, salt: 45482856, useValueFromConfiguration: true}
[21:37:27] [main/INFO]: Structure placement for `awesomedungeon:swamp_big_temple/start_pool`: { spacing: 50, separation: 25, salt: 1594763280, useValueFromConfiguration: true}
[21:37:27] [main/INFO]: Structure placement for `awesomedungeon:the_usine/start_pool`: { spacing: 50, separation: 25, salt: 1694767078, useValueFromConfiguration: true}
[21:37:27] [main/INFO]: Structure placement for `awesomedungeon:t_z_tower/start_pool`: { spacing: 50, separation: 25, salt: 1794767078, useValueFromConfiguration: true}
[21:37:27] [main/INFO]: StructureSet modified for minecraft:village : Now using custom village configuration (can be disabled in the better villages config: boolean.villages.enabled_custom_config).
[21:37:27] [main/INFO]: Structure placement for `awesomedungeon:witch_castle/start_pool`: { spacing: 50, separation: 25, salt: 1894776078, useValueFromConfiguration: true}
[21:37:28] [main/INFO]: No existing world data, creating new world
[21:37:30] [Worker-Main-3/ERROR]: Couldn't read tag list minecraft:village_plains from minecraft:tags/worldgen/biome/village_plains.json in data pack mr_epic_structuresvillages
java.lang.IllegalStateException: Failed to parse either. First: Failed to deserialize object: Missing string key 'type'!; Second: Failed to parse either. First: Not a string: {"id":"regions_unexplored:regions_unexplored:rocky_meadow","required":false}; Second: Not a valid resource location: regions_unexplored:regions_unexplored:rocky_meadow Non [a-z0-9/._-] character in path of location: regions_unexplored:regions_unexplored:rocky_meadow; Failed to parse either. First: Failed to deserialize object: Missing string key 'type'!; Second: Failed to parse either. First: Not a string: {"id":"regions_unexplored:regions_unexplored:shrubland","required":false}; Second: Not a valid resource location: regions_unexplored:regions_unexplored:shrubland Non [a-z0-9/._-] character in path of location: regions_unexplored:regions_unexplored:shrubland
	at knot/com.mojang.serialization.DataResult$Error.getOrThrow(DataResult.java:287) ~[datafixerupper-8.0.16.jar:?]
	at knot/com.mojang.serialization.DataResult.getOrThrow(DataResult.java:81) ~[datafixerupper-8.0.16.jar:?]
	at knot/net.minecraft.class_3503.method_33174(class_3503.java:53) ~[server-intermediary.jar:?]
	at knot/net.minecraft.class_3503.method_33176(class_3503.java:128) ~[server-intermediary.jar:?]
	at knot/net.minecraft.class_3505.method_33181(class_3505.java:46) ~[server-intermediary.jar:?]
	at java.base/java.util.concurrent.CompletableFuture$AsyncSupply.run(CompletableFuture.java:1768) [?:?]
	at java.base/java.util.concurrent.CompletableFuture$AsyncSupply.exec(CompletableFuture.java:1760) [?:?]
	at java.base/java.util.concurrent.ForkJoinTask.doExec(ForkJoinTask.java:387) [?:?]
	at java.base/java.util.concurrent.ForkJoinPool$WorkQueue.topLevelExec(ForkJoinPool.java:1312) [?:?]
	at java.base/java.util.concurrent.ForkJoinPool.scan(ForkJoinPool.java:1843) [?:?]
	at java.base/java.util.concurrent.ForkJoinPool.runWorker(ForkJoinPool.java:1808) [?:?]
	at java.base/java.util.concurrent.ForkJoinWorkerThread.run(ForkJoinWorkerThread.java:188) [?:?]
[21:37:30] [Worker-Main-3/ERROR]: Couldn't read tag list minecraft:village_snowy from minecraft:tags/worldgen/biome/village_snowy.json in data pack mr_epic_structuresvillages
com.google.gson.JsonSyntaxException: com.google.gson.stream.MalformedJsonException: Expected ':' at line 8 column 8 path $.values[3].o
	at knot/com.google.gson.internal.Streams.parse(Streams.java:61) ~[gson-2.10.1.jar:?]
	at knot/com.google.gson.JsonParser.parseReader(JsonParser.java:102) ~[gson-2.10.1.jar:?]
	at knot/com.google.gson.JsonParser.parseReader(JsonParser.java:70) ~[gson-2.10.1.jar:?]
	at knot/net.minecraft.class_3503.method_33174(class_3503.java:51) ~[server-intermediary.jar:?]
	at knot/net.minecraft.class_3503.method_33176(class_3503.java:128) ~[server-intermediary.jar:?]
	at knot/net.minecraft.class_3505.method_33181(class_3505.java:46) ~[server-intermediary.jar:?]
	at java.base/java.util.concurrent.CompletableFuture$AsyncSupply.run(CompletableFuture.java:1768) [?:?]
	at java.base/java.util.concurrent.CompletableFuture$AsyncSupply.exec(CompletableFuture.java:1760) [?:?]
	at java.base/java.util.concurrent.ForkJoinTask.doExec(ForkJoinTask.java:387) [?:?]
	at java.base/java.util.concurrent.ForkJoinPool$WorkQueue.topLevelExec(ForkJoinPool.java:1312) [?:?]
	at java.base/java.util.concurrent.ForkJoinPool.scan(ForkJoinPool.java:1843) [?:?]
	at java.base/java.util.concurrent.ForkJoinPool.runWorker(ForkJoinPool.java:1808) [?:?]
	at java.base/java.util.concurrent.ForkJoinWorkerThread.run(ForkJoinWorkerThread.java:188) [?:?]
Caused by: com.google.gson.stream.MalformedJsonException: Expected ':' at line 8 column 8 path $.values[3].o
	at knot/com.google.gson.stream.JsonReader.syntaxError(JsonReader.java:1659) ~[gson-2.10.1.jar:?]
	at knot/com.google.gson.stream.JsonReader.doPeek(JsonReader.java:539) ~[gson-2.10.1.jar:?]
	at knot/com.google.gson.stream.JsonReader.peek(JsonReader.java:433) ~[gson-2.10.1.jar:?]
	at knot/com.google.gson.internal.bind.TypeAdapters$28.read(TypeAdapters.java:786) ~[gson-2.10.1.jar:?]
	at knot/com.google.gson.internal.bind.TypeAdapters$28.read(TypeAdapters.java:725) ~[gson-2.10.1.jar:?]
	at knot/com.google.gson.internal.Streams.parse(Streams.java:49) ~[gson-2.10.1.jar:?]
	... 12 more
[21:37:31] [main/ERROR]: Parsing error loading recipe master_cutter:metal/copper/waxed_copper_trapdoor_from_stonecutting_3
com.google.gson.JsonParseException: Failed to parse either. First: Input does not contain a key [fabric:type]: MapLike[{"item":"minecraft:waxed_copper"}]; Second: Failed to parse either. First: Not a json array: {"item":"minecraft:waxed_copper"}; Second: No key tag in MapLike[{"item":"minecraft:waxed_copper"}]; Unknown registry key in ResourceKey[minecraft:root / minecraft:item]: minecraft:waxed_copper
	at knot/com.mojang.serialization.DataResult$Error.getOrThrow(DataResult.java:287) ~[datafixerupper-8.0.16.jar:?]
	at knot/net.minecraft.class_1863.method_20705(class_1863.java:62) ~[server-intermediary.jar:?]
	at knot/net.minecraft.class_1863.method_18788(class_1863.java:35) ~[server-intermediary.jar:?]
	at knot/net.minecraft.class_4080.method_18790(class_4080.java:13) ~[server-intermediary.jar:?]
	at java.base/java.util.concurrent.CompletableFuture$UniAccept.tryFire(CompletableFuture.java:718) ~[?:?]
	at java.base/java.util.concurrent.CompletableFuture$Completion.run(CompletableFuture.java:482) ~[?:?]
	at knot/net.minecraft.class_4014.method_18365(class_4014.java:69) ~[server-intermediary.jar:?]
	at knot/net.minecraft.class_156.method_43498(class_156.java:1024) [server-intermediary.jar:?]
	at knot/net.minecraft.class_156.method_43499(class_156.java:1012) [server-intermediary.jar:?]
	at knot/net.minecraft.server.Main.main(Main.java:182) [server-intermediary.jar:?]
	at net.fabricmc.loader.impl.game.minecraft.MinecraftGameProvider.launch(MinecraftGameProvider.java:514) [fabric-loader-0.18.2.jar:?]
	at net.fabricmc.loader.impl.launch.knot.Knot.launch(Knot.java:72) [fabric-loader-0.18.2.jar:?]
	at net.fabricmc.loader.impl.launch.knot.KnotServer.main(KnotServer.java:23) [fabric-loader-0.18.2.jar:?]
	at net.fabricmc.loader.impl.launch.server.FabricServerLauncher.main(FabricServerLauncher.java:69) [fabric-loader-0.18.2.jar:?]
	at net.fabricmc.installer.ServerLauncher.main(ServerLauncher.java:69) [fabric-server-launch.jar:1.0.1]
[21:37:31] [main/INFO]: Loaded 2006 recipes
[21:37:31] [main/ERROR]: Failed to load function spawnanimations:internal/entity/ehs/pehkui/hide
java.util.concurrent.CompletionException: java.lang.IllegalArgumentException: Whilst parsing command on line 4: Unknown or incomplete command, see below for error at position 0: <--[HERE]
	at java.base/java.util.concurrent.CompletableFuture.encodeThrowable(CompletableFuture.java:315) ~[?:?]
	at java.base/java.util.concurrent.CompletableFuture.completeThrowable(CompletableFuture.java:320) ~[?:?]
	at java.base/java.util.concurrent.CompletableFuture$AsyncSupply.run(CompletableFuture.java:1770) ~[?:?]
	at java.base/java.util.concurrent.CompletableFuture$AsyncSupply.exec(CompletableFuture.java:1760) ~[?:?]
	at java.base/java.util.concurrent.ForkJoinTask.doExec(ForkJoinTask.java:387) ~[?:?]
	at java.base/java.util.concurrent.ForkJoinPool$WorkQueue.topLevelExec(ForkJoinPool.java:1312) ~[?:?]
	at java.base/java.util.concurrent.ForkJoinPool.scan(ForkJoinPool.java:1843) ~[?:?]
	at java.base/java.util.concurrent.ForkJoinPool.runWorker(ForkJoinPool.java:1808) ~[?:?]
	at java.base/java.util.concurrent.ForkJoinWorkerThread.run(ForkJoinWorkerThread.java:188) ~[?:?]
Caused by: java.lang.IllegalArgumentException: Whilst parsing command on line 4: Unknown or incomplete command, see below for error at position 0: <--[HERE]
	at knot/net.minecraft.class_2158.method_9195(class_2158.java:80) ~[server-intermediary.jar:?]
	at knot/net.minecraft.class_5349.method_29451(class_5349.java:89) ~[server-intermediary.jar:?]
	at java.base/java.util.concurrent.CompletableFuture$AsyncSupply.run(CompletableFuture.java:1768) ~[?:?]
	... 6 more
[21:37:31] [main/ERROR]: Failed to load function spawnanimations:internal/entity/ehs/pehkui/enderman/hide
java.util.concurrent.CompletionException: java.lang.IllegalArgumentException: Whilst parsing command on line 4: Unknown or incomplete command, see below for error at position 0: <--[HERE]
	at java.base/java.util.concurrent.CompletableFuture.encodeThrowable(CompletableFuture.java:315) ~[?:?]
	at java.base/java.util.concurrent.CompletableFuture.completeThrowable(CompletableFuture.java:320) ~[?:?]
	at java.base/java.util.concurrent.CompletableFuture$AsyncSupply.run(CompletableFuture.java:1770) ~[?:?]
	at java.base/java.util.concurrent.CompletableFuture$AsyncSupply.exec(CompletableFuture.java:1760) ~[?:?]
	at java.base/java.util.concurrent.ForkJoinTask.doExec(ForkJoinTask.java:387) ~[?:?]
	at java.base/java.util.concurrent.ForkJoinPool$WorkQueue.topLevelExec(ForkJoinPool.java:1312) ~[?:?]
	at java.base/java.util.concurrent.ForkJoinPool.scan(ForkJoinPool.java:1843) ~[?:?]
	at java.base/java.util.concurrent.ForkJoinPool.runWorker(ForkJoinPool.java:1808) ~[?:?]
	at java.base/java.util.concurrent.ForkJoinWorkerThread.run(ForkJoinWorkerThread.java:188) ~[?:?]
Caused by: java.lang.IllegalArgumentException: Whilst parsing command on line 4: Unknown or incomplete command, see below for error at position 0: <--[HERE]
	at knot/net.minecraft.class_2158.method_9195(class_2158.java:80) ~[server-intermediary.jar:?]
	at knot/net.minecraft.class_5349.method_29451(class_5349.java:89) ~[server-intermediary.jar:?]
	at java.base/java.util.concurrent.CompletableFuture$AsyncSupply.run(CompletableFuture.java:1768) ~[?:?]
	... 6 more
[21:37:31] [main/ERROR]: Failed to load function spawnanimations:internal/entity/ehs/pehkui/enderman/unhide
java.util.concurrent.CompletionException: java.lang.IllegalArgumentException: Whilst parsing command on line 4: Unknown or incomplete command, see below for error at position 0: <--[HERE]
	at java.base/java.util.concurrent.CompletableFuture.encodeThrowable(CompletableFuture.java:315) ~[?:?]
	at java.base/java.util.concurrent.CompletableFuture.completeThrowable(CompletableFuture.java:320) ~[?:?]
	at java.base/java.util.concurrent.CompletableFuture$AsyncSupply.run(CompletableFuture.java:1770) ~[?:?]
	at java.base/java.util.concurrent.CompletableFuture$AsyncSupply.exec(CompletableFuture.java:1760) ~[?:?]
	at java.base/java.util.concurrent.ForkJoinTask.doExec(ForkJoinTask.java:387) ~[?:?]
	at java.base/java.util.concurrent.ForkJoinPool$WorkQueue.topLevelExec(ForkJoinPool.java:1312) ~[?:?]
	at java.base/java.util.concurrent.ForkJoinPool.scan(ForkJoinPool.java:1843) ~[?:?]
	at java.base/java.util.concurrent.ForkJoinPool.runWorker(ForkJoinPool.java:1808) ~[?:?]
	at java.base/java.util.concurrent.ForkJoinWorkerThread.run(ForkJoinWorkerThread.java:188) ~[?:?]
Caused by: java.lang.IllegalArgumentException: Whilst parsing command on line 4: Unknown or incomplete command, see below for error at position 0: <--[HERE]
	at knot/net.minecraft.class_2158.method_9195(class_2158.java:80) ~[server-intermediary.jar:?]
	at knot/net.minecraft.class_5349.method_29451(class_5349.java:89) ~[server-intermediary.jar:?]
	at java.base/java.util.concurrent.CompletableFuture$AsyncSupply.run(CompletableFuture.java:1768) ~[?:?]
	... 6 more
[21:37:31] [main/ERROR]: Failed to load function spawnanimations:internal/entity/ehs/pehkui/check_installed
java.util.concurrent.CompletionException: java.lang.IllegalArgumentException: Whilst parsing command on line 4: Unknown or incomplete command, see below for error at position 0: <--[HERE]
	at java.base/java.util.concurrent.CompletableFuture.encodeThrowable(CompletableFuture.java:315) ~[?:?]
	at java.base/java.util.concurrent.CompletableFuture.completeThrowable(CompletableFuture.java:320) ~[?:?]
	at java.base/java.util.concurrent.CompletableFuture$AsyncSupply.run(CompletableFuture.java:1770) ~[?:?]
	at java.base/java.util.concurrent.CompletableFuture$AsyncSupply.exec(CompletableFuture.java:1760) ~[?:?]
	at java.base/java.util.concurrent.ForkJoinTask.doExec(ForkJoinTask.java:387) ~[?:?]
	at java.base/java.util.concurrent.ForkJoinPool$WorkQueue.topLevelExec(ForkJoinPool.java:1312) ~[?:?]
	at java.base/java.util.concurrent.ForkJoinPool.scan(ForkJoinPool.java:1843) ~[?:?]
	at java.base/java.util.concurrent.ForkJoinPool.runWorker(ForkJoinPool.java:1808) ~[?:?]
	at java.base/java.util.concurrent.ForkJoinWorkerThread.run(ForkJoinWorkerThread.java:188) ~[?:?]
Caused by: java.lang.IllegalArgumentException: Whilst parsing command on line 4: Unknown or incomplete command, see below for error at position 0: <--[HERE]
	at knot/net.minecraft.class_2158.method_9195(class_2158.java:80) ~[server-intermediary.jar:?]
	at knot/net.minecraft.class_5349.method_29451(class_5349.java:89) ~[server-intermediary.jar:?]
	at java.base/java.util.concurrent.CompletableFuture$AsyncSupply.run(CompletableFuture.java:1768) ~[?:?]
	... 6 more
[21:37:31] [main/ERROR]: Failed to load function spawnanimations:internal/entity/ehs/pehkui/unhide
java.util.concurrent.CompletionException: java.lang.IllegalArgumentException: Whilst parsing command on line 4: Unknown or incomplete command, see below for error at position 0: <--[HERE]
	at java.base/java.util.concurrent.CompletableFuture.encodeThrowable(CompletableFuture.java:315) ~[?:?]
	at java.base/java.util.concurrent.CompletableFuture.completeThrowable(CompletableFuture.java:320) ~[?:?]
	at java.base/java.util.concurrent.CompletableFuture$AsyncSupply.run(CompletableFuture.java:1770) ~[?:?]
	at java.base/java.util.concurrent.CompletableFuture$AsyncSupply.exec(CompletableFuture.java:1760) ~[?:?]
	at java.base/java.util.concurrent.ForkJoinTask.doExec(ForkJoinTask.java:387) ~[?:?]
	at java.base/java.util.concurrent.ForkJoinPool$WorkQueue.topLevelExec(ForkJoinPool.java:1312) ~[?:?]
	at java.base/java.util.concurrent.ForkJoinPool.scan(ForkJoinPool.java:1843) ~[?:?]
	at java.base/java.util.concurrent.ForkJoinPool.runWorker(ForkJoinPool.java:1808) ~[?:?]
	at java.base/java.util.concurrent.ForkJoinWorkerThread.run(ForkJoinWorkerThread.java:188) ~[?:?]
Caused by: java.lang.IllegalArgumentException: Whilst parsing command on line 4: Unknown or incomplete command, see below for error at position 0: <--[HERE]
	at knot/net.minecraft.class_2158.method_9195(class_2158.java:80) ~[server-intermediary.jar:?]
	at knot/net.minecraft.class_5349.method_29451(class_5349.java:89) ~[server-intermediary.jar:?]
	at java.base/java.util.concurrent.CompletableFuture$AsyncSupply.run(CompletableFuture.java:1768) ~[?:?]
	... 6 more
[21:37:31] [main/ERROR]: Parsing error loading custom advancement jrftl:unlock_hardmode_smelting: Failed to get element jrftl:prepared_flesh missed input: {"have_rotten_flesh":{"trigger":"minecraft:inventory_changed","conditions":{"items":[{"items":["jrftl:prepared_flesh"]}]}}}
[21:37:31] [main/ERROR]: Couldn't load advancements: [minecraft:wander_add_map, minecraft:give_quest_trader_trade]
[21:37:31] [main/INFO]: Loaded 2003 advancements
[21:37:31] [main/INFO]: Loaded 4 fish conversions
[21:37:31] [main/ERROR]: Slab minecraft:pale_oak_slab could not be found.
[21:37:31] [main/ERROR]: Slab minecraft:resin_brick_slab could not be found.
[21:37:31] [main/INFO]: Loaded config for: lootintegrations.json
[21:37:31] [main/INFO]: Failed to load custom color set definition {"id":"quark:rune","colors":{"default":"quark:blank_rune"},"replace":false}. Ignoring
[21:37:31] [main/INFO]: Failed to load custom color set definition {"id":"suppsquared:sack","colors":{"default":"supplementaries:sack"},"replace":false}. Ignoring
[21:37:31] [main/INFO]: Failed to load custom color set definition {"id":"quark:shard","colors":{"default":"quark:clear_shard"},"replace":false}. Ignoring
[21:37:31] [main/WARN]: Not all defined tags for registry ResourceKey[minecraft:root / minecraft:block] are present in data pack: imst:fossil/rottable
[21:37:31] [main/WARN]: Not all defined tags for registry ResourceKey[minecraft:root / minecraft:worldgen/biome] are present in data pack: c:primary_wood_type/cherry, c:primary_wood_type/crimson, c:primary_wood_type/mangrove
[21:37:31] [main/WARN]: Initial datapack load took 5.392 s
[21:37:32] [main/INFO]: Applied 1074 biome modifications to 163 of 163 new biomes in 47.71 ms
[21:37:32] [Server thread/INFO]: Dispatching loading event for config combatnouveau-server.toml
[21:37:32] [Server thread/INFO]: Dispatching loading event for config easyanvils-server.toml
[21:37:32] [Server thread/INFO]: Dispatching loading event for config easymagic-server.toml
[21:37:32] [Server thread/INFO]: Dispatching loading event for config illagerinvasion-server.toml
[21:37:32] [Server thread/INFO]: Dispatching loading event for config pickupnotifier/pickupnotifier-server.toml
[21:37:32] [Server thread/INFO]: Config 'explorations.json' was successfully loaded.
[21:37:32] [Server thread/INFO]: Added statues to vanilla villages
[21:37:32] [Server thread/INFO]: [Grind Enchantments] Reading server config.
[21:37:32] [Server thread/INFO]: Starting minecraft server version 1.21.1
[21:37:32] [Server thread/INFO]: Loading properties
[21:37:32] [Server thread/INFO]: Default game type: SURVIVAL
[21:37:32] [Server thread/INFO]: Generating keypair
[21:37:32] [Server thread/INFO]: Starting Minecraft server on *:25565
[21:37:32] [Server thread/INFO]: Using epoll channel type
[21:37:32] [Server thread/WARN]: **** SERVER IS RUNNING IN OFFLINE/INSECURE MODE!
[21:37:32] [Server thread/WARN]: The server will make no attempt to authenticate usernames. Beware.
[21:37:32] [Server thread/WARN]: While this makes the game possible to play without internet access, it also opens up the ability for hackers to connect with any username they choose.
[21:37:32] [Server thread/WARN]: To change this, set "online-mode" to "true" in the server.properties file.
[21:37:32] [Server thread/INFO]: Preparing level "world"
[21:37:33] [Server thread/WARN]: Method overwrite conflict for removeIf in modernfix-common.mixins.json:bugfix.paper_chunk_patches.SortedArraySetMixin from mod modernfix, previously written by net.caffeinemc.mods.lithium.mixin.collections.chunk_tickets.SortedArraySetMixin. Skipping method.
[21:38:39] [Server thread/INFO]: Ksyxis: Hey. This is Ksyxis. We will now load the world and will try to do it quickly. If the game is not responding after this, it's probably us to blame or delete for good. This message appears always, even if the mod works flawlessly. (injector: modern, ci: CallbackInfo[TYPE=CallbackInfo,NAME=method_3774,CANCELLABLE=false], server: net.minecraft.class_3176@16402cba)
[21:38:39] [Server thread/INFO]: Preparing start region for dimension minecraft:overworld
[21:38:39] [Server thread/INFO]: Time elapsed: 2 ms
[21:38:39] [Server thread/INFO]: Done (66.757s)! For help, type "help"
[21:38:39] [Server thread/WARN]: Dedicated server took 92.36 seconds to load
[21:38:39] [Server thread/INFO]: Loaded config for: logprot.json
[21:38:39] [Server thread/INFO]: [Spawn Animations] Sending global config to world ...
[21:38:39] [Server thread/INFO]: Created new objective [ts.sa.settings]
[21:38:39] [Server thread/INFO]: Set [ts.sa.settings] for $activation_dist to 20
[21:38:39] [Server thread/INFO]: Changing maximum value for minecraft:generic.armor from 30.0 to 1000000.0.
[21:38:39] [Server thread/INFO]: Changing maximum value for minecraft:generic.armor_toughness from 20.0 to 1000000.0.
[21:38:39] [Server thread/INFO]: Changing maximum value for minecraft:generic.attack_damage from 2048.0 to 1000000.0.
[21:38:39] [Server thread/INFO]: Changing maximum value for minecraft:generic.attack_knockback from 5.0 to 1000000.0.
[21:38:39] [Server thread/INFO]: Changing maximum value for minecraft:generic.max_health from 1024.0 to 1000000.0.
[21:40:53] [Netty Epoll Server IO #3/INFO]: [STDOUT]: {"pandalib:pandalib_config#debugging.0": false, "pandalib:pandalib_config#configHotReloadDelay.1": 1000, "pandalib:pandalib_config#enableConfigHotReload.2": false}
[21:40:53] [Netty Epoll Server IO #3/INFO]: [STDOUT]: {"fallingtrees:client#miningShould.0": CHOP_TREE, "fallingtrees:client#miningWhileCrouchingShould.1": MINE_SINGLE_BLOCK}
[21:41:07] [Server thread/INFO]: [STDOUT]: Lithium Cached BlockState Flags are disabled!
[21:41:07] [Server thread/INFO]: Qirell[/127.230.107.69:36205] logged in with entity id 8 at (-8.5, 74.0, -1.5)
[21:41:07] [Server thread/INFO]: Qirell <Overworld> joined the game
[21:41:07] [Server thread/INFO]: Gave 'Hamster Tips' guide book to player Qirell.
[21:41:07] [Server thread/WARN]: Can't keep up! Is the server overloaded? Running 2681ms or 53 ticks behind
[21:41:15] [Worker-Main-4/WARN]: Skipped emitting ENTITY_MOUNT game event for entity class_1428['Chicken'/34, l='ServerLevel[world]', x=-24.51, y=66.00, z=37.51] as it would cause deadlock
[21:41:21] [Server thread/INFO]: Nothing changed. The player already is an operator
[21:41:23] [Server thread/WARN]: Skipped emitting ENTITY_MOUNT game event for entity class_1428['Chicken'/199, l='ServerLevel[world]', x=-24.51, y=66.00, z=37.51] as it would cause deadlock
[21:42:18] [Server thread/INFO]: [Chunky] Task running for minecraft:overworld. Processed: 17 chunks (0.40%), ETA: 1:58:03, Rate: 0.6 cps, Current: 4, 1
[21:42:18] [Worker-Main-2/WARN]: Empty height range: [30 absolute-20 absolute]
[21:42:31] [Worker-Main-5/ERROR]: Failed to parse either. First: Failed to parse either. First: Not a string: null; Second: Not a json array: null; Second: Not a JSON object: null; Failed to parse either. First: Failed to parse either. First: Not a string: null; Second: Not a json array: null; Second: Not a JSON object: null; Failed to parse either. First: Failed to parse either. First: Not a string: null; Second: Not a json array: null; Second: Not a JSON object: null; Failed to parse either. First: Failed to parse either. First: Not a string: null; Second: Not a json array: null; Second: Not a JSON object: null; Input is not a list of 4 elements
[21:42:31] [Worker-Main-5/ERROR]: Failed to parse either. First: Failed to parse either. First: Not a string: null; Second: Not a json array: null; Second: Not a JSON object: null; Failed to parse either. First: Failed to parse either. First: Not a string: null; Second: Not a json array: null; Second: Not a JSON object: null; Failed to parse either. First: Failed to parse either. First: Not a string: null; Second: Not a json array: null; Second: Not a JSON object: null; Failed to parse either. First: Failed to parse either. First: Not a string: null; Second: Not a json array: null; Second: Not a JSON object: null; Input is not a list of 4 elements
[21:42:33] [Server thread/INFO]: [Chunky] Task running for minecraft:overworld. Processed: 67 chunks (1.59%), ETA: 0:21:05, Rate: 3.3 cps, Current: 9, 1
[21:42:34] [Server thread/INFO]: [Chunky] Task running for minecraft:overworld. Processed: 91 chunks (2.15%), ETA: 0:15:11, Rate: 4.5 cps, Current: 13, 0
[21:42:37] [Server thread/INFO]: [Chunky] Task running for minecraft:overworld. Processed: 113 chunks (2.67%), ETA: 0:13:37, Rate: 5.0 cps, Current: 9, 4
[21:42:39] [Server thread/INFO]: [Chunky] Task running for minecraft:overworld. Processed: 119 chunks (2.82%), ETA: 0:13:56, Rate: 4.9 cps, Current: 15, 4
[21:42:44] [Server thread/INFO]: [Chunky] Task running for minecraft:overworld. Processed: 127 chunks (3.01%), ETA: 0:16:03, Rate: 4.3 cps, Current: 14, 7
[21:42:47] [Server thread/INFO]: [Chunky] Task running for minecraft:overworld. Processed: 129 chunks (3.05%), ETA: 0:17:59, Rate: 3.8 cps, Current: 9, 8
[21:42:50] [Server thread/INFO]: [Chunky] Task running for minecraft:overworld. Processed: 130 chunks (3.08%), ETA: 0:18:17, Rate: 3.7 cps, Current: 11, 9
[21:42:50] [Worker-Main-4/ERROR]: Failed to parse either. First: Failed to parse either. First: Not a string: null; Second: Not a json array: null; Second: Not a JSON object: null; Failed to parse either. First: Failed to parse either. First: Not a string: null; Second: Not a json array: null; Second: Not a JSON object: null; Failed to parse either. First: Failed to parse either. First: Not a string: null; Second: Not a json array: null; Second: Not a JSON object: null; Failed to parse either. First: Failed to parse either. First: Not a string: null; Second: Not a json array: null; Second: Not a JSON object: null; Input is not a list of 4 elements
[21:42:50] [Worker-Main-4/ERROR]: Failed to parse either. First: Failed to parse either. First: Not a string: null; Second: Not a json array: null; Second: Not a JSON object: null; Failed to parse either. First: Failed to parse either. First: Not a string: null; Second: Not a json array: null; Second: Not a JSON object: null; Failed to parse either. First: Failed to parse either. First: Not a string: null; Second: Not a json array: null; Second: Not a JSON object: null; Failed to parse either. First: Failed to parse either. First: Not a string: null; Second: Not a json array: null; Second: Not a JSON object: null; Input is not a list of 4 elements
[21:42:50] [Worker-Main-4/ERROR]: Failed to parse either. First: Failed to parse either. First: Not a string: null; Second: Not a json array: null; Second: Not a JSON object: null; Failed to parse either. First: Failed to parse either. First: Not a string: null; Second: Not a json array: null; Second: Not a JSON object: null; Failed to parse either. First: Failed to parse either. First: Not a string: null; Second: Not a json array: null; Second: Not a JSON object: null; Failed to parse either. First: Failed to parse either. First: Not a string: null; Second: Not a json array: null; Second: Not a JSON object: null; Input is not a list of 4 elements
[21:42:50] [Worker-Main-4/ERROR]: Failed to parse either. First: Failed to parse either. First: Not a string: null; Second: Not a json array: null; Second: Not a JSON object: null; Failed to parse either. First: Failed to parse either. First: Not a string: null; Second: Not a json array: null; Second: Not a JSON object: null; Failed to parse either. First: Failed to parse either. First: Not a string: null; Second: Not a json array: null; Second: Not a JSON object: null; Failed to parse either. First: Failed to parse either. First: Not a string: null; Second: Not a json array: null; Second: Not a JSON object: null; Input is not a list of 4 elements
[21:42:50] [Worker-Main-4/ERROR]: Failed to parse either. First: Failed to parse either. First: Not a string: null; Second: Not a json array: null; Second: Not a JSON object: null; Failed to parse either. First: Failed to parse either. First: Not a string: null; Second: Not a json array: null; Second: Not a JSON object: null; Failed to parse either. First: Failed to parse either. First: Not a string: null; Second: Not a json array: null; Second: Not a JSON object: null; Failed to parse either. First: Failed to parse either. First: Not a string: null; Second: Not a json array: null; Second: Not a JSON object: null; Input is not a list of 4 elements
[21:42:50] [Worker-Main-4/ERROR]: Failed to parse either. First: Failed to parse either. First: Not a string: null; Second: Not a json array: null; Second: Not a JSON object: null; Failed to parse either. First: Failed to parse either. First: Not a string: null; Second: Not a json array: null; Second: Not a JSON object: null; Failed to parse either. First: Failed to parse either. First: Not a string: null; Second: Not a json array: null; Second: Not a JSON object: null; Failed to parse either. First: Failed to parse either. First: Not a string: null; Second: Not a json array: null; Second: Not a JSON object: null; Input is not a list of 4 elements
[21:42:50] [Worker-Main-4/ERROR]: Failed to parse either. First: Failed to parse either. First: Not a string: null; Second: Not a json array: null; Second: Not a JSON object: null; Failed to parse either. First: Failed to parse either. First: Not a string: null; Second: Not a json array: null; Second: Not a JSON object: null; Failed to parse either. First: Failed to parse either. First: Not a string: null; Second: Not a json array: null; Second: Not a JSON object: null; Failed to parse either. First: Failed to parse either. First: Not a string: null; Second: Not a json array: null; Second: Not a JSON object: null; Input is not a list of 4 elements
[21:42:50] [Worker-Main-4/ERROR]: Failed to parse either. First: Failed to parse either. First: Not a string: null; Second: Not a json array: null; Second: Not a JSON object: null; Failed to parse either. First: Failed to parse either. First: Not a string: null; Second: Not a json array: null; Second: Not a JSON object: null; Failed to parse either. First: Failed to parse either. First: Not a string: null; Second: Not a json array: null; Second: Not a JSON object: null; Failed to parse either. First: Failed to parse either. First: Not a string: null; Second: Not a json array: null; Second: Not a JSON object: null; Input is not a list of 4 elements
[21:42:50] [Worker-Main-4/ERROR]: Failed to parse either. First: Failed to parse either. First: Not a string: null; Second: Not a json array: null; Second: Not a JSON object: null; Failed to parse either. First: Failed to parse either. First: Not a string: null; Second: Not a json array: null; Second: Not a JSON object: null; Failed to parse either. First: Failed to parse either. First: Not a string: null; Second: Not a json array: null; Second: Not a JSON object: null; Failed to parse either. First: Failed to parse either. First: Not a string: null; Second: Not a json array: null; Second: Not a JSON object: null; Input is not a list of 4 elements
[21:42:50] [Worker-Main-4/ERROR]: Failed to parse either. First: Failed to parse either. First: Not a string: null; Second: Not a json array: null; Second: Not a JSON object: null; Failed to parse either. First: Failed to parse either. First: Not a string: null; Second: Not a json array: null; Second: Not a JSON object: null; Failed to parse either. First: Failed to parse either. First: Not a string: null; Second: Not a json array: null; Second: Not a JSON object: null; Failed to parse either. First: Failed to parse either. First: Not a string: null; Second: Not a json array: null; Second: Not a JSON object: null; Input is not a list of 4 elements
[21:42:50] [Worker-Main-4/ERROR]: Failed to parse either. First: Failed to parse either. First: Not a string: null; Second: Not a json array: null; Second: Not a JSON object: null; Failed to parse either. First: Failed to parse either. First: Not a string: null; Second: Not a json array: null; Second: Not a JSON object: null; Failed to parse either. First: Failed to parse either. First: Not a string: null; Second: Not a json array: null; Second: Not a JSON object: null; Failed to parse either. First: Failed to parse either. First: Not a string: null; Second: Not a json array: null; Second: Not a JSON object: null; Input is not a list of 4 elements
[21:42:50] [Worker-Main-4/ERROR]: Failed to parse either. First: Failed to parse either. First: Not a string: null; Second: Not a json array: null; Second: Not a JSON object: null; Failed to parse either. First: Failed to parse either. First: Not a string: null; Second: Not a json array: null; Second: Not a JSON object: null; Failed to parse either. First: Failed to parse either. First: Not a string: null; Second: Not a json array: null; Second: Not a JSON object: null; Failed to parse either. First: Failed to parse either. First: Not a string: null; Second: Not a json array: null; Second: Not a JSON object: null; Input is not a list of 4 elements
[21:42:51] [Server thread/INFO]: [Chunky] Task running for minecraft:overworld. Processed: 137 chunks (3.24%), ETA: 0:17:25, Rate: 3.9 cps, Current: 12, 8
[21:42:52] [Worker-Main-4/ERROR]: Failed to parse either. First: Failed to parse either. First: Not a string: null; Second: Not a json array: null; Second: Not a JSON object: null; Failed to parse either. First: Failed to parse either. First: Not a string: null; Second: Not a json array: null; Second: Not a JSON object: null; Failed to parse either. First: Failed to parse either. First: Not a string: null; Second: Not a json array: null; Second: Not a JSON object: null; Failed to parse either. First: Failed to parse either. First: Not a string: null; Second: Not a json array: null; Second: Not a JSON object: null; Input is not a list of 4 elements
[21:42:52] [Worker-Main-4/ERROR]: Failed to parse either. First: Failed to parse either. First: Not a string: null; Second: Not a json array: null; Second: Not a JSON object: null; Failed to parse either. First: Failed to parse either. First: Not a string: null; Second: Not a json array: null; Second: Not a JSON object: null; Failed to parse either. First: Failed to parse either. First: Not a string: null; Second: Not a json array: null; Second: Not a JSON object: null; Failed to parse either. First: Failed to parse either. First: Not a string: null; Second: Not a json array: null; Second: Not a JSON object: null; Input is not a list of 4 elements
[21:42:52] [Worker-Main-4/ERROR]: Failed to parse either. First: Failed to parse either. First: Not a string: null; Second: Not a json array: null; Second: Not a JSON object: null; Failed to parse either. First: Failed to parse either. First: Not a string: null; Second: Not a json array: null; Second: Not a JSON object: null; Failed to parse either. First: Failed to parse either. First: Not a string: null; Second: Not a json array: null; Second: Not a JSON object: null; Failed to parse either. First: Failed to parse either. First: Not a string: null; Second: Not a json array: null; Second: Not a JSON object: null; Input is not a list of 4 elements
[21:42:52] [Worker-Main-4/ERROR]: Failed to parse either. First: Failed to parse either. First: Not a string: null; Second: Not a json array: null; Second: Not a JSON object: null; Failed to parse either. First: Failed to parse either. First: Not a string: null; Second: Not a json array: null; Second: Not a JSON object: null; Failed to parse either. First: Failed to parse either. First: Not a string: null; Second: Not a json array: null; Second: Not a JSON object: null; Failed to parse either. First: Failed to parse either. First: Not a string: null; Second: Not a json array: null; Second: Not a JSON object: null; Input is not a list of 4 elements
[21:42:52] [Worker-Main-4/ERROR]: Failed to parse either. First: Failed to parse either. First: Not a string: null; Second: Not a json array: null; Second: Not a JSON object: null; Failed to parse either. First: Failed to parse either. First: Not a string: null; Second: Not a json array: null; Second: Not a JSON object: null; Failed to parse either. First: Failed to parse either. First: Not a string: null; Second: Not a json array: null; Second: Not a JSON object: null; Failed to parse either. First: Failed to parse either. First: Not a string: null; Second: Not a json array: null; Second: Not a JSON object: null; Input is not a list of 4 elements
[21:42:52] [Worker-Main-4/ERROR]: Failed to parse either. First: Failed to parse either. First: Not a string: null; Second: Not a json array: null; Second: Not a JSON object: null; Failed to parse either. First: Failed to parse either. First: Not a string: null; Second: Not a json array: null; Second: Not a JSON object: null; Failed to parse either. First: Failed to parse either. First: Not a string: null; Second: Not a json array: null; Second: Not a JSON object: null; Failed to parse either. First: Failed to parse either. First: Not a string: null; Second: Not a json array: null; Second: Not a JSON object: null; Input is not a list of 4 elements
[21:42:52] [Worker-Main-4/ERROR]: Failed to parse either. First: Failed to parse either. First: Not a string: null; Second: Not a json array: null; Second: Not a JSON object: null; Failed to parse either. First: Failed to parse either. First: Not a string: null; Second: Not a json array: null; Second: Not a JSON object: null; Failed to parse either. First: Failed to parse either. First: Not a string: null; Second: Not a json array: null; Second: Not a JSON object: null; Failed to parse either. First: Failed to parse either. First: Not a string: null; Second: Not a json array: null; Second: Not a JSON object: null; Input is not a list of 4 elements
[21:42:52] [Worker-Main-4/ERROR]: Failed to parse either. First: Failed to parse either. First: Not a string: null; Second: Not a json array: null; Second: Not a JSON object: null; Failed to parse either. First: Failed to parse either. First: Not a string: null; Second: Not a json array: null; Second: Not a JSON object: null; Failed to parse either. First: Failed to parse either. First: Not a string: null; Second: Not a json array: null; Second: Not a JSON object: null; Failed to parse either. First: Failed to parse either. First: Not a string: null; Second: Not a json array: null; Second: Not a JSON object: null; Input is not a list of 4 elements
[21:42:52] [Worker-Main-4/ERROR]: Failed to parse either. First: Failed to parse either. First: Not a string: null; Second: Not a json array: null; Second: Not a JSON object: null; Failed to parse either. First: Failed to parse either. First: Not a string: null; Second: Not a json array: null; Second: Not a JSON object: null; Failed to parse either. First: Failed to parse either. First: Not a string: null; Second: Not a json array: null; Second: Not a JSON object: null; Failed to parse either. First: Failed to parse either. First: Not a string: null; Second: Not a json array: null; Second: Not a JSON object: null; Input is not a list of 4 elements
[21:42:52] [Worker-Main-4/ERROR]: Failed to parse either. First: Failed to parse either. First: Not a string: null; Second: Not a json array: null; Second: Not a JSON object: null; Failed to parse either. First: Failed to parse either. First: Not a string: null; Second: Not a json array: null; Second: Not a JSON object: null; Failed to parse either. First: Failed to parse either. First: Not a string: null; Second: Not a json array: null; Second: Not a JSON object: null; Failed to parse either. First: Failed to parse either. First: Not a string: null; Second: Not a json array: null; Second: Not a JSON object: null; Input is not a list of 4 elements
[21:42:52] [Server thread/INFO]: [Chunky] Task running for minecraft:overworld. Processed: 148 chunks (3.50%), ETA: 0:15:52, Rate: 4.3 cps, Current: 11, 10
[21:42:52] [Worker-Main-4/ERROR]: Failed to parse either. First: Failed to parse either. First: Not a string: null; Second: Not a json array: null; Second: Not a JSON object: null; Failed to parse either. First: Failed to parse either. First: Not a string: null; Second: Not a json array: null; Second: Not a JSON object: null; Failed to parse either. First: Failed to parse either. First: Not a string: null; Second: Not a json array: null; Second: Not a JSON object: null; Failed to parse either. First: Failed to parse either. First: Not a string: null; Second: Not a json array: null; Second: Not a JSON object: null; Input is not a list of 4 elements
[21:42:52] [Worker-Main-4/ERROR]: Failed to parse either. First: Failed to parse either. First: Not a string: null; Second: Not a json array: null; Second: Not a JSON object: null; Failed to parse either. First: Failed to parse either. First: Not a string: null; Second: Not a json array: null; Second: Not a JSON object: null; Failed to parse either. First: Failed to parse either. First: Not a string: null; Second: Not a json array: null; Second: Not a JSON object: null; Failed to parse either. First: Failed to parse either. First: Not a string: null; Second: Not a json array: null; Second: Not a JSON object: null; Input is not a list of 4 elements
[21:42:52] [Worker-Main-4/ERROR]: Failed to parse either. First: Failed to parse either. First: Not a string: null; Second: Not a json array: null; Second: Not a JSON object: null; Failed to parse either. First: Failed to parse either. First: Not a string: null; Second: Not a json array: null; Second: Not a JSON object: null; Failed to parse either. First: Failed to parse either. First: Not a string: null; Second: Not a json array: null; Second: Not a JSON object: null; Failed to parse either. First: Failed to parse either. First: Not a string: null; Second: Not a json array: null; Second: Not a JSON object: null; Input is not a list of 4 elements
[21:42:52] [Worker-Main-4/ERROR]: Failed to parse either. First: Failed to parse either. First: Not a string: null; Second: Not a json array: null; Second: Not a JSON object: null; Failed to parse either. First: Failed to parse either. First: Not a string: null; Second: Not a json array: null; Second: Not a JSON object: null; Failed to parse either. First: Failed to parse either. First: Not a string: null; Second: Not a json array: null; Second: Not a JSON object: null; Failed to parse either. First: Failed to parse either. First: Not a string: null; Second: Not a json array: null; Second: Not a JSON object: null; Input is not a list of 4 elements
[21:42:52] [Worker-Main-4/ERROR]: Failed to parse either. First: Failed to parse either. First: Not a string: null; Second: Not a json array: null; Second: Not a JSON object: null; Failed to parse either. First: Failed to parse either. First: Not a string: null; Second: Not a json array: null; Second: Not a JSON object: null; Failed to parse either. First: Failed to parse either. First: Not a string: null; Second: Not a json array: null; Second: Not a JSON object: null; Failed to parse either. First: Failed to parse either. First: Not a string: null; Second: Not a json array: null; Second: Not a JSON object: null; Input is not a list of 4 elements
[21:42:52] [Worker-Main-4/ERROR]: Failed to parse either. First: Failed to parse either. First: Not a string: null; Second: Not a json array: null; Second: Not a JSON object: null; Failed to parse either. First: Failed to parse either. First: Not a string: null; Second: Not a json array: null; Second: Not a JSON object: null; Failed to parse either. First: Failed to parse either. First: Not a string: null; Second: Not a json array: null; Second: Not a JSON object: null; Failed to parse either. First: Failed to parse either. First: Not a string: null; Second: Not a json array: null; Second: Not a JSON object: null; Input is not a list of 4 elements
[21:42:52] [Worker-Main-4/ERROR]: Failed to parse either. First: Failed to parse either. First: Not a string: null; Second: Not a json array: null; Second: Not a JSON object: null; Failed to parse either. First: Failed to parse either. First: Not a string: null; Second: Not a json array: null; Second: Not a JSON object: null; Failed to parse either. First: Failed to parse either. First: Not a string: null; Second: Not a json array: null; Second: Not a JSON object: null; Failed to parse either. First: Failed to parse either. First: Not a string: null; Second: Not a json array: null; Second: Not a JSON object: null; Input is not a list of 4 elements
[21:42:52] [Worker-Main-4/ERROR]: Failed to parse either. First: Failed to parse either. First: Not a string: null; Second: Not a json array: null; Second: Not a JSON object: null; Failed to parse either. First: Failed to parse either. First: Not a string: null; Second: Not a json array: null; Second: Not a JSON object: null; Failed to parse either. First: Failed to parse either. First: Not a string: null; Second: Not a json array: null; Second: Not a JSON object: null; Failed to parse either. First: Failed to parse either. First: Not a string: null; Second: Not a json array: null; Second: Not a JSON object: null; Input is not a list of 4 elements
[21:42:52] [Worker-Main-4/ERROR]: Failed to parse either. First: Failed to parse either. First: Not a string: null; Second: Not a json array: null; Second: Not a JSON object: null; Failed to parse either. First: Failed to parse either. First: Not a string: null; Second: Not a json array: null; Second: Not a JSON object: null; Failed to parse either. First: Failed to parse either. First: Not a string: null; Second: Not a json array: null; Second: Not a JSON object: null; Failed to parse either. First: Failed to parse either. First: Not a string: null; Second: Not a json array: null; Second: Not a JSON object: null; Input is not a list of 4 elements
[21:42:52] [Worker-Main-4/ERROR]: Failed to parse either. First: Failed to parse either. First: Not a string: null; Second: Not a json array: null; Second: Not a JSON object: null; Failed to parse either. First: Failed to parse either. First: Not a string: null; Second: Not a json array: null; Second: Not a JSON object: null; Failed to parse either. First: Failed to parse either. First: Not a string: null; Second: Not a json array: null; Second: Not a JSON object: null; Failed to parse either. First: Failed to parse either. First: Not a string: null; Second: Not a json array: null; Second: Not a JSON object: null; Input is not a list of 4 elements
[21:42:52] [Worker-Main-4/ERROR]: Failed to parse either. First: Failed to parse either. First: Not a string: null; Second: Not a json array: null; Second: Not a JSON object: null; Failed to parse either. First: Failed to parse either. First: Not a string: null; Second: Not a json array: null; Second: Not a JSON object: null; Failed to parse either. First: Failed to parse either. First: Not a string: null; Second: Not a json array: null; Second: Not a JSON object: null; Failed to parse either. First: Failed to parse either. First: Not a string: null; Second: Not a json array: null; Second: Not a JSON object: null; Input is not a list of 4 elements
[21:42:52] [Worker-Main-4/ERROR]: Failed to parse either. First: Failed to parse either. First: Not a string: null; Second: Not a json array: null; Second: Not a JSON object: null; Failed to parse either. First: Failed to parse either. First: Not a string: null; Second: Not a json array: null; Second: Not a JSON object: null; Failed to parse either. First: Failed to parse either. First: Not a string: null; Second: Not a json array: null; Second: Not a JSON object: null; Failed to parse either. First: Failed to parse either. First: Not a string: null; Second: Not a json array: null; Second: Not a JSON object: null; Input is not a list of 4 elements
[21:42:52] [Worker-Main-4/ERROR]: Failed to parse either. First: Failed to parse either. First: Not a string: null; Second: Not a json array: null; Second: Not a JSON object: null; Failed to parse either. First: Failed to parse either. First: Not a string: null; Second: Not a json array: null; Second: Not a JSON object: null; Failed to parse either. First: Failed to parse either. First: Not a string: null; Second: Not a json array: null; Second: Not a JSON object: null; Failed to parse either. First: Failed to parse either. First: Not a string: null; Second: Not a json array: null; Second: Not a JSON object: null; Input is not a list of 4 elements
[21:42:52] [Worker-Main-4/ERROR]: Failed to parse either. First: Failed to parse either. First: Not a string: null; Second: Not a json array: null; Second: Not a JSON object: null; Failed to parse either. First: Failed to parse either. First: Not a string: null; Second: Not a json array: null; Second: Not a JSON object: null; Failed to parse either. First: Failed to parse either. First: Not a string: null; Second: Not a json array: null; Second: Not a JSON object: null; Failed to parse either. First: Failed to parse either. First: Not a string: null; Second: Not a json array: null; Second: Not a JSON object: null; Input is not a list of 4 elements
[21:42:53] [Worker-Main-4/ERROR]: Failed to parse either. First: Failed to parse either. First: Not a string: null; Second: Not a json array: null; Second: Not a JSON object: null; Failed to parse either. First: Failed to parse either. First: Not a string: null; Second: Not a json array: null; Second: Not a JSON object: null; Failed to parse either. First: Failed to parse either. First: Not a string: null; Second: Not a json array: null; Second: Not a JSON object: null; Failed to parse either. First: Failed to parse either. First: Not a string: null; Second: Not a json array: null; Second: Not a JSON object: null; Input is not a list of 4 elements
[21:42:53] [Worker-Main-4/ERROR]: Failed to parse either. First: Failed to parse either. First: Not a string: null; Second: Not a json array: null; Second: Not a JSON object: null; Failed to parse either. First: Failed to parse either. First: Not a string: null; Second: Not a json array: null; Second: Not a JSON object: null; Failed to parse either. First: Failed to parse either. First: Not a string: null; Second: Not a json array: null; Second: Not a JSON object: null; Failed to parse either. First: Failed to parse either. First: Not a string: null; Second: Not a json array: null; Second: Not a JSON object: null; Input is not a list of 4 elements
[21:42:53] [Worker-Main-4/ERROR]: Failed to parse either. First: Failed to parse either. First: Not a string: null; Second: Not a json array: null; Second: Not a JSON object: null; Failed to parse either. First: Failed to parse either. First: Not a string: null; Second: Not a json array: null; Second: Not a JSON object: null; Failed to parse either. First: Failed to parse either. First: Not a string: null; Second: Not a json array: null; Second: Not a JSON object: null; Failed to parse either. First: Failed to parse either. First: Not a string: null; Second: Not a json array: null; Second: Not a JSON object: null; Input is not a list of 4 elements
[21:42:53] [Worker-Main-4/ERROR]: Failed to parse either. First: Failed to parse either. First: Not a string: null; Second: Not a json array: null; Second: Not a JSON object: null; Failed to parse either. First: Failed to parse either. First: Not a string: null; Second: Not a json array: null; Second: Not a JSON object: null; Failed to parse either. First: Failed to parse either. First: Not a string: null; Second: Not a json array: null; Second: Not a JSON object: null; Failed to parse either. First: Failed to parse either. First: Not a string: null; Second: Not a json array: null; Second: Not a JSON object: null; Input is not a list of 4 elements
[21:42:53] [Worker-Main-4/ERROR]: Failed to parse either. First: Failed to parse either. First: Not a string: null; Second: Not a json array: null; Second: Not a JSON object: null; Failed to parse either. First: Failed to parse either. First: Not a string: null; Second: Not a json array: null; Second: Not a JSON object: null; Failed to parse either. First: Failed to parse either. First: Not a string: null; Second: Not a json array: null; Second: Not a JSON object: null; Failed to parse either. First: Failed to parse either. First: Not a string: null; Second: Not a json array: null; Second: Not a JSON object: null; Input is not a list of 4 elements
[21:42:53] [Worker-Main-4/ERROR]: Failed to parse either. First: Failed to parse either. First: Not a string: null; Second: Not a json array: null; Second: Not a JSON object: null; Failed to parse either. First: Failed to parse either. First: Not a string: null; Second: Not a json array: null; Second: Not a JSON object: null; Failed to parse either. First: Failed to parse either. First: Not a string: null; Second: Not a json array: null; Second: Not a JSON object: null; Failed to parse either. First: Failed to parse either. First: Not a string: null; Second: Not a json array: null; Second: Not a JSON object: null; Input is not a list of 4 elements
[21:42:53] [Worker-Main-4/ERROR]: Failed to parse either. First: Failed to parse either. First: Not a string: null; Second: Not a json array: null; Second: Not a JSON object: null; Failed to parse either. First: Failed to parse either. First: Not a string: null; Second: Not a json array: null; Second: Not a JSON object: null; Failed to parse either. First: Failed to parse either. First: Not a string: null; Second: Not a json array: null; Second: Not a JSON object: null; Failed to parse either. First: Failed to parse either. First: Not a string: null; Second: Not a json array: null; Second: Not a JSON object: null; Input is not a list of 4 elements
[21:42:53] [Worker-Main-4/ERROR]: Failed to parse either. First: Failed to parse either. First: Not a string: null; Second: Not a json array: null; Second: Not a JSON object: null; Failed to parse either. First: Failed to parse either. First: Not a string: null; Second: Not a json array: null; Second: Not a JSON object: null; Failed to parse either. First: Failed to parse either. First: Not a string: null; Second: Not a json array: null; Second: Not a JSON object: null; Failed to parse either. First: Failed to parse either. First: Not a string: null; Second: Not a json array: null; Second: Not a JSON object: null; Input is not a list of 4 elements
[21:42:53] [Worker-Main-4/ERROR]: Failed to parse either. First: Failed to parse either. First: Not a string: null; Second: Not a json array: null; Second: Not a JSON object: null; Failed to parse either. First: Failed to parse either. First: Not a string: null; Second: Not a json array: null; Second: Not a JSON object: null; Failed to parse either. First: Failed to parse either. First: Not a string: null; Second: Not a json array: null; Second: Not a JSON object: null; Failed to parse either. First: Failed to parse either. First: Not a string: null; Second: Not a json array: null; Second: Not a JSON object: null; Input is not a list of 4 elements
[21:42:53] [Worker-Main-4/ERROR]: Failed to parse either. First: Failed to parse either. First: Not a string: null; Second: Not a json array: null; Second: Not a JSON object: null; Failed to parse either. First: Failed to parse either. First: Not a string: null; Second: Not a json array: null; Second: Not a JSON object: null; Failed to parse either. First: Failed to parse either. First: Not a string: null; Second: Not a json array: null; Second: Not a JSON object: null; Failed to parse either. First: Failed to parse either. First: Not a string: null; Second: Not a json array: null; Second: Not a JSON object: null; Input is not a list of 4 elements
[21:42:53] [Worker-Main-4/ERROR]: Failed to parse either. First: Failed to parse either. First: Not a string: null; Second: Not a json array: null; Second: Not a JSON object: null; Failed to parse either. First: Failed to parse either. First: Not a string: null; Second: Not a json array: null; Second: Not a JSON object: null; Failed to parse either. First: Failed to parse either. First: Not a string: null; Second: Not a json array: null; Second: Not a JSON object: null; Failed to parse either. First: Failed to parse either. First: Not a string: null; Second: Not a json array: null; Second: Not a JSON object: null; Input is not a list of 4 elements
[21:42:53] [Worker-Main-4/ERROR]: Failed to parse either. First: Failed to parse either. First: Not a string: null; Second: Not a json array: null; Second: Not a JSON object: null; Failed to parse either. First: Failed to parse either. First: Not a string: null; Second: Not a json array: null; Second: Not a JSON object: null; Failed to parse either. First: Failed to parse either. First: Not a string: null; Second: Not a json array: null; Second: Not a JSON object: null; Failed to parse either. First: Failed to parse either. First: Not a string: null; Second: Not a json array: null; Second: Not a JSON object: null; Input is not a list of 4 elements
[21:42:53] [Worker-Main-4/ERROR]: Failed to parse either. First: Failed to parse either. First: Not a string: null; Second: Not a json array: null; Second: Not a JSON object: null; Failed to parse either. First: Failed to parse either. First: Not a string: null; Second: Not a json array: null; Second: Not a JSON object: null; Failed to parse either. First: Failed to parse either. First: Not a string: null; Second: Not a json array: null; Second: Not a JSON object: null; Failed to parse either. First: Failed to parse either. First: Not a string: null; Second: Not a json array: null; Second: Not a JSON object: null; Input is not a list of 4 elements
[21:42:53] [Worker-Main-4/ERROR]: Failed to parse either. First: Failed to parse either. First: Not a string: null; Second: Not a json array: null; Second: Not a JSON object: null; Failed to parse either. First: Failed to parse either. First: Not a string: null; Second: Not a json array: null; Second: Not a JSON object: null; Failed to parse either. First: Failed to parse either. First: Not a string: null; Second: Not a json array: null; Second: Not a JSON object: null; Failed to parse either. First: Failed to parse either. First: Not a string: null; Second: Not a json array: null; Second: Not a JSON object: null; Input is not a list of 4 elements
[21:42:53] [Worker-Main-4/ERROR]: Failed to parse either. First: Failed to parse either. First: Not a string: null; Second: Not a json array: null; Second: Not a JSON object: null; Failed to parse either. First: Failed to parse either. First: Not a string: null; Second: Not a json array: null; Second: Not a JSON object: null; Failed to parse either. First: Failed to parse either. First: Not a string: null; Second: Not a json array: null; Second: Not a JSON object: null; Failed to parse either. First: Failed to parse either. First: Not a string: null; Second: Not a json array: null; Second: Not a JSON object: null; Input is not a list of 4 elements
[21:42:53] [Worker-Main-4/ERROR]: Failed to parse either. First: Failed to parse either. First: Not a string: null; Second: Not a json array: null; Second: Not a JSON object: null; Failed to parse either. First: Failed to parse either. First: Not a string: null; Second: Not a json array: null; Second: Not a JSON object: null; Failed to parse either. First: Failed to parse either. First: Not a string: null; Second: Not a json array: null; Second: Not a JSON object: null; Failed to parse either. First: Failed to parse either. First: Not a string: null; Second: Not a json array: null; Second: Not a JSON object: null; Input is not a list of 4 elements
[21:42:53] [Worker-Main-4/ERROR]: Failed to parse either. First: Failed to parse either. First: Not a string: null; Second: Not a json array: null; Second: Not a JSON object: null; Failed to parse either. First: Failed to parse either. First: Not a string: null; Second: Not a json array: null; Second: Not a JSON object: null; Failed to parse either. First: Failed to parse either. First: Not a string: null; Second: Not a json array: null; Second: Not a JSON object: null; Failed to parse either. First: Failed to parse either. First: Not a string: null; Second: Not a json array: null; Second: Not a JSON object: null; Input is not a list of 4 elements
[21:42:53] [Worker-Main-4/ERROR]: Failed to parse either. First: Failed to parse either. First: Not a string: null; Second: Not a json array: null; Second: Not a JSON object: null; Failed to parse either. First: Failed to parse either. First: Not a string: null; Second: Not a json array: null; Second: Not a JSON object: null; Failed to parse either. First: Failed to parse either. First: Not a string: null; Second: Not a json array: null; Second: Not a JSON object: null; Failed to parse either. First: Failed to parse either. First: Not a string: null; Second: Not a json array: null; Second: Not a JSON object: null; Input is not a list of 4 elements
[21:42:53] [Worker-Main-4/ERROR]: Failed to parse either. First: Failed to parse either. First: Not a string: null; Second: Not a json array: null; Second: Not a JSON object: null; Failed to parse either. First: Failed to parse either. First: Not a string: null; Second: Not a json array: null; Second: Not a JSON object: null; Failed to parse either. First: Failed to parse either. First: Not a string: null; Second: Not a json array: null; Second: Not a JSON object: null; Failed to parse either. First: Failed to parse either. First: Not a string: null; Second: Not a json array: null; Second: Not a JSON object: null; Input is not a list of 4 elements
[21:42:53] [Worker-Main-4/ERROR]: Failed to parse either. First: Failed to parse either. First: Not a string: null; Second: Not a json array: null; Second: Not a JSON object: null; Failed to parse either. First: Failed to parse either. First: Not a string: null; Second: Not a json array: null; Second: Not a JSON object: null; Failed to parse either. First: Failed to parse either. First: Not a string: null; Second: Not a json array: null; Second: Not a JSON object: null; Failed to parse either. First: Failed to parse either. First: Not a string: null; Second: Not a json array: null; Second: Not a JSON object: null; Input is not a list of 4 elements
[21:42:53] [Worker-Main-4/ERROR]: Failed to parse either. First: Failed to parse either. First: Not a string: null; Second: Not a json array: null; Second: Not a JSON object: null; Failed to parse either. First: Failed to parse either. First: Not a string: null; Second: Not a json array: null; Second: Not a JSON object: null; Failed to parse either. First: Failed to parse either. First: Not a string: null; Second: Not a json array: null; Second: Not a JSON object: null; Failed to parse either. First: Failed to parse either. First: Not a string: null; Second: Not a json array: null; Second: Not a JSON object: null; Input is not a list of 4 elements
[21:42:53] [Worker-Main-4/ERROR]: Failed to parse either. First: Failed to parse either. First: Not a string: null; Second: Not a json array: null; Second: Not a JSON object: null; Failed to parse either. First: Failed to parse either. First: Not a string: null; Second: Not a json array: null; Second: Not a JSON object: null; Failed to parse either. First: Failed to parse either. First: Not a string: null; Second: Not a json array: null; Second: Not a JSON object: null; Failed to parse either. First: Failed to parse either. First: Not a string: null; Second: Not a json array: null; Second: Not a JSON object: null; Input is not a list of 4 elements
[21:42:53] [Worker-Main-4/ERROR]: Failed to parse either. First: Failed to parse either. First: Not a string: null; Second: Not a json array: null; Second: Not a JSON object: null; Failed to parse either. First: Failed to parse either. First: Not a string: null; Second: Not a json array: null; Second: Not a JSON object: null; Failed to parse either. First: Failed to parse either. First: Not a string: null; Second: Not a json array: null; Second: Not a JSON object: null; Failed to parse either. First: Failed to parse either. First: Not a string: null; Second: Not a json array: null; Second: Not a JSON object: null; Input is not a list of 4 elements
[21:42:53] [Worker-Main-4/ERROR]: Failed to parse either. First: Failed to parse either. First: Not a string: null; Second: Not a json array: null; Second: Not a JSON object: null; Failed to parse either. First: Failed to parse either. First: Not a string: null; Second: Not a json array: null; Second: Not a JSON object: null; Failed to parse either. First: Failed to parse either. First: Not a string: null; Second: Not a json array: null; Second: Not a JSON object: null; Failed to parse either. First: Failed to parse either. First: Not a string: null; Second: Not a json array: null; Second: Not a JSON object: null; Input is not a list of 4 elements
[21:42:53] [Worker-Main-4/ERROR]: Failed to parse either. First: Failed to parse either. First: Not a string: null; Second: Not a json array: null; Second: Not a JSON object: null; Failed to parse either. First: Failed to parse either. First: Not a string: null; Second: Not a json array: null; Second: Not a JSON object: null; Failed to parse either. First: Failed to parse either. First: Not a string: null; Second: Not a json array: null; Second: Not a JSON object: null; Failed to parse either. First: Failed to parse either. First: Not a string: null; Second: Not a json array: null; Second: Not a JSON object: null; Input is not a list of 4 elements
[21:42:53] [Worker-Main-4/ERROR]: Failed to parse either. First: Failed to parse either. First: Not a string: null; Second: Not a json array: null; Second: Not a JSON object: null; Failed to parse either. First: Failed to parse either. First: Not a string: null; Second: Not a json array: null; Second: Not a JSON object: null; Failed to parse either. First: Failed to parse either. First: Not a string: null; Second: Not a json array: null; Second: Not a JSON object: null; Failed to parse either. First: Failed to parse either. First: Not a string: null; Second: Not a json array: null; Second: Not a JSON object: null; Input is not a list of 4 elements
[21:42:53] [Worker-Main-4/ERROR]: Failed to parse either. First: Failed to parse either. First: Not a string: null; Second: Not a json array: null; Second: Not a JSON object: null; Failed to parse either. First: Failed to parse either. First: Not a string: null; Second: Not a json array: null; Second: Not a JSON object: null; Failed to parse either. First: Failed to parse either. First: Not a string: null; Second: Not a json array: null; Second: Not a JSON object: null; Failed to parse either. First: Failed to parse either. First: Not a string: null; Second: Not a json array: null; Second: Not a JSON object: null; Input is not a list of 4 elements
[21:42:53] [Worker-Main-4/ERROR]: Failed to parse either. First: Failed to parse either. First: Not a string: null; Second: Not a json array: null; Second: Not a JSON object: null; Failed to parse either. First: Failed to parse either. First: Not a string: null; Second: Not a json array: null; Second: Not a JSON object: null; Failed to parse either. First: Failed to parse either. First: Not a string: null; Second: Not a json array: null; Second: Not a JSON object: null; Failed to parse either. First: Failed to parse either. First: Not a string: null; Second: Not a json array: null; Second: Not a JSON object: null; Input is not a list of 4 elements
[21:42:53] [Worker-Main-4/ERROR]: Failed to parse either. First: Failed to parse either. First: Not a string: null; Second: Not a json array: null; Second: Not a JSON object: null; Failed to parse either. First: Failed to parse either. First: Not a string: null; Second: Not a json array: null; Second: Not a JSON object: null; Failed to parse either. First: Failed to parse either. First: Not a string: null; Second: Not a json array: null; Second: Not a JSON object: null; Failed to parse either. First: Failed to parse either. First: Not a string: null; Second: Not a json array: null; Second: Not a JSON object: null; Input is not a list of 4 elements
[21:42:53] [Worker-Main-4/ERROR]: Failed to parse either. First: Failed to parse either. First: Not a string: null; Second: Not a json array: null; Second: Not a JSON object: null; Failed to parse either. First: Failed to parse either. First: Not a string: null; Second: Not a json array: null; Second: Not a JSON object: null; Failed to parse either. First: Failed to parse either. First: Not a string: null; Second: Not a json array: null; Second: Not a JSON object: null; Failed to parse either. First: Failed to parse either. First: Not a string: null; Second: Not a json array: null; Second: Not a JSON object: null; Input is not a list of 4 elements
[21:42:53] [Worker-Main-4/ERROR]: Failed to parse either. First: Failed to parse either. First: Not a string: null; Second: Not a json array: null; Second: Not a JSON object: null; Failed to parse either. First: Failed to parse either. First: Not a string: null; Second: Not a json array: null; Second: Not a JSON object: null; Failed to parse either. First: Failed to parse either. First: Not a string: null; Second: Not a json array: null; Second: Not a JSON object: null; Failed to parse either. First: Failed to parse either. First: Not a string: null; Second: Not a json array: null; Second: Not a JSON object: null; Input is not a list of 4 elements
[21:42:53] [Worker-Main-4/ERROR]: Failed to parse either. First: Failed to parse either. First: Not a string: null; Second: Not a json array: null; Second: Not a JSON object: null; Failed to parse either. First: Failed to parse either. First: Not a string: null; Second: Not a json array: null; Second: Not a JSON object: null; Failed to parse either. First: Failed to parse either. First: Not a string: null; Second: Not a json array: null; Second: Not a JSON object: null; Failed to parse either. First: Failed to parse either. First: Not a string: null; Second: Not a json array: null; Second: Not a JSON object: null; Input is not a list of 4 elements
[21:42:53] [Worker-Main-4/ERROR]: Failed to parse either. First: Failed to parse either. First: Not a string: null; Second: Not a json array: null; Second: Not a JSON object: null; Failed to parse either. First: Failed to parse either. First: Not a string: null; Second: Not a json array: null; Second: Not a JSON object: null; Failed to parse either. First: Failed to parse either. First: Not a string: null; Second: Not a json array: null; Second: Not a JSON object: null; Failed to parse either. First: Failed to parse either. First: Not a string: null; Second: Not a json array: null; Second: Not a JSON object: null; Input is not a list of 4 elements
[21:42:53] [Worker-Main-4/ERROR]: Failed to parse either. First: Failed to parse either. First: Not a string: null; Second: Not a json array: null; Second: Not a JSON object: null; Failed to parse either. First: Failed to parse either. First: Not a string: null; Second: Not a json array: null; Second: Not a JSON object: null; Failed to parse either. First: Failed to parse either. First: Not a string: null; Second: Not a json array: null; Second: Not a JSON object: null; Failed to parse either. First: Failed to parse either. First: Not a string: null; Second: Not a json array: null; Second: Not a JSON object: null; Input is not a list of 4 elements
[21:42:53] [Worker-Main-4/ERROR]: Failed to parse either. First: Failed to parse either. First: Not a string: null; Second: Not a json array: null; Second: Not a JSON object: null; Failed to parse either. First: Failed to parse either. First: Not a string: null; Second: Not a json array: null; Second: Not a JSON object: null; Failed to parse either. First: Failed to parse either. First: Not a string: null; Second: Not a json array: null; Second: Not a JSON object: null; Failed to parse either. First: Failed to parse either. First: Not a string: null; Second: Not a json array: null; Second: Not a JSON object: null; Input is not a list of 4 elements
[21:42:53] [Worker-Main-4/ERROR]: Failed to parse either. First: Failed to parse either. First: Not a string: null; Second: Not a json array: null; Second: Not a JSON object: null; Failed to parse either. First: Failed to parse either. First: Not a string: null; Second: Not a json array: null; Second: Not a JSON object: null; Failed to parse either. First: Failed to parse either. First: Not a string: null; Second: Not a json array: null; Second: Not a JSON object: null; Failed to parse either. First: Failed to parse either. First: Not a string: null; Second: Not a json array: null; Second: Not a JSON object: null; Input is not a list of 4 elements
[21:42:53] [Worker-Main-4/ERROR]: Failed to parse either. First: Failed to parse either. First: Not a string: null; Second: Not a json array: null; Second: Not a JSON object: null; Failed to parse either. First: Failed to parse either. First: Not a string: null; Second: Not a json array: null; Second: Not a JSON object: null; Failed to parse either. First: Failed to parse either. First: Not a string: null; Second: Not a json array: null; Second: Not a JSON object: null; Failed to parse either. First: Failed to parse either. First: Not a string: null; Second: Not a json array: null; Second: Not a JSON object: null; Input is not a list of 4 elements
[21:42:53] [Worker-Main-4/ERROR]: Failed to parse either. First: Failed to parse either. First: Not a string: null; Second: Not a json array: null; Second: Not a JSON object: null; Failed to parse either. First: Failed to parse either. First: Not a string: null; Second: Not a json array: null; Second: Not a JSON object: null; Failed to parse either. First: Failed to parse either. First: Not a string: null; Second: Not a json array: null; Second: Not a JSON object: null; Failed to parse either. First: Failed to parse either. First: Not a string: null; Second: Not a json array: null; Second: Not a JSON object: null; Input is not a list of 4 elements
[21:42:53] [Worker-Main-2/ERROR]: Failed to parse either. First: Failed to parse either. First: Not a string: null; Second: Not a json array: null; Second: Not a JSON object: null; Failed to parse either. First: Failed to parse either. First: Not a string: null; Second: Not a json array: null; Second: Not a JSON object: null; Failed to parse either. First: Failed to parse either. First: Not a string: null; Second: Not a json array: null; Second: Not a JSON object: null; Failed to parse either. First: Failed to parse either. First: Not a string: null; Second: Not a json array: null; Second: Not a JSON object: null; Input is not a list of 4 elements
[21:42:53] [Worker-Main-2/ERROR]: Failed to parse either. First: Failed to parse either. First: Not a string: null; Second: Not a json array: null; Second: Not a JSON object: null; Failed to parse either. First: Failed to parse either. First: Not a string: null; Second: Not a json array: null; Second: Not a JSON object: null; Failed to parse either. First: Failed to parse either. First: Not a string: null; Second: Not a json array: null; Second: Not a JSON object: null; Failed to parse either. First: Failed to parse either. First: Not a string: null; Second: Not a json array: null; Second: Not a JSON object: null; Input is not a list of 4 elements
[21:42:53] [Worker-Main-2/ERROR]: Failed to parse either. First: Failed to parse either. First: Not a string: null; Second: Not a json array: null; Second: Not a JSON object: null; Failed to parse either. First: Failed to parse either. First: Not a string: null; Second: Not a json array: null; Second: Not a JSON object: null; Failed to parse either. First: Failed to parse either. First: Not a string: null; Second: Not a json array: null; Second: Not a JSON object: null; Failed to parse either. First: Failed to parse either. First: Not a string: null; Second: Not a json array: null; Second: Not a JSON object: null; Input is not a list of 4 elements
[21:42:53] [Worker-Main-2/ERROR]: Failed to parse either. First: Failed to parse either. First: Not a string: null; Second: Not a json array: null; Second: Not a JSON object: null; Failed to parse either. First: Failed to parse either. First: Not a string: null; Second: Not a json array: null; Second: Not a JSON object: null; Failed to parse either. First: Failed to parse either. First: Not a string: null; Second: Not a json array: null; Second: Not a JSON object: null; Failed to parse either. First: Failed to parse either. First: Not a string: null; Second: Not a json array: null; Second: Not a JSON object: null; Input is not a list of 4 elements
[21:42:53] [Worker-Main-2/ERROR]: Failed to parse either. First: Failed to parse either. First: Not a string: null; Second: Not a json array: null; Second: Not a JSON object: null; Failed to parse either. First: Failed to parse either. First: Not a string: null; Second: Not a json array: null; Second: Not a JSON object: null; Failed to parse either. First: Failed to parse either. First: Not a string: null; Second: Not a json array: null; Second: Not a JSON object: null; Failed to parse either. First: Failed to parse either. First: Not a string: null; Second: Not a json array: null; Second: Not a JSON object: null; Input is not a list of 4 elements
[21:42:53] [Worker-Main-2/ERROR]: Failed to parse either. First: Failed to parse either. First: Not a string: null; Second: Not a json array: null; Second: Not a JSON object: null; Failed to parse either. First: Failed to parse either. First: Not a string: null; Second: Not a json array: null; Second: Not a JSON object: null; Failed to parse either. First: Failed to parse either. First: Not a string: null; Second: Not a json array: null; Second: Not a JSON object: null; Failed to parse either. First: Failed to parse either. First: Not a string: null; Second: Not a json array: null; Second: Not a JSON object: null; Input is not a list of 4 elements
[21:42:53] [Worker-Main-2/ERROR]: Failed to parse either. First: Failed to parse either. First: Not a string: null; Second: Not a json array: null; Second: Not a JSON object: null; Failed to parse either. First: Failed to parse either. First: Not a string: null; Second: Not a json array: null; Second: Not a JSON object: null; Failed to parse either. First: Failed to parse either. First: Not a string: null; Second: Not a json array: null; Second: Not a JSON object: null; Failed to parse either. First: Failed to parse either. First: Not a string: null; Second: Not a json array: null; Second: Not a JSON object: null; Input is not a list of 4 elements
[21:42:53] [Worker-Main-2/ERROR]: Failed to parse either. First: Failed to parse either. First: Not a string: null; Second: Not a json array: null; Second: Not a JSON object: null; Failed to parse either. First: Failed to parse either. First: Not a string: null; Second: Not a json array: null; Second: Not a JSON object: null; Failed to parse either. First: Failed to parse either. First: Not a string: null; Second: Not a json array: null; Second: Not a JSON object: null; Failed to parse either. First: Failed to parse either. First: Not a string: null; Second: Not a json array: null; Second: Not a JSON object: null; Input is not a list of 4 elements
[21:42:53] [Worker-Main-2/ERROR]: Failed to parse either. First: Failed to parse either. First: Not a string: null; Second: Not a json array: null; Second: Not a JSON object: null; Failed to parse either. First: Failed to parse either. First: Not a string: null; Second: Not a json array: null; Second: Not a JSON object: null; Failed to parse either. First: Failed to parse either. First: Not a string: null; Second: Not a json array: null; Second: Not a JSON object: null; Failed to parse either. First: Failed to parse either. First: Not a string: null; Second: Not a json array: null; Second: Not a JSON object: null; Input is not a list of 4 elements
[21:42:53] [Worker-Main-2/ERROR]: Failed to parse either. First: Failed to parse either. First: Not a string: null; Second: Not a json array: null; Second: Not a JSON object: null; Failed to parse either. First: Failed to parse either. First: Not a string: null; Second: Not a json array: null; Second: Not a JSON object: null; Failed to parse either. First: Failed to parse either. First: Not a string: null; Second: Not a json array: null; Second: Not a JSON object: null; Failed to parse either. First: Failed to parse either. First: Not a string: null; Second: Not a json array: null; Second: Not a JSON object: null; Input is not a list of 4 elements
[21:42:53] [Worker-Main-2/ERROR]: Failed to parse either. First: Failed to parse either. First: Not a string: null; Second: Not a json array: null; Second: Not a JSON object: null; Failed to parse either. First: Failed to parse either. First: Not a string: null; Second: Not a json array: null; Second: Not a JSON object: null; Failed to parse either. First: Failed to parse either. First: Not a string: null; Second: Not a json array: null; Second: Not a JSON object: null; Failed to parse either. First: Failed to parse either. First: Not a string: null; Second: Not a json array: null; Second: Not a JSON object: null; Input is not a list of 4 elements
[21:42:53] [Worker-Main-2/ERROR]: Failed to parse either. First: Failed to parse either. First: Not a string: null; Second: Not a json array: null; Second: Not a JSON object: null; Failed to parse either. First: Failed to parse either. First: Not a string: null; Second: Not a json array: null; Second: Not a JSON object: null; Failed to parse either. First: Failed to parse either. First: Not a string: null; Second: Not a json array: null; Second: Not a JSON object: null; Failed to parse either. First: Failed to parse either. First: Not a string: null; Second: Not a json array: null; Second: Not a JSON object: null; Input is not a list of 4 elements
[21:42:53] [Worker-Main-2/ERROR]: Failed to parse either. First: Failed to parse either. First: Not a string: null; Second: Not a json array: null; Second: Not a JSON object: null; Failed to parse either. First: Failed to parse either. First: Not a string: null; Second: Not a json array: null; Second: Not a JSON object: null; Failed to parse either. First: Failed to parse either. First: Not a string: null; Second: Not a json array: null; Second: Not a JSON object: null; Failed to parse either. First: Failed to parse either. First: Not a string: null; Second: Not a json array: null; Second: Not a JSON object: null; Input is not a list of 4 elements
[21:42:53] [Worker-Main-2/ERROR]: Failed to parse either. First: Failed to parse either. First: Not a string: null; Second: Not a json array: null; Second: Not a JSON object: null; Failed to parse either. First: Failed to parse either. First: Not a string: null; Second: Not a json array: null; Second: Not a JSON object: null; Failed to parse either. First: Failed to parse either. First: Not a string: null; Second: Not a json array: null; Second: Not a JSON object: null; Failed to parse either. First: Failed to parse either. First: Not a string: null; Second: Not a json array: null; Second: Not a JSON object: null; Input is not a list of 4 elements
[21:42:53] [Worker-Main-2/ERROR]: Failed to parse either. First: Failed to parse either. First: Not a string: null; Second: Not a json array: null; Second: Not a JSON object: null; Failed to parse either. First: Failed to parse either. First: Not a string: null; Second: Not a json array: null; Second: Not a JSON object: null; Failed to parse either. First: Failed to parse either. First: Not a string: null; Second: Not a json array: null; Second: Not a JSON object: null; Failed to parse either. First: Failed to parse either. First: Not a string: null; Second: Not a json array: null; Second: Not a JSON object: null; Input is not a list of 4 elements
[21:42:53] [Worker-Main-2/ERROR]: Failed to parse either. First: Failed to parse either. First: Not a string: null; Second: Not a json array: null; Second: Not a JSON object: null; Failed to parse either. First: Failed to parse either. First: Not a string: null; Second: Not a json array: null; Second: Not a JSON object: null; Failed to parse either. First: Failed to parse either. First: Not a string: null; Second: Not a json array: null; Second: Not a JSON object: null; Failed to parse either. First: Failed to parse either. First: Not a string: null; Second: Not a json array: null; Second: Not a JSON object: null; Input is not a list of 4 elements
[21:42:53] [Worker-Main-2/ERROR]: Failed to parse either. First: Failed to parse either. First: Not a string: null; Second: Not a json array: null; Second: Not a JSON object: null; Failed to parse either. First: Failed to parse either. First: Not a string: null; Second: Not a json array: null; Second: Not a JSON object: null; Failed to parse either. First: Failed to parse either. First: Not a string: null; Second: Not a json array: null; Second: Not a JSON object: null; Failed to parse either. First: Failed to parse either. First: Not a string: null; Second: Not a json array: null; Second: Not a JSON object: null; Input is not a list of 4 elements
[21:42:53] [Worker-Main-2/ERROR]: Failed to parse either. First: Failed to parse either. First: Not a string: null; Second: Not a json array: null; Second: Not a JSON object: null; Failed to parse either. First: Failed to parse either. First: Not a string: null; Second: Not a json array: null; Second: Not a JSON object: null; Failed to parse either. First: Failed to parse either. First: Not a string: null; Second: Not a json array: null; Second: Not a JSON object: null; Failed to parse either. First: Failed to parse either. First: Not a string: null; Second: Not a json array: null; Second: Not a JSON object: null; Input is not a list of 4 elements
[21:42:53] [Worker-Main-2/ERROR]: Failed to parse either. First: Failed to parse either. First: Not a string: null; Second: Not a json array: null; Second: Not a JSON object: null; Failed to parse either. First: Failed to parse either. First: Not a string: null; Second: Not a json array: null; Second: Not a JSON object: null; Failed to parse either. First: Failed to parse either. First: Not a string: null; Second: Not a json array: null; Second: Not a JSON object: null; Failed to parse either. First: Failed to parse either. First: Not a string: null; Second: Not a json array: null; Second: Not a JSON object: null; Input is not a list of 4 elements
[21:42:53] [Worker-Main-2/ERROR]: Failed to parse either. First: Failed to parse either. First: Not a string: null; Second: Not a json array: null; Second: Not a JSON object: null; Failed to parse either. First: Failed to parse either. First: Not a string: null; Second: Not a json array: null; Second: Not a JSON object: null; Failed to parse either. First: Failed to parse either. First: Not a string: null; Second: Not a json array: null; Second: Not a JSON object: null; Failed to parse either. First: Failed to parse either. First: Not a string: null; Second: Not a json array: null; Second: Not a JSON object: null; Input is not a list of 4 elements
[21:42:53] [Worker-Main-2/ERROR]: Failed to parse either. First: Failed to parse either. First: Not a string: null; Second: Not a json array: null; Second: Not a JSON object: null; Failed to parse either. First: Failed to parse either. First: Not a string: null; Second: Not a json array: null; Second: Not a JSON object: null; Failed to parse either. First: Failed to parse either. First: Not a string: null; Second: Not a json array: null; Second: Not a JSON object: null; Failed to parse either. First: Failed to parse either. First: Not a string: null; Second: Not a json array: null; Second: Not a JSON object: null; Input is not a list of 4 elements
[21:42:53] [Worker-Main-2/ERROR]: Failed to parse either. First: Failed to parse either. First: Not a string: null; Second: Not a json array: null; Second: Not a JSON object: null; Failed to parse either. First: Failed to parse either. First: Not a string: null; Second: Not a json array: null; Second: Not a JSON object: null; Failed to parse either. First: Failed to parse either. First: Not a string: null; Second: Not a json array: null; Second: Not a JSON object: null; Failed to parse either. First: Failed to parse either. First: Not a string: null; Second: Not a json array: null; Second: Not a JSON object: null; Input is not a list of 4 elements
[21:42:53] [Worker-Main-2/ERROR]: Failed to parse either. First: Failed to parse either. First: Not a string: null; Second: Not a json array: null; Second: Not a JSON object: null; Failed to parse either. First: Failed to parse either. First: Not a string: null; Second: Not a json array: null; Second: Not a JSON object: null; Failed to parse either. First: Failed to parse either. First: Not a string: null; Second: Not a json array: null; Second: Not a JSON object: null; Failed to parse either. First: Failed to parse either. First: Not a string: null; Second: Not a json array: null; Second: Not a JSON object: null; Input is not a list of 4 elements
[21:42:53] [Worker-Main-2/ERROR]: Failed to parse either. First: Failed to parse either. First: Not a string: null; Second: Not a json array: null; Second: Not a JSON object: null; Failed to parse either. First: Failed to parse either. First: Not a string: null; Second: Not a json array: null; Second: Not a JSON object: null; Failed to parse either. First: Failed to parse either. First: Not a string: null; Second: Not a json array: null; Second: Not a JSON object: null; Failed to parse either. First: Failed to parse either. First: Not a string: null; Second: Not a json array: null; Second: Not a JSON object: null; Input is not a list of 4 elements
[21:42:53] [Worker-Main-2/ERROR]: Failed to parse either. First: Failed to parse either. First: Not a string: null; Second: Not a json array: null; Second: Not a JSON object: null; Failed to parse either. First: Failed to parse either. First: Not a string: null; Second: Not a json array: null; Second: Not a JSON object: null; Failed to parse either. First: Failed to parse either. First: Not a string: null; Second: Not a json array: null; Second: Not a JSON object: null; Failed to parse either. First: Failed to parse either. First: Not a string: null; Second: Not a json array: null; Second: Not a JSON object: null; Input is not a list of 4 elements
[21:42:53] [Worker-Main-2/ERROR]: Failed to parse either. First: Failed to parse either. First: Not a string: null; Second: Not a json array: null; Second: Not a JSON object: null; Failed to parse either. First: Failed to parse either. First: Not a string: null; Second: Not a json array: null; Second: Not a JSON object: null; Failed to parse either. First: Failed to parse either. First: Not a string: null; Second: Not a json array: null; Second: Not a JSON object: null; Failed to parse either. First: Failed to parse either. First: Not a string: null; Second: Not a json array: null; Second: Not a JSON object: null; Input is not a list of 4 elements
[21:42:53] [Worker-Main-2/ERROR]: Failed to parse either. First: Failed to parse either. First: Not a string: null; Second: Not a json array: null; Second: Not a JSON object: null; Failed to parse either. First: Failed to parse either. First: Not a string: null; Second: Not a json array: null; Second: Not a JSON object: null; Failed to parse either. First: Failed to parse either. First: Not a string: null; Second: Not a json array: null; Second: Not a JSON object: null; Failed to parse either. First: Failed to parse either. First: Not a string: null; Second: Not a json array: null; Second: Not a JSON object: null; Input is not a list of 4 elements
[21:42:53] [Worker-Main-2/ERROR]: Failed to parse either. First: Failed to parse either. First: Not a string: null; Second: Not a json array: null; Second: Not a JSON object: null; Failed to parse either. First: Failed to parse either. First: Not a string: null; Second: Not a json array: null; Second: Not a JSON object: null; Failed to parse either. First: Failed to parse either. First: Not a string: null; Second: Not a json array: null; Second: Not a JSON object: null; Failed to parse either. First: Failed to parse either. First: Not a string: null; Second: Not a json array: null; Second: Not a JSON object: null; Input is not a list of 4 elements
[21:42:53] [Worker-Main-2/ERROR]: Failed to parse either. First: Failed to parse either. First: Not a string: null; Second: Not a json array: null; Second: Not a JSON object: null; Failed to parse either. First: Failed to parse either. First: Not a string: null; Second: Not a json array: null; Second: Not a JSON object: null; Failed to parse either. First: Failed to parse either. First: Not a string: null; Second: Not a json array: null; Second: Not a JSON object: null; Failed to parse either. First: Failed to parse either. First: Not a string: null; Second: Not a json array: null; Second: Not a JSON object: null; Input is not a list of 4 elements
[21:42:53] [Worker-Main-2/ERROR]: Failed to parse either. First: Failed to parse either. First: Not a string: null; Second: Not a json array: null; Second: Not a JSON object: null; Failed to parse either. First: Failed to parse either. First: Not a string: null; Second: Not a json array: null; Second: Not a JSON object: null; Failed to parse either. First: Failed to parse either. First: Not a string: null; Second: Not a json array: null; Second: Not a JSON object: null; Failed to parse either. First: Failed to parse either. First: Not a string: null; Second: Not a json array: null; Second: Not a JSON object: null; Input is not a list of 4 elements
[21:42:53] [Worker-Main-2/ERROR]: Failed to parse either. First: Failed to parse either. First: Not a string: null; Second: Not a json array: null; Second: Not a JSON object: null; Failed to parse either. First: Failed to parse either. First: Not a string: null; Second: Not a json array: null; Second: Not a JSON object: null; Failed to parse either. First: Failed to parse either. First: Not a string: null; Second: Not a json array: null; Second: Not a JSON object: null; Failed to parse either. First: Failed to parse either. First: Not a string: null; Second: Not a json array: null; Second: Not a JSON object: null; Input is not a list of 4 elements
[21:42:53] [Worker-Main-2/ERROR]: Failed to parse either. First: Failed to parse either. First: Not a string: null; Second: Not a json array: null; Second: Not a JSON object: null; Failed to parse either. First: Failed to parse either. First: Not a string: null; Second: Not a json array: null; Second: Not a JSON object: null; Failed to parse either. First: Failed to parse either. First: Not a string: null; Second: Not a json array: null; Second: Not a JSON object: null; Failed to parse either. First: Failed to parse either. First: Not a string: null; Second: Not a json array: null; Second: Not a JSON object: null; Input is not a list of 4 elements
[21:42:53] [Worker-Main-2/ERROR]: Failed to parse either. First: Failed to parse either. First: Not a string: null; Second: Not a json array: null; Second: Not a JSON object: null; Failed to parse either. First: Failed to parse either. First: Not a string: null; Second: Not a json array: null; Second: Not a JSON object: null; Failed to parse either. First: Failed to parse either. First: Not a string: null; Second: Not a json array: null; Second: Not a JSON object: null; Failed to parse either. First: Failed to parse either. First: Not a string: null; Second: Not a json array: null; Second: Not a JSON object: null; Input is not a list of 4 elements
[21:42:53] [Worker-Main-2/ERROR]: Failed to parse either. First: Failed to parse either. First: Not a string: null; Second: Not a json array: null; Second: Not a JSON object: null; Failed to parse either. First: Failed to parse either. First: Not a string: null; Second: Not a json array: null; Second: Not a JSON object: null; Failed to parse either. First: Failed to parse either. First: Not a string: null; Second: Not a json array: null; Second: Not a JSON object: null; Failed to parse either. First: Failed to parse either. First: Not a string: null; Second: Not a json array: null; Second: Not a JSON object: null; Input is not a list of 4 elements
[21:42:53] [Server thread/INFO]: [Chunky] Task running for minecraft:overworld. Processed: 157 chunks (3.72%), ETA: 0:15:02, Rate: 4.5 cps, Current: 13, 11
[21:42:54] [Server thread/INFO]: [Chunky] Task running for minecraft:overworld. Processed: 161 chunks (3.81%), ETA: 0:15:08, Rate: 4.5 cps, Current: 14, 12
[21:42:56] [Server thread/INFO]: [Chunky] Task running for minecraft:overworld. Processed: 163 chunks (3.86%), ETA: 0:15:53, Rate: 4.3 cps, Current: 15, 11
[21:42:57] [Server thread/INFO]: [Chunky] Task running for minecraft:overworld. Processed: 179 chunks (4.24%), ETA: 0:14:11, Rate: 4.8 cps, Current: 13, 15
[21:42:58] [Server thread/INFO]: [Chunky] Task running for minecraft:overworld. Processed: 200 chunks (4.73%), ETA: 0:12:38, Rate: 5.3 cps, Current: 4, 10
[21:42:59] [Server thread/INFO]: [Chunky] Task running for minecraft:overworld. Processed: 215 chunks (5.09%), ETA: 0:11:49, Rate: 5.7 cps, Current: 4, 9
[21:43:04] [Server thread/INFO]: [Chunky] Task running for minecraft:overworld. Processed: 225 chunks (5.33%), ETA: 0:16:09, Rate: 4.1 cps, Current: 3, 8
[21:43:05] [Server thread/INFO]: [Chunky] Task running for minecraft:overworld. Processed: 228 chunks (5.40%), ETA: 0:16:18, Rate: 4.1 cps, Current: 3, 10
[21:43:06] [Server thread/INFO]: [Chunky] Task running for minecraft:overworld. Processed: 230 chunks (5.44%), ETA: 0:16:41, Rate: 4.0 cps, Current: 2, 10
[21:43:07] [Server thread/INFO]: [Chunky] Task running for minecraft:overworld. Processed: 238 chunks (5.63%), ETA: 0:16:01, Rate: 4.1 cps, Current: 0, 15
[21:43:09] [Server thread/INFO]: [Chunky] Task running for minecraft:overworld. Processed: 251 chunks (5.94%), ETA: 0:13:12, Rate: 5.0 cps, Current: 0, 11
[21:43:10] [Server thread/INFO]: [Chunky] Task running for minecraft:overworld. Processed: 263 chunks (6.22%), ETA: 0:12:35, Rate: 5.2 cps, Current: 5, 16
[21:43:10] [Chunky-minecraft:overworld Thread/INFO]: [Chunky] Task stopped for minecraft:overworld.
[21:43:15] [Server thread/INFO]: [Chunky] Task running for minecraft:overworld. Processed: 279 chunks (1.73%), ETA: 0:05:22, Rate: 49.2 cps, Current: 6, 18
[21:43:16] [Server thread/INFO]: [Chunky] Task running for minecraft:overworld. Processed: 285 chunks (1.77%), ETA: 0:17:56, Rate: 14.7 cps, Current: 5, 20
[21:43:17] [Server thread/INFO]: [Chunky] Task running for minecraft:overworld. Processed: 294 chunks (1.82%), ETA: 0:21:49, Rate: 12.1 cps, Current: 4, 20
[21:43:20] [Server thread/INFO]: [Chunky] Task running for minecraft:overworld. Processed: 299 chunks (1.85%), ETA: 0:40:44, Rate: 6.5 cps, Current: 7, 20
[21:43:22] [Server thread/INFO]: [Chunky] Task running for minecraft:overworld. Processed: 300 chunks (1.86%), ETA: 0:51:54, Rate: 5.1 cps, Current: 4, 22
[21:43:25] [Server thread/INFO]: [Chunky] Task running for minecraft:overworld. Processed: 304 chunks (1.88%), ETA: 1:11:12, Rate: 3.7 cps, Current: 7, 21
[21:43:27] [Server thread/INFO]: [Chunky] Task running for minecraft:overworld. Processed: 305 chunks (1.89%), ETA: 1:17:11, Rate: 3.4 cps, Current: 6, 22
[21:43:28] [Server thread/INFO]: [Chunky] Task running for minecraft:overworld. Processed: 309 chunks (1.92%), ETA: 1:17:07, Rate: 3.4 cps, Current: 5, 23
[21:43:29] [Server thread/INFO]: [Chunky] Task running for minecraft:overworld. Processed: 314 chunks (1.95%), ETA: 1:14:51, Rate: 3.5 cps, Current: 1, 27
[21:43:30] [Server thread/INFO]: [Chunky] Task running for minecraft:overworld. Processed: 327 chunks (2.03%), ETA: 1:03:34, Rate: 4.1 cps, Current: 0, 27
[21:43:32] [Server thread/INFO]: [Chunky] Task running for minecraft:overworld. Processed: 330 chunks (2.05%), ETA: 1:09:41, Rate: 3.8 cps, Current: 0, 26
[21:43:34] [Server thread/INFO]: [Chunky] Task running for minecraft:overworld. Processed: 344 chunks (2.13%), ETA: 1:04:10, Rate: 4.1 cps, Current: 1, 30
[21:43:35] [Server thread/INFO]: [Chunky] Task running for minecraft:overworld. Processed: 360 chunks (2.23%), ETA: 0:56:42, Rate: 4.6 cps, Current: 7, 27
[21:43:36] [Server thread/INFO]: [Chunky] Task running for minecraft:overworld. Processed: 377 chunks (2.34%), ETA: 0:50:39, Rate: 5.2 cps, Current: 7, 29
[21:43:38] [Server thread/INFO]: [Chunky] Task running for minecraft:overworld. Processed: 380 chunks (2.36%), ETA: 0:52:52, Rate: 5.0 cps, Current: 4, 31
[21:43:39] [Server thread/INFO]: [Chunky] Task running for minecraft:overworld. Processed: 382 chunks (2.37%), ETA: 0:55:30, Rate: 4.7 cps, Current: 5, 31
[21:43:40] [Server thread/INFO]: [Chunky] Task running for minecraft:overworld. Processed: 385 chunks (2.39%), ETA: 0:56:17, Rate: 4.7 cps, Current: 8, 25
[21:43:42] [Server thread/INFO]: [Chunky] Task running for minecraft:overworld. Processed: 388 chunks (2.41%), ETA: 0:57:38, Rate: 4.6 cps, Current: 7, 31
[21:43:43] [Server thread/INFO]: [Chunky] Task running for minecraft:overworld. Processed: 392 chunks (2.43%), ETA: 0:58:34, Rate: 4.5 cps, Current: 9, 26
[21:43:44] [Server thread/INFO]: [Chunky] Task running for minecraft:overworld. Processed: 400 chunks (2.48%), ETA: 0:57:11, Rate: 4.6 cps, Current: 10, 24
[21:43:45] [Server thread/INFO]: [Chunky] Task running for minecraft:overworld. Processed: 409 chunks (2.54%), ETA: 1:01:24, Rate: 4.3 cps, Current: 9, 30
[21:43:46] [Server thread/INFO]: [Chunky] Task running for minecraft:overworld. Processed: 421 chunks (2.61%), ETA: 1:00:00, Rate: 4.4 cps, Current: 14, 29
[21:43:48] [Server thread/INFO]: [Chunky] Task running for minecraft:overworld. Processed: 430 chunks (2.67%), ETA: 0:55:24, Rate: 4.7 cps, Current: 12, 26
[21:43:51] [Server thread/INFO]: [Chunky] Task running for minecraft:overworld. Processed: 497 chunks (3.08%), ETA: 0:39:14, Rate: 6.6 cps, Current: 14, 17
[21:43:57] [Server thread/ERROR]: Failed to replant minecraft:wheat_seeds
[21:44:01] [Server thread/INFO]: [Chunky] Task running for minecraft:overworld. Processed: 510 chunks (3.16%), ETA: 0:42:03, Rate: 6.2 cps, Current: 15, 16
[21:44:08] [Server thread/INFO]: [Chunky] Task running for minecraft:overworld. Processed: 513 chunks (3.18%), ETA: 0:57:12, Rate: 4.5 cps, Current: 17, 17
[21:44:10] [Server thread/INFO]: [Chunky] Task running for minecraft:overworld. Processed: 524 chunks (3.25%), ETA: 0:54:09, Rate: 4.8 cps, Current: 18, 19
[21:44:11] [Server thread/INFO]: [Chunky] Task running for minecraft:overworld. Processed: 562 chunks (3.48%), ETA: 0:42:52, Rate: 6.1 cps, Current: 20, 22
[21:44:14] [Server thread/ERROR]: Failed to replant minecraft:wheat_seeds
[21:44:16] [Server thread/INFO]: [Chunky] Task running for minecraft:overworld. Processed: 577 chunks (3.58%), ETA: 0:49:20, Rate: 5.3 cps, Current: 16, 26
[21:44:17] [Server thread/INFO]: [Chunky] Task running for minecraft:overworld. Processed: 598 chunks (3.71%), ETA: 0:45:06, Rate: 5.7 cps, Current: 20, 27
[21:44:21] [Server thread/INFO]: [Chunky] Task running for minecraft:overworld. Processed: 631 chunks (3.91%), ETA: 0:55:47, Rate: 4.6 cps, Current: 16, 31
[21:44:25] [Server thread/INFO]: [Chunky] Task running for minecraft:overworld. Processed: 641 chunks (3.97%), ETA: 0:47:00, Rate: 5.5 cps, Current: 24, 24
[21:44:29] [Server thread/INFO]: [Chunky] Task running for minecraft:overworld. Processed: 642 chunks (3.98%), ETA: 0:53:33, Rate: 4.8 cps, Current: 24, 25
[21:44:30] [Server thread/INFO]: [Chunky] Task running for minecraft:overworld. Processed: 651 chunks (4.04%), ETA: 0:52:03, Rate: 5.0 cps, Current: 26, 28
[21:44:33] [Server thread/INFO]: [Chunky] Task running for minecraft:overworld. Processed: 676 chunks (4.19%), ETA: 0:38:56, Rate: 6.6 cps, Current: 30, 28
[21:44:34] [Server thread/INFO]: [Chunky] Task running for minecraft:overworld. Processed: 680 chunks (4.22%), ETA: 0:39:36, Rate: 6.5 cps, Current: 26, 31
[21:44:37] [Server thread/INFO]: [Chunky] Task running for minecraft:overworld. Processed: 697 chunks (4.32%), ETA: 0:39:44, Rate: 6.5 cps, Current: 28, 25
[21:44:39] [Server thread/INFO]: [Chunky] Task running for minecraft:overworld. Processed: 706 chunks (4.38%), ETA: 0:40:37, Rate: 6.3 cps, Current: 29, 23
[21:44:41] [Server thread/INFO]: [Chunky] Task running for minecraft:overworld. Processed: 728 chunks (4.51%), ETA: 0:42:08, Rate: 6.1 cps, Current: 31, 22
[21:44:43] [Server thread/INFO]: [Chunky] Task running for minecraft:overworld. Processed: 741 chunks (4.59%), ETA: 0:41:45, Rate: 6.1 cps, Current: 26, 19
[21:44:47] [Server thread/INFO]: [Chunky] Task running for minecraft:overworld. Processed: 743 chunks (4.61%), ETA: 1:01:02, Rate: 4.2 cps, Current: 24, 17
[21:44:52] [Server thread/INFO]: [Chunky] Task running for minecraft:overworld. Processed: 747 chunks (4.63%), ETA: 1:05:12, Rate: 3.9 cps, Current: 28, 19
[21:44:54] [Server thread/INFO]: [Chunky] Task running for minecraft:overworld. Processed: 758 chunks (4.70%), ETA: 1:02:47, Rate: 4.1 cps, Current: 28, 16
[21:44:55] [Server thread/INFO]: [Chunky] Task running for minecraft:overworld. Processed: 767 chunks (4.76%), ETA: 1:00:22, Rate: 4.2 cps, Current: 29, 15
[21:44:56] [Server thread/INFO]: [Qirell <Overworld>: Set own game mode to Creative Mode]
[21:44:57] [Server thread/INFO]: [Chunky] Task running for minecraft:overworld. Processed: 773 chunks (4.79%), ETA: 0:54:06, Rate: 4.7 cps, Current: 29, 11
[21:44:58] [Server thread/INFO]: [Chunky] Task running for minecraft:overworld. Processed: 774 chunks (4.80%), ETA: 0:56:08, Rate: 4.6 cps, Current: 30, 9
[21:45:00] [Server thread/INFO]: [Chunky] Task running for minecraft:overworld. Processed: 802 chunks (4.97%), ETA: 0:50:06, Rate: 5.1 cps, Current: 27, 11
[21:45:01] [Server thread/INFO]: [Chunky] Task running for minecraft:overworld. Processed: 829 chunks (5.14%), ETA: 0:45:40, Rate: 5.6 cps, Current: 24, 10
[21:45:02] [Server thread/INFO]: [Chunky] Task running for minecraft:overworld. Processed: 834 chunks (5.17%), ETA: 0:45:59, Rate: 5.5 cps, Current: 22, 13
[21:45:04] [Server thread/INFO]: [Chunky] Task running for minecraft:overworld. Processed: 875 chunks (5.43%), ETA: 0:38:35, Rate: 6.6 cps, Current: 19, 9
[21:45:06] [Server thread/INFO]: [Chunky] Task running for minecraft:overworld. Processed: 892 chunks (5.53%), ETA: 0:36:54, Rate: 6.9 cps, Current: 19, 8
[21:45:07] [Server thread/INFO]: [Chunky] Task running for minecraft:overworld. Processed: 902 chunks (5.59%), ETA: 0:36:20, Rate: 7.0 cps, Current: 17, 5
[21:45:08] [Server thread/INFO]: [Chunky] Task running for minecraft:overworld. Processed: 913 chunks (5.66%), ETA: 0:35:27, Rate: 7.2 cps, Current: 19, 5
[21:45:09] [Server thread/INFO]: [Chunky] Task running for minecraft:overworld. Processed: 930 chunks (5.77%), ETA: 0:34:15, Rate: 7.4 cps, Current: 18, 3
[21:45:11] [Server thread/INFO]: [Chunky] Task running for minecraft:overworld. Processed: 934 chunks (5.79%), ETA: 0:35:53, Rate: 7.1 cps, Current: 16, 1
[21:45:12] [Server thread/INFO]: [Chunky] Task running for minecraft:overworld. Processed: 936 chunks (5.80%), ETA: 0:37:01, Rate: 6.8 cps, Current: 18, 2
[21:45:13] [Server thread/INFO]: [Chunky] Task running for minecraft:overworld. Processed: 943 chunks (5.85%), ETA: 0:37:05, Rate: 6.8 cps, Current: 20, 3
[21:45:14] [Server thread/INFO]: [Chunky] Task running for minecraft:overworld. Processed: 971 chunks (6.02%), ETA: 0:29:07, Rate: 8.7 cps, Current: 26, 3
[21:45:15] [Server thread/INFO]: [Chunky] Task running for minecraft:overworld. Processed: 984 chunks (6.10%), ETA: 0:28:59, Rate: 8.7 cps, Current: 23, 0
[21:45:20] [Server thread/INFO]: [Chunky] Task running for minecraft:overworld. Processed: 993 chunks (6.16%), ETA: 0:27:52, Rate: 9.0 cps, Current: 28, 7
[21:45:21] [Server thread/INFO]: [Chunky] Task running for minecraft:overworld. Processed: 995 chunks (6.17%), ETA: 0:28:51, Rate: 8.7 cps, Current: 28, 6
[21:45:23] [Server thread/INFO]: [Chunky] Task running for minecraft:overworld. Processed: 999 chunks (6.19%), ETA: 0:30:03, Rate: 8.4 cps, Current: 29, 5
[21:45:24] [Server thread/INFO]: [Chunky] Task running for minecraft:overworld. Processed: 1006 chunks (6.24%), ETA: 0:30:19, Rate: 8.3 cps, Current: 30, 4
[21:45:25] [Server thread/INFO]: [Chunky] Task running for minecraft:overworld. Processed: 1011 chunks (6.27%), ETA: 0:30:12, Rate: 8.3 cps, Current: 30, 3
[21:45:27] [Server thread/INFO]: [Chunky] Task running for minecraft:overworld. Processed: 1025 chunks (6.36%), ETA: 0:28:57, Rate: 8.7 cps, Current: 28, 0
[21:45:29] [Server thread/INFO]: [Chunky] Task running for minecraft:overworld. Processed: 1031 chunks (6.39%), ETA: 0:31:36, Rate: 8.0 cps, Current: 35, 2
[21:45:36] [Server thread/INFO]: [Qirell <Overworld>: Running function spawnanimations:settings/vanilla]
[21:45:40] [Server thread/INFO]: [Chunky] Task running for minecraft:overworld. Processed: 1040 chunks (6.45%), ETA: 1:08:39, Rate: 3.7 cps, Current: 33, 4
[21:45:43] [Server thread/INFO]: [Chunky] Task running for minecraft:overworld. Processed: 1041 chunks (6.45%), ETA: 1:43:17, Rate: 2.4 cps, Current: 34, 3
[21:45:44] [Server thread/INFO]: [Chunky] Task running for minecraft:overworld. Processed: 1043 chunks (6.47%), ETA: 2:01:17, Rate: 2.1 cps, Current: 32, 5
[21:45:45] [Server thread/INFO]: [Chunky] Task running for minecraft:overworld. Processed: 1047 chunks (6.49%), ETA: 1:57:10, Rate: 2.1 cps, Current: 34, 4
[21:45:47] [Server thread/INFO]: [Chunky] Task running for minecraft:overworld. Processed: 1052 chunks (6.52%), ETA: 1:52:54, Rate: 2.2 cps, Current: 34, 5
[21:45:49] [Server thread/INFO]: [Chunky] Task running for minecraft:overworld. Processed: 1060 chunks (6.57%), ETA: 1:46:24, Rate: 2.4 cps, Current: 35, 6
[21:45:50] [Server thread/INFO]: [Chunky] Task running for minecraft:overworld. Processed: 1072 chunks (6.65%), ETA: 1:33:57, Rate: 2.7 cps, Current: 38, 3
[21:45:51] [Server thread/INFO]: [Chunky] Task running for minecraft:overworld. Processed: 1078 chunks (6.68%), ETA: 1:28:12, Rate: 2.8 cps, Current: 39, 7
[21:45:53] [Server thread/INFO]: [Chunky] Task running for minecraft:overworld. Processed: 1084 chunks (6.72%), ETA: 1:26:23, Rate: 2.9 cps, Current: 39, 1
[21:45:55] [Server thread/INFO]: [Chunky] Task running for minecraft:overworld. Processed: 1085 chunks (6.73%), ETA: 1:39:28, Rate: 2.5 cps, Current: 40, 1
[21:45:56] [Server thread/INFO]: [Chunky] Task running for minecraft:overworld. Processed: 1092 chunks (6.77%), ETA: 1:47:54, Rate: 2.3 cps, Current: 40, 0
[21:45:58] [Server thread/INFO]: [Chunky] Task running for minecraft:overworld. Processed: 1095 chunks (6.79%), ETA: 1:52:14, Rate: 2.2 cps, Current: 42, 1
[21:46:00] [Server thread/INFO]: [Chunky] Task running for minecraft:overworld. Processed: 1096 chunks (6.80%), ETA: 1:27:25, Rate: 2.9 cps, Current: 42, 3
[21:46:01] [Server thread/INFO]: [Chunky] Task running for minecraft:overworld. Processed: 1106 chunks (6.86%), ETA: 1:19:49, Rate: 3.1 cps, Current: 43, 5
[21:46:13] [Server thread/INFO]: [Qirell <Overworld>: Running function vanilla_refresh:_settings]
[21:46:15] [Server thread/INFO]: [Qirell <Overworld>: Running function vanilla_refresh:other/menus/main]
[21:46:19] [Server thread/INFO]: [Qirell <Overworld>: Running function vanilla_refresh:other/menus/player/settings1]
[21:46:21] [Server thread/INFO]: [Chunky] Task running for minecraft:overworld. Processed: 1125 chunks (6.98%), ETA: 2:34:43, Rate: 1.6 cps, Current: 43, 7
[21:46:22] [Server thread/INFO]: [Qirell <Overworld>: Running function vanilla_refresh:other/menus/player/settings2]
[21:46:23] [Server thread/INFO]: [Chunky] Task running for minecraft:overworld. Processed: 1149 chunks (7.12%), ETA: 1:53:19, Rate: 2.2 cps, Current: 47, 5
[21:46:24] [Server thread/INFO]: [Qirell <Overworld>: Running function vanilla_refresh:other/menus/player/settings3]
[21:46:24] [Server thread/INFO]: [Chunky] Task running for minecraft:overworld. Processed: 1151 chunks (7.14%), ETA: 1:46:29, Rate: 2.3 cps, Current: 47, 6
[21:46:25] [Server thread/INFO]: [Qirell <Overworld>: Running function vanilla_refresh:other/menus/player/settings2]
[21:46:25] [Server thread/INFO]: [Qirell <Overworld>: Running function vanilla_refresh:other/menus/player/settings1]
[21:46:26] [Server thread/INFO]: [Qirell <Overworld>: Running function vanilla_refresh:other/menus/main]
[21:46:27] [Server thread/INFO]: [Qirell <Overworld>: Running function vanilla_refresh:other/menus/death/settings1]
[21:46:29] [Server thread/INFO]: [Chunky] Task running for minecraft:overworld. Processed: 1153 chunks (7.15%), ETA: 2:06:17, Rate: 2.0 cps, Current: 40, 8
[21:46:30] [Server thread/INFO]: [Qirell <Overworld>: Running function vanilla_refresh:other/actions/death/death_enable_2]
[21:46:31] [Server thread/INFO]: [Chunky] Task running for minecraft:overworld. Processed: 1165 chunks (7.22%), ETA: 2:02:59, Rate: 2.0 cps, Current: 44, 10
[21:46:32] [Server thread/INFO]: [Chunky] Task running for minecraft:overworld. Processed: 1174 chunks (7.28%), ETA: 0:54:19, Rate: 4.6 cps, Current: 45, 10
[21:46:32] [Server thread/INFO]: [Qirell <Overworld>: Running function vanilla_refresh:other/actions/death/death_enable]
[21:46:34] [Server thread/INFO]: [Chunky] Task running for minecraft:overworld. Processed: 1188 chunks (7.37%), ETA: 0:52:09, Rate: 4.8 cps, Current: 44, 12
[21:46:35] [Server thread/INFO]: [Chunky] Task running for minecraft:overworld. Processed: 1194 chunks (7.40%), ETA: 0:51:35, Rate: 4.8 cps, Current: 44, 15
[21:46:36] [Server thread/INFO]: [Chunky] Task running for minecraft:overworld. Processed: 1211 chunks (7.51%), ETA: 0:44:26, Rate: 5.6 cps, Current: 41, 13
[21:46:37] [Server thread/INFO]: [Qirell <Overworld>: Running function vanilla_refresh:other/menus/death/settings2]
[21:46:37] [Server thread/INFO]: [Chunky] Task running for minecraft:overworld. Processed: 1268 chunks (7.86%), ETA: 0:28:30, Rate: 8.7 cps, Current: 32, 13
[21:46:38] [Server thread/INFO]: [Qirell <Overworld>: Running function vanilla_refresh:other/menus/death/settings1]
[21:46:39] [Server thread/INFO]: [Chunky] Task running for minecraft:overworld. Processed: 1279 chunks (7.93%), ETA: 0:29:29, Rate: 8.4 cps, Current: 33, 15
[21:46:41] [Server thread/INFO]: [Qirell <Overworld>: Running function vanilla_refresh:other/menus/death/settings2]
[21:46:44] [Server thread/INFO]: [Chunky] Task running for minecraft:overworld. Processed: 1281 chunks (7.94%), ETA: 0:36:12, Rate: 6.8 cps, Current: 34, 16
[21:46:44] [Server thread/INFO]: [Qirell <Overworld>: Running function vanilla_refresh:other/actions/death/soul_enable]
[21:46:45] [Server thread/INFO]: [Qirell <Overworld>: Running function vanilla_refresh:other/actions/death/soul_enable_keepinv]
[21:46:45] [Server thread/INFO]: [Chunky] Task running for minecraft:overworld. Processed: 1285 chunks (7.97%), ETA: 0:37:22, Rate: 6.6 cps, Current: 33, 17
[21:46:46] [Server thread/INFO]: [Qirell <Overworld>: Running function vanilla_refresh:other/menus/death/settings3]
[21:46:46] [Server thread/INFO]: [Chunky] Task running for minecraft:overworld. Processed: 1309 chunks (8.12%), ETA: 0:33:50, Rate: 7.3 cps, Current: 38, 16
[21:46:47] [Server thread/INFO]: [Chunky] Task running for minecraft:overworld. Processed: 1329 chunks (8.24%), ETA: 0:31:43, Rate: 7.8 cps, Current: 33, 22
[21:46:48] [Server thread/INFO]: [Qirell <Overworld>: Running function vanilla_refresh:other/menus/death/settings2]
[21:46:49] [Server thread/INFO]: [Chunky] Task running for minecraft:overworld. Processed: 1344 chunks (8.33%), ETA: 0:31:54, Rate: 7.7 cps, Current: 39, 23
[21:46:50] [Server thread/INFO]: [Qirell <Overworld>: Running function vanilla_refresh:other/menus/death/settings3]
[21:46:53] [Server thread/INFO]: [Chunky] Task running for minecraft:overworld. Processed: 1345 chunks (8.34%), ETA: 0:36:38, Rate: 6.7 cps, Current: 32, 24
[21:46:54] [Server thread/INFO]: [Chunky] Task running for minecraft:overworld. Processed: 1353 chunks (8.39%), ETA: 0:30:24, Rate: 8.1 cps, Current: 34, 25
[21:46:55] [Server thread/INFO]: [Chunky] Task running for minecraft:overworld. Processed: 1362 chunks (8.44%), ETA: 0:30:22, Rate: 8.1 cps, Current: 33, 29
[21:46:56] [Server thread/INFO]: [Chunky] Task running for minecraft:overworld. Processed: 1389 chunks (8.61%), ETA: 0:28:04, Rate: 8.8 cps, Current: 35, 30
[21:46:57] [Server thread/INFO]: [Qirell <Overworld>: Running function vanilla_refresh:other/actions/death/playerheads_enable_2]
[21:46:59] [Server thread/INFO]: [Chunky] Task running for minecraft:overworld. Processed: 1403 chunks (8.70%), ETA: 0:29:19, Rate: 8.4 cps, Current: 38, 30
[21:47:00] [Server thread/INFO]: [Qirell <Overworld>: Running function vanilla_refresh:other/actions/death/playerheads_disable]
[21:47:01] [Server thread/INFO]: [Chunky] Task running for minecraft:overworld. Processed: 1407 chunks (8.72%), ETA: 0:30:19, Rate: 8.1 cps, Current: 38, 31
[21:47:03] [Server thread/INFO]: [Chunky] Task running for minecraft:overworld. Processed: 1409 chunks (8.74%), ETA: 0:32:15, Rate: 7.6 cps, Current: 40, 25
[21:47:04] [Server thread/INFO]: [Qirell <Overworld>: Running function vanilla_refresh:other/menus/death/settings2]
[21:47:04] [Server thread/INFO]: [Qirell <Overworld>: Running function vanilla_refresh:other/menus/death/settings1]
[21:47:05] [Server thread/INFO]: [Qirell <Overworld>: Running function vanilla_refresh:other/menus/main]
[21:47:06] [Server thread/INFO]: [Qirell <Overworld>: Running function vanilla_refresh:other/menus/block/settings1]
[21:47:07] [Server thread/INFO]: [Chunky] Task running for minecraft:overworld. Processed: 1415 chunks (8.77%), ETA: 0:50:19, Rate: 4.9 cps, Current: 41, 24
[21:47:08] [Server thread/INFO]: [Chunky] Task running for minecraft:overworld. Processed: 1423 chunks (8.82%), ETA: 0:49:16, Rate: 5.0 cps, Current: 43, 28
[21:47:09] [Server thread/INFO]: [Qirell <Overworld>: Running function vanilla_refresh:other/menus/block/settings2]
[21:47:09] [Server thread/INFO]: [Qirell <Overworld>: Running function vanilla_refresh:other/menus/block/settings3]
[21:47:10] [Server thread/INFO]: [Chunky] Task running for minecraft:overworld. Processed: 1433 chunks (8.88%), ETA: 0:41:17, Rate: 5.9 cps, Current: 45, 29
[21:47:10] [Server thread/INFO]: [Qirell <Overworld>: Running function vanilla_refresh:other/menus/block/settings4]
[21:47:10] [Server thread/INFO]: [Qirell <Overworld>: Running function vanilla_refresh:other/menus/block/settings4]
[21:47:12] [Server thread/INFO]: [Qirell <Overworld>: Running function vanilla_refresh:other/menus/block/settings3]
[21:47:13] [Server thread/INFO]: [Chunky] Task running for minecraft:overworld. Processed: 1435 chunks (8.90%), ETA: 0:46:01, Rate: 5.3 cps, Current: 45, 27
[21:47:13] [Server thread/INFO]: [Qirell <Overworld>: Running function vanilla_refresh:other/menus/block/settings2]
[21:47:13] [Server thread/INFO]: [Qirell <Overworld>: Running function vanilla_refresh:other/menus/block/settings1]
[21:47:14] [Server thread/INFO]: [Qirell <Overworld>: Running function vanilla_refresh:other/menus/main]
[21:47:14] [Server thread/INFO]: [Chunky] Task running for minecraft:overworld. Processed: 1451 chunks (9.00%), ETA: 0:42:24, Rate: 5.8 cps, Current: 47, 27
[21:47:15] [Server thread/INFO]: [Chunky] Task running for minecraft:overworld. Processed: 1456 chunks (9.03%), ETA: 0:47:52, Rate: 5.1 cps, Current: 44, 31
[21:47:15] [Server thread/INFO]: [Qirell <Overworld>: Running function vanilla_refresh:other/menus/antigrief/settings1]
[21:47:16] [Server thread/INFO]: [Chunky] Task running for minecraft:overworld. Processed: 1461 chunks (9.06%), ETA: 0:53:36, Rate: 4.6 cps, Current: 47, 28
[21:47:17] [Server thread/INFO]: [Chunky] Task running for minecraft:overworld. Processed: 1476 chunks (9.15%), ETA: 0:51:32, Rate: 4.7 cps, Current: 43, 21
[21:47:18] [Server thread/INFO]: [Qirell <Overworld>: Running function vanilla_refresh:other/menus/main]
[21:47:19] [Server thread/INFO]: [Chunky] Task running for minecraft:overworld. Processed: 1493 chunks (9.26%), ETA: 0:47:30, Rate: 5.1 cps, Current: 40, 21
[21:47:19] [Server thread/INFO]: [Qirell <Overworld>: Running function vanilla_refresh:other/menus/mob/settings1]
[21:47:20] [Server thread/INFO]: [Chunky] Task running for minecraft:overworld. Processed: 1521 chunks (9.43%), ETA: 0:37:46, Rate: 6.4 cps, Current: 44, 16
[21:47:21] [Server thread/INFO]: [Chunky] Task running for minecraft:overworld. Processed: 1533 chunks (9.50%), ETA: 0:36:44, Rate: 6.6 cps, Current: 47, 17
[21:47:22] [Server thread/INFO]: [Qirell <Overworld>: Running function vanilla_refresh:other/actions/mob/mob_health_disable]
[21:47:24] [Server thread/INFO]: [Qirell <Overworld>: Running function vanilla_refresh:other/menus/mob/settings2]
[21:47:26] [Server thread/INFO]: [Qirell <Overworld>: Running function vanilla_refresh:other/menus/mob/settings3]
[21:47:28] [Server thread/INFO]: [Qirell <Overworld>: Running function vanilla_refresh:other/menus/mob/settings4]
[21:47:31] [Server thread/INFO]: [Qirell <Overworld>: Running function vanilla_refresh:other/menus/mob/settings3]
[21:47:31] [Server thread/INFO]: [Qirell <Overworld>: Running function vanilla_refresh:other/menus/mob/settings3]
[21:47:31] [Server thread/INFO]: [Qirell <Overworld>: Running function vanilla_refresh:other/menus/mob/settings2]
[21:47:32] [Server thread/INFO]: [Qirell <Overworld>: Running function vanilla_refresh:other/menus/mob/settings2]
[21:47:32] [Server thread/INFO]: [Qirell <Overworld>: Running function vanilla_refresh:other/menus/mob/settings1]
[21:47:32] [Server thread/INFO]: [Qirell <Overworld>: Running function vanilla_refresh:other/menus/mob/settings1]
[21:47:33] [Server thread/INFO]: [Qirell <Overworld>: Running function vanilla_refresh:other/menus/main]
[21:47:34] [Server thread/INFO]: [Qirell <Overworld>: Running function vanilla_refresh:other/menus/stats/settings1]
[21:47:41] [Server thread/INFO]: [Qirell <Overworld>: Running function vanilla_refresh:other/actions/stats/tab_2]
[21:47:49] [Server thread/INFO]: [Chunky] Task running for minecraft:overworld. Processed: 1537 chunks (9.53%), ETA: 6:48:10, Rate: 0.6 cps, Current: 48, 17
[21:47:49] [Server thread/INFO]: [Qirell <Overworld>: Running function vanilla_refresh:other/actions/stats/tab_3]
[21:47:50] [Server thread/INFO]: [Chunky] Task running for minecraft:overworld. Processed: 1542 chunks (9.56%), ETA: 5:26:49, Rate: 0.7 cps, Current: 49, 18
[21:47:51] [Server thread/INFO]: [Chunky] Task running for minecraft:overworld. Processed: 1552 chunks (9.62%), ETA: 0:40:58, Rate: 5.9 cps, Current: 49, 16
[21:47:53] [Server thread/INFO]: [Chunky] Task running for minecraft:overworld. Processed: 1568 chunks (9.72%), ETA: 0:32:55, Rate: 7.4 cps, Current: 53, 20
[21:47:54] [Server thread/INFO]: [Qirell <Overworld>: Running function vanilla_refresh:other/actions/stats/tab_4]
[21:47:54] [Server thread/INFO]: [Chunky] Task running for minecraft:overworld. Processed: 1580 chunks (9.80%), ETA: 0:30:05, Rate: 8.1 cps, Current: 49, 21
[21:47:55] [Server thread/INFO]: [Qirell <Overworld>: Running function vanilla_refresh:other/actions/stats/tab_5]
[21:47:56] [Server thread/INFO]: [Qirell <Overworld>: Running function vanilla_refresh:other/actions/stats/tab_9]
[21:47:57] [Server thread/INFO]: [Qirell <Overworld>: Running function vanilla_refresh:other/actions/stats/tab_6]
[21:47:58] [Server thread/INFO]: [Qirell <Overworld>: Running function vanilla_refresh:other/actions/stats/tab_7]
[21:47:59] [Server thread/INFO]: [Chunky] Task running for minecraft:overworld. Processed: 1601 chunks (9.93%), ETA: 0:37:04, Rate: 6.5 cps, Current: 49, 27
[21:47:59] [Server thread/INFO]: [Qirell <Overworld>: Running function vanilla_refresh:other/actions/stats/tab_8]
[21:48:00] [Server thread/INFO]: [Qirell <Overworld>: Running function vanilla_refresh:other/actions/stats/tab_0]
[21:48:01] [Server thread/INFO]: [Qirell <Overworld>: Running function vanilla_refresh:other/actions/stats/tab_1]
[21:48:02] [Server thread/INFO]: [Qirell <Overworld>: Running function vanilla_refresh:other/actions/stats/tab_2]
[21:48:03] [Server thread/INFO]: [Chunky] Task running for minecraft:overworld. Processed: 1602 chunks (9.93%), ETA: 0:52:15, Rate: 4.6 cps, Current: 49, 28
[21:48:04] [Server thread/INFO]: [Qirell <Overworld>: Running function vanilla_refresh:other/menus/stats/settings2]
[21:48:05] [Server thread/INFO]: [Chunky] Task running for minecraft:overworld. Processed: 1610 chunks (9.98%), ETA: 0:51:49, Rate: 4.7 cps, Current: 48, 25
[21:48:06] [Server thread/INFO]: [Chunky] Task running for minecraft:overworld. Processed: 1623 chunks (10.06%), ETA: 0:48:37, Rate: 5.0 cps, Current: 55, 28
[21:48:07] [Server thread/INFO]: [Chunky] Task running for minecraft:overworld. Processed: 1629 chunks (10.10%), ETA: 0:48:04, Rate: 5.0 cps, Current: 54, 26
[21:48:13] [Server thread/INFO]: [Chunky] Task running for minecraft:overworld. Processed: 1664 chunks (10.32%), ETA: 0:44:49, Rate: 5.4 cps, Current: 55, 31
[21:48:16] [Server thread/INFO]: [Qirell <Overworld>: Running function vanilla_refresh:other/menus/stats/settings3]
[21:48:18] [Server thread/INFO]: [Chunky] Task running for minecraft:overworld. Processed: 1665 chunks (10.32%), ETA: 0:54:30, Rate: 4.4 cps, Current: 56, 26
[21:48:19] [Server thread/INFO]: [Qirell <Overworld>: Running function vanilla_refresh:other/menus/stats/settings2]
[21:48:19] [Server thread/INFO]: [Qirell <Overworld>: Running function vanilla_refresh:other/menus/stats/settings2]
[21:48:20] [Server thread/INFO]: [Qirell <Overworld>: Running function vanilla_refresh:other/menus/stats/settings1]
[21:48:20] [Server thread/INFO]: [Qirell <Overworld>: Running function vanilla_refresh:other/menus/main]
[21:48:22] [Server thread/INFO]: [Qirell <Overworld>: Running function vanilla_refresh:other/menus/creative/1]
[21:48:23] [Server thread/INFO]: [Qirell <Overworld>: Running function vanilla_refresh:other/menus/main]
[21:48:23] [Server thread/INFO]: [Qirell <Overworld>: Running function vanilla_refresh:other/menus/mob/settings1]
[21:48:25] [Server thread/INFO]: [Chunky] Task running for minecraft:overworld. Processed: 1666 chunks (10.33%), ETA: 1:35:06, Rate: 2.5 cps, Current: 56, 25
[21:48:25] [Server thread/INFO]: [Qirell <Overworld>: Running function vanilla_refresh:other/menus/main]
[21:48:26] [Server thread/INFO]: [Qirell <Overworld>: Running function vanilla_refresh:other/menus/other/settings1]
[21:48:27] [Server thread/INFO]: [Chunky] Task running for minecraft:overworld. Processed: 1669 chunks (10.35%), ETA: 1:40:07, Rate: 2.4 cps, Current: 56, 27
[21:48:29] [Server thread/INFO]: [Chunky] Task running for minecraft:overworld. Processed: 1670 chunks (10.35%), ETA: 1:30:29, Rate: 2.7 cps, Current: 58, 25
[21:48:29] [Server thread/INFO]: [Qirell <Overworld>: Running function vanilla_refresh:other/actions/other/biome_disable]
[21:48:30] [Server thread/INFO]: [Chunky] Task running for minecraft:overworld. Processed: 1678 chunks (10.40%), ETA: 1:24:17, Rate: 2.9 cps, Current: 57, 24
[21:48:32] [Server thread/INFO]: [Qirell <Overworld>: Running function vanilla_refresh:other/menus/other/settings2]
[21:48:34] [Server thread/INFO]: [Chunky] Task running for minecraft:overworld. Processed: 1714 chunks (10.63%), ETA: 1:07:43, Rate: 3.5 cps, Current: 62, 26
[21:48:34] [Server thread/INFO]: [Qirell <Overworld>: Running function vanilla_refresh:other/menus/other/settings1]
[21:48:35] [Server thread/INFO]: [Qirell <Overworld>: Running function vanilla_refresh:other/menus/main]
[21:48:35] [Server thread/INFO]: [Qirell <Overworld>: Running function vanilla_refresh:other/menus/mob/settings1]
[21:48:35] [Server thread/INFO]: [Chunky] Task running for minecraft:overworld. Processed: 1715 chunks (10.63%), ETA: 1:14:49, Rate: 3.2 cps, Current: 63, 27
[21:48:36] [Server thread/INFO]: [Qirell <Overworld>: Running function vanilla_refresh:other/menus/main]
[21:48:40] [Server thread/INFO]: [Chunky] Task running for minecraft:overworld. Processed: 1721 chunks (10.67%), ETA: 1:52:06, Rate: 2.1 cps, Current: 60, 23
[21:48:41] [Server thread/INFO]: [Chunky] Task running for minecraft:overworld. Processed: 1726 chunks (10.70%), ETA: 1:47:51, Rate: 2.2 cps, Current: 60, 24
[21:48:42] [Server thread/INFO]: [Chunky] Task running for minecraft:overworld. Processed: 1728 chunks (10.71%), ETA: 1:48:45, Rate: 2.2 cps, Current: 60, 22
[21:48:44] [Server thread/INFO]: [Chunky] Task running for minecraft:overworld. Processed: 1752 chunks (10.86%), ETA: 1:10:28, Rate: 3.4 cps, Current: 60, 20
[21:48:45] [Server thread/INFO]: [Qirell <Overworld>: Set own game mode to Survival Mode]
[21:48:50] [Server thread/INFO]: [Chunky] Task running for minecraft:overworld. Processed: 1761 chunks (10.92%), ETA: 1:04:16, Rate: 3.7 cps, Current: 62, 20
[21:49:09] [Server thread/INFO]: Qirell <Overworld> has made the advancement ['X' Marks the Spot]
[21:49:09] [Server thread/WARN]: Couldn't set damage of loot item 1 minecraft:iron_ingot
[21:49:09] [Server thread/WARN]: Couldn't set damage of loot item 1 minecraft:iron_ingot
[21:49:09] [Server thread/WARN]: Couldn't set damage of loot item 1 minecraft:iron_ingot
[21:49:09] [Server thread/WARN]: Couldn't set damage of loot item 1 minecraft:iron_nugget
[21:49:09] [Server thread/WARN]: Couldn't set damage of loot item 1 minecraft:iron_ingot
[21:49:09] [Server thread/WARN]: Couldn't set damage of loot item 1 minecraft:iron_ingot
[21:49:09] [Server thread/WARN]: Couldn't set damage of loot item 1 minecraft:iron_nugget
[21:49:09] [Server thread/WARN]: Couldn't set damage of loot item 1 minecraft:iron_ingot
[21:49:11] [Server thread/INFO]: [Chunky] Task running for minecraft:overworld. Processed: 1769 chunks (10.97%), ETA: 2:45:17, Rate: 1.4 cps, Current: 56, 17
[21:49:12] [Server thread/INFO]: [Chunky] Task running for minecraft:overworld. Processed: 1773 chunks (10.99%), ETA: 5:07:49, Rate: 0.8 cps, Current: 58, 17
[21:49:14] [Server thread/INFO]: [Chunky] Task running for minecraft:overworld. Processed: 1777 chunks (11.02%), ETA: 4:33:39, Rate: 0.9 cps, Current: 60, 19
[21:49:16] [Server thread/INFO]: [Chunky] Task running for minecraft:overworld. Processed: 1781 chunks (11.04%), ETA: 4:54:31, Rate: 0.8 cps, Current: 61, 16
[21:49:18] [Server thread/INFO]: [Chunky] Task running for minecraft:overworld. Processed: 1788 chunks (11.09%), ETA: 3:50:49, Rate: 1.0 cps, Current: 62, 16
[21:49:18] [Server thread/INFO]: Villager class_1646['Tiberius Dreamshadow'/302, l='ServerLevel[world]', x=46.93, y=67.00, z=82.98] died, message: 'Tiberius Dreamshadow was slain by Husk'
[21:49:18] [Server thread/INFO]: Named entity class_1646['Tiberius Dreamshadow'/302, l='ServerLevel[world]', x=46.93, y=67.00, z=82.98] died: Tiberius Dreamshadow was slain by Husk
[21:49:19] [Server thread/INFO]: [Chunky] Task running for minecraft:overworld. Processed: 1790 chunks (11.10%), ETA: 3:50:54, Rate: 1.0 cps, Current: 61, 13
[21:49:21] [Server thread/INFO]: [Chunky] Task running for minecraft:overworld. Processed: 1803 chunks (11.18%), ETA: 1:10:17, Rate: 3.4 cps, Current: 60, 13
[21:49:23] [Server thread/INFO]: [Chunky] Task running for minecraft:overworld. Processed: 1808 chunks (11.21%), ETA: 1:11:50, Rate: 3.3 cps, Current: 62, 10
[21:49:24] [Server thread/INFO]: [Chunky] Task running for minecraft:overworld. Processed: 1816 chunks (11.26%), ETA: 1:05:50, Rate: 3.6 cps, Current: 59, 12
[21:49:25] [Server thread/INFO]: Qirell <Overworld> has made the advancement [Blood?]
[21:49:25] [Server thread/INFO]: [Chunky] Task running for minecraft:overworld. Processed: 1827 chunks (11.33%), ETA: 0:58:00, Rate: 4.1 cps, Current: 58, 15
[21:49:26] [Server thread/INFO]: [Chunky] Task running for minecraft:overworld. Processed: 1865 chunks (11.56%), ETA: 0:37:54, Rate: 6.3 cps, Current: 53, 13
[21:49:29] [Server thread/INFO]: [Chunky] Task running for minecraft:overworld. Processed: 1870 chunks (11.59%), ETA: 0:42:17, Rate: 5.6 cps, Current: 52, 14
[21:49:30] [Server thread/INFO]: [Chunky] Task running for minecraft:overworld. Processed: 1882 chunks (11.67%), ETA: 0:39:53, Rate: 6.0 cps, Current: 52, 12
[21:49:31] [Server thread/INFO]: [Chunky] Task running for minecraft:overworld. Processed: 1888 chunks (11.71%), ETA: 0:39:52, Rate: 6.0 cps, Current: 50, 12
[21:49:33] [Server thread/INFO]: [Chunky] Task running for minecraft:overworld. Processed: 1908 chunks (11.83%), ETA: 0:37:11, Rate: 6.4 cps, Current: 50, 8
[21:49:34] [Server thread/INFO]: [Chunky] Task running for minecraft:overworld. Processed: 1913 chunks (11.86%), ETA: 0:37:48, Rate: 6.3 cps, Current: 50, 10
[21:49:37] [Server thread/INFO]: [Chunky] Task running for minecraft:overworld. Processed: 1921 chunks (11.91%), ETA: 0:39:37, Rate: 6.0 cps, Current: 54, 7
[21:49:38] [Server thread/INFO]: [Chunky] Task running for minecraft:overworld. Processed: 1923 chunks (11.92%), ETA: 0:41:37, Rate: 5.7 cps, Current: 52, 7
[21:49:40] [Server thread/INFO]: [Chunky] Task running for minecraft:overworld. Processed: 1933 chunks (11.98%), ETA: 0:40:57, Rate: 5.8 cps, Current: 52, 6
[21:49:41] [Server thread/INFO]: [Chunky] Task running for minecraft:overworld. Processed: 1940 chunks (12.03%), ETA: 0:40:50, Rate: 5.8 cps, Current: 50, 5
[21:49:42] [Server thread/INFO]: [Chunky] Task running for minecraft:overworld. Processed: 1951 chunks (12.10%), ETA: 0:38:42, Rate: 6.1 cps, Current: 49, 2
[21:49:43] [Server thread/INFO]: [Chunky] Task running for minecraft:overworld. Processed: 1959 chunks (12.15%), ETA: 0:38:24, Rate: 6.1 cps, Current: 50, 3
[21:49:44] [Server thread/INFO]: [Chunky] Task running for minecraft:overworld. Processed: 1963 chunks (12.17%), ETA: 0:36:02, Rate: 6.5 cps, Current: 52, 1
[21:49:46] [Server thread/INFO]: [Chunky] Task running for minecraft:overworld. Processed: 1966 chunks (12.19%), ETA: 0:37:54, Rate: 6.2 cps, Current: 48, 0
[21:49:48] [Server thread/INFO]: [Chunky] Task running for minecraft:overworld. Processed: 1972 chunks (12.23%), ETA: 0:36:57, Rate: 6.4 cps, Current: 53, 2
[21:49:49] [Server thread/INFO]: [Chunky] Task running for minecraft:overworld. Processed: 1974 chunks (12.24%), ETA: 0:38:04, Rate: 6.2 cps, Current: 51, 0
[21:49:51] [Server thread/INFO]: [Chunky] Task running for minecraft:overworld. Processed: 1980 chunks (12.28%), ETA: 0:38:47, Rate: 6.1 cps, Current: 56, 4
[21:49:51] [Server thread/INFO]: Qirell <Overworld> has made the advancement [Monster Hunter]
[21:49:52] [Server thread/INFO]: [Chunky] Task running for minecraft:overworld. Processed: 2001 chunks (12.41%), ETA: 0:34:58, Rate: 6.7 cps, Current: 59, 4
[21:49:53] [Server thread/INFO]: [Chunky] Task running for minecraft:overworld. Processed: 2006 chunks (12.44%), ETA: 0:35:18, Rate: 6.7 cps, Current: 59, 2
[21:49:54] [Server thread/INFO]: [Chunky] Task running for minecraft:overworld. Processed: 2017 chunks (12.51%), ETA: 0:34:51, Rate: 6.7 cps, Current: 60, 7
[21:49:55] [Server thread/INFO]: Qirell <Overworld> has made the advancement [Acquire Hardware]
[21:50:20] [Server thread/INFO]: [Chunky] Task running for minecraft:overworld. Processed: 2018 chunks (12.51%), ETA: 2:59:07, Rate: 1.3 cps, Current: 60, 6
[21:50:22] [Server thread/INFO]: [Chunky] Task running for minecraft:overworld. Processed: 2021 chunks (12.53%), ETA: 7:10:04, Rate: 0.5 cps, Current: 61, 7
[21:50:24] [Server thread/INFO]: [Chunky] Task running for minecraft:overworld. Processed: 2026 chunks (12.56%), ETA: 11:33:53, Rate: 0.3 cps, Current: 62, 6
[21:50:38] [Server thread/INFO]: Updating the respawn location of player Qirell to [110, 67, 42] in minecraft:overworld
[21:50:38] [Server thread/INFO]: Qirell <Overworld> has made the advancement [Sweet Dreams]
[21:50:38] [Server thread/INFO]: [Chunky] Task running for minecraft:overworld. Processed: 2027 chunks (12.57%), ETA: 7:06:36, Rate: 0.6 cps, Current: 62, 3
[21:50:40] [Server thread/INFO]: [Chunky] Task running for minecraft:overworld. Processed: 2029 chunks (12.58%), ETA: 6:17:11, Rate: 0.6 cps, Current: 61, 3
[21:50:44] [Server thread/INFO]: [Chunky] Task running for minecraft:overworld. Processed: 2034 chunks (12.61%), ETA: 5:28:53, Rate: 0.7 cps, Current: 63, 3
[21:50:48] [Server thread/INFO]: [Chunky] Task running for minecraft:overworld. Processed: 2036 chunks (12.62%), ETA: 5:48:42, Rate: 0.7 cps, Current: 63, 7
[21:50:50] [Server thread/INFO]: [Chunky] Task running for minecraft:overworld. Processed: 2039 chunks (12.64%), ETA: 5:19:05, Rate: 0.7 cps, Current: 63, 4
[21:50:52] [Server thread/INFO]: [Chunky] Task running for minecraft:overworld. Processed: 2044 chunks (12.67%), ETA: 4:53:18, Rate: 0.8 cps, Current: 33, -29
[21:50:55] [Server thread/INFO]: [Chunky] Task running for minecraft:overworld. Processed: 2047 chunks (12.69%), ETA: 3:04:43, Rate: 1.3 cps, Current: 33, -30
[21:50:56] [Server thread/INFO]: [Chunky] Task running for minecraft:overworld. Processed: 2059 chunks (12.77%), ETA: 2:04:44, Rate: 1.9 cps, Current: 35, -31
[21:50:57] [Server thread/INFO]: [Chunky] Task running for minecraft:overworld. Processed: 2063 chunks (12.79%), ETA: 2:00:56, Rate: 1.9 cps, Current: 35, -30
[21:51:00] [Server thread/INFO]: [Chunky] Task running for minecraft:overworld. Processed: 2067 chunks (12.82%), ETA: 2:04:59, Rate: 1.9 cps, Current: 32, -32
[21:51:07] [Server thread/WARN]: Couldn't set damage of loot item 1 minecraft:iron_ingot
[21:51:07] [Server thread/WARN]: Couldn't set damage of loot item 1 minecraft:iron_nugget
[21:51:07] [Server thread/WARN]: Couldn't set damage of loot item 1 minecraft:iron_ingot
[21:51:07] [Server thread/WARN]: Couldn't set damage of loot item 1 minecraft:iron_nugget
[21:51:07] [Server thread/INFO]: [Chunky] Task running for minecraft:overworld. Processed: 2076 chunks (12.87%), ETA: 2:14:44, Rate: 1.7 cps, Current: 35, -26
[21:51:09] [Server thread/INFO]: [Chunky] Task running for minecraft:overworld. Processed: 2077 chunks (12.88%), ETA: 2:19:58, Rate: 1.7 cps, Current: 32, -25
[21:51:11] [Server thread/INFO]: [Chunky] Task running for minecraft:overworld. Processed: 2088 chunks (12.95%), ETA: 1:56:16, Rate: 2.0 cps, Current: 38, -27
[21:51:13] [Server thread/INFO]: [Chunky] Task running for minecraft:overworld. Processed: 2096 chunks (13.00%), ETA: 1:46:12, Rate: 2.2 cps, Current: 39, -26
[21:51:17] [Server thread/INFO]: [Chunky] Task running for minecraft:overworld. Processed: 2105 chunks (13.05%), ETA: 1:34:08, Rate: 2.5 cps, Current: 39, -29
[21:51:22] [Server thread/INFO]: [Chunky] Task running for minecraft:overworld. Processed: 2107 chunks (13.06%), ETA: 1:44:06, Rate: 2.2 cps, Current: 39, -25
[21:51:24] [Server thread/INFO]: [Chunky] Task running for minecraft:overworld. Processed: 2113 chunks (13.10%), ETA: 1:41:42, Rate: 2.3 cps, Current: 40, -32
[21:51:27] [Server thread/INFO]: [Chunky] Task running for minecraft:overworld. Processed: 2115 chunks (13.11%), ETA: 2:10:46, Rate: 1.8 cps, Current: 41, -32
[21:51:29] [Server thread/INFO]: [Chunky] Task running for minecraft:overworld. Processed: 2117 chunks (13.13%), ETA: 2:09:31, Rate: 1.8 cps, Current: 44, -31
[21:51:30] [Server thread/INFO]: [Chunky] Task running for minecraft:overworld. Processed: 2129 chunks (13.20%), ETA: 1:48:28, Rate: 2.2 cps, Current: 42, -32
[21:51:33] [Server thread/INFO]: [Chunky] Task running for minecraft:overworld. Processed: 2168 chunks (13.44%), ETA: 1:04:17, Rate: 3.6 cps, Current: 47, -32
[21:51:40] [Server thread/INFO]: [Chunky] Task running for minecraft:overworld. Processed: 2173 chunks (13.47%), ETA: 1:17:33, Rate: 3.0 cps, Current: 47, -28
[21:51:44] [Server thread/INFO]: [Chunky] Task running for minecraft:overworld. Processed: 2176 chunks (13.49%), ETA: 1:27:12, Rate: 2.7 cps, Current: 42, -24
[21:51:45] [Server thread/INFO]: [Chunky] Task running for minecraft:overworld. Processed: 2179 chunks (13.51%), ETA: 1:28:12, Rate: 2.6 cps, Current: 46, -23
[21:51:46] [Server thread/INFO]: [Chunky] Task running for minecraft:overworld. Processed: 2181 chunks (13.52%), ETA: 1:29:48, Rate: 2.6 cps, Current: 42, -23
[21:51:47] [Server thread/INFO]: [Chunky] Task running for minecraft:overworld. Processed: 2190 chunks (13.58%), ETA: 1:09:57, Rate: 3.3 cps, Current: 45, -24
[21:51:49] [Server thread/INFO]: [Chunky] Task running for minecraft:overworld. Processed: 2205 chunks (13.67%), ETA: 1:02:09, Rate: 3.7 cps, Current: 41, -21
[21:51:50] [Server thread/WARN]: Couldn't set damage of loot item 1 minecraft:iron_ingot
[21:51:50] [Server thread/WARN]: Couldn't set damage of loot item 1 minecraft:iron_ingot
[21:51:50] [Server thread/WARN]: Couldn't set damage of loot item 1 minecraft:iron_ingot
[21:51:50] [Server thread/WARN]: Couldn't set damage of loot item 1 minecraft:iron_nugget
[21:51:50] [Server thread/WARN]: Couldn't set damage of loot item 1 minecraft:iron_ingot
[21:51:50] [Server thread/WARN]: Couldn't set damage of loot item 1 minecraft:iron_ingot
[21:51:50] [Server thread/WARN]: Couldn't set damage of loot item 1 minecraft:iron_ingot
[21:51:50] [Server thread/INFO]: [Chunky] Task running for minecraft:overworld. Processed: 2218 chunks (13.75%), ETA: 0:58:27, Rate: 4.0 cps, Current: 44, -20
[21:51:52] [Server thread/INFO]: [Chunky] Task running for minecraft:overworld. Processed: 2225 chunks (13.80%), ETA: 0:58:13, Rate: 4.0 cps, Current: 43, -19
[21:51:56] [Server thread/INFO]: [Chunky] Task running for minecraft:overworld. Processed: 2228 chunks (13.81%), ETA: 0:57:59, Rate: 4.0 cps, Current: 44, -17
[21:51:57] [Server thread/INFO]: [Chunky] Task running for minecraft:overworld. Processed: 2236 chunks (13.86%), ETA: 0:56:09, Rate: 4.1 cps, Current: 39, -21
[21:51:58] [Server thread/INFO]: [Chunky] Task running for minecraft:overworld. Processed: 2256 chunks (13.99%), ETA: 0:48:14, Rate: 4.8 cps, Current: 36, -22
[21:51:59] [Server thread/INFO]: [Chunky] Task running for minecraft:overworld. Processed: 2261 chunks (14.02%), ETA: 0:51:49, Rate: 4.5 cps, Current: 41, -17
[21:52:01] [Server thread/INFO]: [Chunky] Task running for minecraft:overworld. Processed: 2274 chunks (14.10%), ETA: 1:00:19, Rate: 3.8 cps, Current: 35, -24
[21:52:03] [Server thread/INFO]: [Chunky] Task running for minecraft:overworld. Processed: 2275 chunks (14.11%), ETA: 0:52:13, Rate: 4.4 cps, Current: 35, -22
[21:52:06] [Server thread/INFO]: [Chunky] Task running for minecraft:overworld. Processed: 2279 chunks (14.13%), ETA: 0:55:13, Rate: 4.2 cps, Current: 35, -21
[21:52:07] [Server thread/INFO]: [Chunky] Task running for minecraft:overworld. Processed: 2283 chunks (14.15%), ETA: 0:55:43, Rate: 4.1 cps, Current: 33, -18
[21:52:07] [Server thread/INFO]: Qirell <Overworld> has made the advancement [Oh My Blood!]
[21:52:08] [Server thread/INFO]: [Chunky] Task running for minecraft:overworld. Processed: 2287 chunks (14.18%), ETA: 0:55:46, Rate: 4.1 cps, Current: 35, -20
[21:52:09] [Server thread/INFO]: [Chunky] Task running for minecraft:overworld. Processed: 2302 chunks (14.27%), ETA: 0:51:08, Rate: 4.5 cps, Current: 32, -22
[21:52:10] [Server thread/INFO]: [Chunky] Task running for minecraft:overworld. Processed: 2307 chunks (14.30%), ETA: 0:46:10, Rate: 5.0 cps, Current: 32, -19
[21:52:12] [Server thread/INFO]: [Chunky] Task running for minecraft:overworld. Processed: 2309 chunks (14.32%), ETA: 0:48:18, Rate: 4.8 cps, Current: 35, -15
[21:52:15] [Server thread/INFO]: [Chunky] Task running for minecraft:overworld. Processed: 2315 chunks (14.35%), ETA: 0:49:49, Rate: 4.6 cps, Current: 33, -13
[21:52:16] [Server thread/INFO]: [Chunky] Task running for minecraft:overworld. Processed: 2325 chunks (14.42%), ETA: 0:49:08, Rate: 4.7 cps, Current: 32, -14
[21:52:18] [Server thread/INFO]: [Chunky] Task running for minecraft:overworld. Processed: 2333 chunks (14.46%), ETA: 0:51:53, Rate: 4.4 cps, Current: 37, -13
[21:52:19] [Server thread/INFO]: [Chunky] Task running for minecraft:overworld. Processed: 2335 chunks (14.48%), ETA: 0:55:32, Rate: 4.1 cps, Current: 39, -14
[21:52:20] [Server thread/INFO]: [Chunky] Task running for minecraft:overworld. Processed: 2341 chunks (14.51%), ETA: 0:54:46, Rate: 4.2 cps, Current: 37, -12
[21:52:21] [Server thread/INFO]: [Chunky] Task running for minecraft:overworld. Processed: 2342 chunks (14.52%), ETA: 0:56:25, Rate: 4.1 cps, Current: 37, -11
[21:52:22] [Server thread/INFO]: [Chunky] Task running for minecraft:overworld. Processed: 2349 chunks (14.56%), ETA: 0:49:34, Rate: 4.6 cps, Current: 39, -11
[21:52:24] [Server thread/INFO]: A villager has restocked all their trades.
[21:52:24] [Server thread/INFO]: [Chunky] Task running for minecraft:overworld. Processed: 2352 chunks (14.58%), ETA: 0:51:26, Rate: 4.5 cps, Current: 38, -10
[21:52:25] [Server thread/INFO]: [Chunky] Task running for minecraft:overworld. Processed: 2358 chunks (14.62%), ETA: 0:50:55, Rate: 4.5 cps, Current: 33, -11
[21:52:26] [Server thread/INFO]: [Chunky] Task running for minecraft:overworld. Processed: 2365 chunks (14.66%), ETA: 0:51:14, Rate: 4.5 cps, Current: 32, -5
[21:52:27] [Server thread/WARN]: Couldn't set damage of loot item 1 minecraft:iron_ingot
[21:52:27] [Server thread/WARN]: Couldn't set damage of loot item 1 minecraft:iron_nugget
[21:52:27] [Server thread/WARN]: Couldn't set damage of loot item 1 minecraft:iron_ingot
[21:52:27] [Server thread/WARN]: Couldn't set damage of loot item 1 minecraft:iron_ingot
[21:52:27] [Server thread/WARN]: Couldn't set damage of loot item 1 minecraft:iron_ingot
[21:52:27] [Server thread/WARN]: Couldn't set damage of loot item 1 minecraft:iron_ingot
[21:52:27] [Server thread/WARN]: Couldn't set damage of loot item 1 minecraft:iron_ingot
[21:52:27] [Server thread/INFO]: [Chunky] Task running for minecraft:overworld. Processed: 2399 chunks (14.87%), ETA: 0:46:13, Rate: 4.9 cps, Current: 32, -1
[21:52:30] [Server thread/INFO]: [Chunky] Task running for minecraft:overworld. Processed: 2401 chunks (14.89%), ETA: 0:51:27, Rate: 4.4 cps, Current: 36, -1
[21:52:31] [Server thread/INFO]: [Chunky] Task running for minecraft:overworld. Processed: 2406 chunks (14.92%), ETA: 0:51:13, Rate: 4.5 cps, Current: 36, -2
[21:52:32] [Server thread/INFO]: [Chunky] Task running for minecraft:overworld. Processed: 2416 chunks (14.98%), ETA: 0:45:32, Rate: 5.0 cps, Current: 38, -4
[21:52:33] [Server thread/INFO]: [Chunky] Task running for minecraft:overworld. Processed: 2430 chunks (15.07%), ETA: 0:43:07, Rate: 5.3 cps, Current: 39, -2
[21:52:34] [Server thread/INFO]: [Chunky] Task running for minecraft:overworld. Processed: 2440 chunks (15.13%), ETA: 0:39:47, Rate: 5.7 cps, Current: 41, -7
[21:52:37] [Server thread/INFO]: [Chunky] Task running for minecraft:overworld. Processed: 2452 chunks (15.20%), ETA: 0:40:09, Rate: 5.7 cps, Current: 42, -8
[21:52:38] [Server thread/INFO]: [Chunky] Task running for minecraft:overworld. Processed: 2460 chunks (15.25%), ETA: 0:39:13, Rate: 5.8 cps, Current: 43, -1
[21:52:38] [Server thread/INFO]: A villager has restocked all their trades.
[21:52:39] [Server thread/INFO]: A villager has restocked all their trades.
[21:52:39] [Server thread/INFO]: A villager has restocked all their trades.
[21:52:39] [Server thread/INFO]: A villager has restocked all their trades.
[21:52:42] [Server thread/INFO]: [Chunky] Task running for minecraft:overworld. Processed: 2466 chunks (15.29%), ETA: 0:40:58, Rate: 5.6 cps, Current: 45, -4
[21:52:44] [Server thread/INFO]: [Chunky] Task running for minecraft:overworld. Processed: 2493 chunks (15.46%), ETA: 0:36:34, Rate: 6.2 cps, Current: 46, -11
[21:52:44] [Server thread/WARN]: Couldn't set damage of loot item 1 minecraft:iron_ingot
[21:52:44] [Server thread/WARN]: Couldn't set damage of loot item 1 minecraft:iron_ingot
[21:52:44] [Server thread/WARN]: Couldn't set damage of loot item 1 minecraft:iron_ingot
[21:52:44] [Server thread/WARN]: Couldn't set damage of loot item 1 minecraft:iron_ingot
[21:52:44] [Server thread/WARN]: Couldn't set damage of loot item 1 minecraft:iron_ingot
[21:52:44] [Server thread/WARN]: Couldn't set damage of loot item 1 minecraft:iron_nugget
[21:52:57] [Server thread/INFO]: A villager has restocked all their trades.
[21:52:59] [Server thread/INFO]: [Chunky] Task running for minecraft:overworld. Processed: 2545 chunks (15.78%), ETA: 0:45:24, Rate: 5.0 cps, Current: 46, -15
[21:53:00] [Server thread/INFO]: A villager has restocked all their trades.
[21:53:00] [Server thread/WARN]: Couldn't set damage of loot item 1 minecraft:iron_ingot
[21:53:00] [Server thread/WARN]: Couldn't set damage of loot item 1 minecraft:iron_ingot
[21:53:00] [Server thread/WARN]: Couldn't set damage of loot item 1 minecraft:iron_nugget
[21:53:00] [Server thread/WARN]: Couldn't set damage of loot item 1 minecraft:iron_ingot
[21:53:00] [Server thread/WARN]: Couldn't set damage of loot item 1 minecraft:iron_ingot
[21:53:00] [Server thread/WARN]: Couldn't set damage of loot item 1 minecraft:iron_nugget
[21:53:01] [Server thread/INFO]: [Chunky] Task running for minecraft:overworld. Processed: 2557 chunks (15.85%), ETA: 0:46:26, Rate: 4.9 cps, Current: 47, -16
[21:53:02] [Server thread/INFO]: A villager has restocked all their trades.
[21:53:02] [Server thread/INFO]: [Chunky] Task running for minecraft:overworld. Processed: 2559 chunks (15.87%), ETA: 0:51:20, Rate: 4.4 cps, Current: 47, -15
[21:53:04] [Server thread/INFO]: Qirell <Overworld> has made the advancement [Isn't It Iron Pick]
[21:53:04] [Server thread/INFO]: [Chunky] Task running for minecraft:overworld. Processed: 2561 chunks (15.88%), ETA: 0:55:06, Rate: 4.1 cps, Current: 51, -15
[21:53:05] [Server thread/INFO]: [Chunky] Task running for minecraft:overworld. Processed: 2564 chunks (15.90%), ETA: 0:56:35, Rate: 4.0 cps, Current: 48, -14
[21:53:07] [Server thread/ERROR]: Failed to replant minecraft:wheat_seeds
[21:53:07] [Server thread/INFO]: [Chunky] Task running for minecraft:overworld. Processed: 2576 chunks (15.97%), ETA: 0:56:47, Rate: 4.0 cps, Current: 51, -13
[21:53:08] [Server thread/INFO]: [Chunky] Task running for minecraft:overworld. Processed: 2581 chunks (16.00%), ETA: 0:51:18, Rate: 4.4 cps, Current: 53, -13
[21:53:09] [Server thread/INFO]: A villager has restocked all their trades.
[21:53:10] [Server thread/INFO]: [Chunky] Task running for minecraft:overworld. Processed: 2588 chunks (16.05%), ETA: 0:50:27, Rate: 4.5 cps, Current: 55, -15
[21:53:11] [Server thread/INFO]: [Chunky] Task running for minecraft:overworld. Processed: 2613 chunks (16.20%), ETA: 0:43:32, Rate: 5.2 cps, Current: 48, -10
[21:53:12] [Server thread/INFO]: [Chunky] Task running for minecraft:overworld. Processed: 2626 chunks (16.28%), ETA: 0:41:48, Rate: 5.4 cps, Current: 48, -7
[21:53:13] [Server thread/INFO]: [Chunky] Task running for minecraft:overworld. Processed: 2630 chunks (16.31%), ETA: 0:48:32, Rate: 4.6 cps, Current: 49, -7
[21:53:14] [Server thread/WARN]: Couldn't set damage of loot item 1 minecraft:iron_ingot
[21:53:14] [Server thread/WARN]: Couldn't set damage of loot item 1 minecraft:iron_ingot
[21:53:14] [Server thread/WARN]: Couldn't set damage of loot item 1 minecraft:iron_ingot
[21:53:15] [Server thread/INFO]: [Chunky] Task running for minecraft:overworld. Processed: 2636 chunks (16.34%), ETA: 0:38:50, Rate: 5.8 cps, Current: 49, -1
[21:53:16] [Server thread/INFO]: [Chunky] Task running for minecraft:overworld. Processed: 2666 chunks (16.53%), ETA: 0:31:07, Rate: 7.2 cps, Current: 52, -7
[21:53:17] [Server thread/INFO]: [Chunky] Task running for minecraft:overworld. Processed: 2678 chunks (16.60%), ETA: 0:30:10, Rate: 7.4 cps, Current: 53, -6
[21:53:19] [Server thread/INFO]: [Chunky] Task running for minecraft:overworld. Processed: 2681 chunks (16.62%), ETA: 0:33:11, Rate: 6.8 cps, Current: 55, -8
[21:53:22] [Server thread/INFO]: A villager has restocked all their trades.
[21:53:23] [Server thread/INFO]: [Chunky] Task running for minecraft:overworld. Processed: 2689 chunks (16.67%), ETA: 0:37:35, Rate: 6.0 cps, Current: 56, -4
[21:53:25] [Server thread/INFO]: [Chunky] Task running for minecraft:overworld. Processed: 2703 chunks (16.76%), ETA: 0:36:49, Rate: 6.1 cps, Current: 57, -4
[21:53:26] [Server thread/INFO]: [Chunky] Task running for minecraft:overworld. Processed: 2715 chunks (16.83%), ETA: 0:35:35, Rate: 6.3 cps, Current: 59, -7
[21:53:28] [Server thread/INFO]: [Chunky] Task running for minecraft:overworld. Processed: 2719 chunks (16.86%), ETA: 0:36:59, Rate: 6.0 cps, Current: 58, -8
[21:53:30] [Server thread/INFO]: [Chunky] Task running for minecraft:overworld. Processed: 2721 chunks (16.87%), ETA: 0:39:38, Rate: 5.6 cps, Current: 60, -1
[21:53:33] [Server thread/INFO]: [Chunky] Task running for minecraft:overworld. Processed: 2727 chunks (16.91%), ETA: 0:39:44, Rate: 5.6 cps, Current: 60, -5
[21:53:35] [Server thread/INFO]: [Chunky] Task running for minecraft:overworld. Processed: 2739 chunks (16.98%), ETA: 0:37:44, Rate: 5.9 cps, Current: 62, -5
[21:53:36] [Server thread/INFO]: [Chunky] Task running for minecraft:overworld. Processed: 2755 chunks (17.08%), ETA: 0:35:41, Rate: 6.2 cps, Current: 62, -7
[21:53:37] [Server thread/INFO]: [Chunky] Task running for minecraft:overworld. Processed: 2767 chunks (17.16%), ETA: 0:34:38, Rate: 6.4 cps, Current: 61, -11
[21:53:38] [Server thread/INFO]: [Chunky] Task running for minecraft:overworld. Processed: 2783 chunks (17.25%), ETA: 0:32:39, Rate: 6.8 cps, Current: 63, -11
[21:53:41] [Server thread/INFO]: A villager has restocked all their trades.
[21:53:51] [Worker-Main-4/WARN]: Couldn't find template pool reference: minecraft:
[21:53:51] [Worker-Main-4/WARN]: Couldn't find template pool reference: minecraft:
[21:53:51] [Worker-Main-4/WARN]: Couldn't find template pool reference: minecraft:
[21:53:51] [Worker-Main-4/WARN]: Couldn't find template pool reference: minecraft:
[21:53:51] [Worker-Main-4/WARN]: Couldn't find template pool reference: minecraft:
[21:53:51] [Worker-Main-4/WARN]: Couldn't find template pool reference: minecraft:
[21:53:51] [Worker-Main-4/WARN]: Couldn't find template pool reference: minecraft:
[21:53:51] [Worker-Main-4/WARN]: Couldn't find template pool reference: minecraft:
[21:53:53] [Server thread/INFO]: [Chunky] Task running for minecraft:overworld. Processed: 2785 chunks (17.27%), ETA: 1:15:57, Rate: 2.9 cps, Current: 59, -13
[21:53:54] [Server thread/INFO]: [Chunky] Task running for minecraft:overworld. Processed: 2787 chunks (17.28%), ETA: 1:16:54, Rate: 2.9 cps, Current: 57, -13
[21:53:56] [Server thread/WARN]: Couldn't set damage of loot item 1 minecraft:iron_ingot
[21:53:56] [Server thread/WARN]: Couldn't set damage of loot item 1 minecraft:iron_ingot
[21:53:56] [Server thread/WARN]: Couldn't set damage of loot item 1 minecraft:iron_nugget
[21:53:56] [Server thread/WARN]: Couldn't set damage of loot item 1 minecraft:iron_nugget
[21:53:56] [Server thread/WARN]: Couldn't set damage of loot item 1 minecraft:iron_ingot
[21:53:57] [Server thread/INFO]: [Chunky] Task running for minecraft:overworld. Processed: 2794 chunks (17.32%), ETA: 1:25:01, Rate: 2.6 cps, Current: 59, -14
[21:54:00] [Server thread/INFO]: [Chunky] Task running for minecraft:overworld. Processed: 2804 chunks (17.38%), ETA: 1:18:52, Rate: 2.8 cps, Current: 59, -16
[21:54:01] [Server thread/INFO]: [Chunky] Task running for minecraft:overworld. Processed: 2809 chunks (17.42%), ETA: 1:13:48, Rate: 3.0 cps, Current: 62, -13
[21:54:03] [Server thread/INFO]: [Chunky] Task running for minecraft:overworld. Processed: 2810 chunks (17.42%), ETA: 1:18:39, Rate: 2.8 cps, Current: 62, -17
[21:54:05] [Server thread/INFO]: [Chunky] Task running for minecraft:overworld. Processed: 2818 chunks (17.47%), ETA: 1:41:55, Rate: 2.2 cps, Current: 63, -14
[21:54:07] [Server thread/INFO]: [Chunky] Task running for minecraft:overworld. Processed: 2827 chunks (17.53%), ETA: 1:47:00, Rate: 2.1 cps, Current: 62, -20
[21:54:07] [Worker-Main-5/WARN]: Ignoring unknown attribute 'forge:entity_gravity'
[21:54:07] [Worker-Main-5/WARN]: Ignoring unknown attribute 'forge:step_height_addition'
[21:54:08] [Server thread/INFO]: [Chunky] Task running for minecraft:overworld. Processed: 2834 chunks (17.57%), ETA: 2:05:02, Rate: 1.8 cps, Current: 63, -21
[21:54:09] [Server thread/INFO]: [Chunky] Task running for minecraft:overworld. Processed: 2836 chunks (17.58%), ETA: 1:08:10, Rate: 3.2 cps, Current: 60, -21
[21:54:11] [Server thread/INFO]: [Chunky] Task running for minecraft:overworld. Processed: 2837 chunks (17.59%), ETA: 1:12:31, Rate: 3.1 cps, Current: 60, -22
[21:54:12] [Server thread/INFO]: [Chunky] Task running for minecraft:overworld. Processed: 2846 chunks (17.65%), ETA: 1:06:23, Rate: 3.3 cps, Current: 60, -23
[21:54:13] [Server thread/INFO]: [Chunky] Task running for minecraft:overworld. Processed: 2872 chunks (17.81%), ETA: 0:50:28, Rate: 4.4 cps, Current: 56, -19
[21:54:14] [Server thread/INFO]: [Chunky] Task running for minecraft:overworld. Processed: 2889 chunks (17.91%), ETA: 0:44:34, Rate: 5.0 cps, Current: 54, -19
[21:54:16] [Server thread/INFO]: [Chunky] Task running for minecraft:overworld. Processed: 2896 chunks (17.96%), ETA: 0:44:17, Rate: 5.0 cps, Current: 52, -18
[21:54:17] [Server thread/INFO]: [Chunky] Task running for minecraft:overworld. Processed: 2898 chunks (17.97%), ETA: 0:45:34, Rate: 4.8 cps, Current: 52, -20
[21:54:18] [Server thread/INFO]: [Chunky] Task running for minecraft:overworld. Processed: 2922 chunks (18.12%), ETA: 0:39:12, Rate: 5.6 cps, Current: 52, -21
[21:54:20] [Server thread/INFO]: [Chunky] Task running for minecraft:overworld. Processed: 2925 chunks (18.14%), ETA: 0:41:26, Rate: 5.3 cps, Current: 48, -23
[21:54:22] [Server thread/INFO]: [Chunky] Task running for minecraft:overworld. Processed: 2934 chunks (18.19%), ETA: 0:42:28, Rate: 5.2 cps, Current: 50, -23
[21:54:23] [Server thread/INFO]: [Chunky] Task running for minecraft:overworld. Processed: 2935 chunks (18.20%), ETA: 0:42:59, Rate: 5.1 cps, Current: 48, -24
[21:54:24] [Server thread/WARN]: Couldn't set damage of loot item 1 minecraft:iron_nugget
[21:54:24] [Server thread/WARN]: Couldn't set damage of loot item 1 minecraft:iron_ingot
[21:54:24] [Server thread/WARN]: Couldn't set damage of loot item 1 minecraft:iron_ingot
[21:54:24] [Server thread/WARN]: Couldn't set damage of loot item 1 minecraft:iron_ingot
[21:54:24] [Server thread/WARN]: Couldn't set damage of loot item 1 minecraft:iron_nugget
[21:54:24] [Server thread/WARN]: Couldn't set damage of loot item 1 minecraft:iron_nugget
[21:54:24] [Server thread/WARN]: Couldn't set damage of loot item 1 minecraft:iron_ingot
[21:54:24] [Server thread/INFO]: Qirell <Overworld> has made the advancement [Delightful Decade]
[21:54:27] [Server thread/INFO]: [Chunky] Task running for minecraft:overworld. Processed: 2951 chunks (18.30%), ETA: 0:40:29, Rate: 5.4 cps, Current: 50, -28
[21:54:28] [Server thread/INFO]: [Chunky] Task running for minecraft:overworld. Processed: 2967 chunks (18.40%), ETA: 0:37:53, Rate: 5.8 cps, Current: 48, -27
[21:54:30] [Server thread/INFO]: [Chunky] Task running for minecraft:overworld. Processed: 2968 chunks (18.40%), ETA: 0:39:23, Rate: 5.6 cps, Current: 48, -28
[21:54:31] [Server thread/WARN]: Couldn't set damage of loot item 1 minecraft:iron_ingot
[21:54:31] [Server thread/WARN]: Couldn't set damage of loot item 1 minecraft:iron_ingot
[21:54:31] [Server thread/WARN]: Couldn't set damage of loot item 1 minecraft:iron_ingot
[21:54:31] [Server thread/WARN]: Couldn't set damage of loot item 1 minecraft:iron_ingot
[21:54:31] [Server thread/WARN]: Couldn't set damage of loot item 1 minecraft:iron_ingot
[21:54:31] [Server thread/WARN]: Couldn't set damage of loot item 1 minecraft:iron_nugget
[21:54:43] [Server thread/INFO]: [Chunky] Task running for minecraft:overworld. Processed: 2976 chunks (18.45%), ETA: 1:02:07, Rate: 3.5 cps, Current: 55, -27
[21:54:44] [Server thread/INFO]: [Chunky] Task running for minecraft:overworld. Processed: 2981 chunks (18.48%), ETA: 1:10:18, Rate: 3.1 cps, Current: 51, -31
[21:54:46] [Server thread/INFO]: [Chunky] Task running for minecraft:overworld. Processed: 2982 chunks (18.49%), ETA: 1:15:05, Rate: 2.9 cps, Current: 50, -31
[21:54:47] [Server thread/WARN]: Couldn't set damage of loot item 1 minecraft:iron_ingot
[21:54:47] [Server thread/WARN]: Couldn't set damage of loot item 1 minecraft:iron_nugget
[21:54:47] [Server thread/WARN]: Couldn't set damage of loot item 1 minecraft:iron_ingot
[21:54:48] [Server thread/INFO]: [Chunky] Task running for minecraft:overworld. Processed: 3002 chunks (18.61%), ETA: 1:04:02, Rate: 3.4 cps, Current: 51, -32
[21:54:49] [Server thread/INFO]: [Chunky] Task running for minecraft:overworld. Processed: 3014 chunks (18.69%), ETA: 1:10:11, Rate: 3.1 cps, Current: 57, -26
[21:54:50] [Server thread/INFO]: [Chunky] Task running for minecraft:overworld. Processed: 3041 chunks (18.85%), ETA: 0:56:30, Rate: 3.9 cps, Current: 60, -28
[21:54:53] [Server thread/WARN]: Couldn't set damage of loot item 1 minecraft:iron_ingot
[21:54:53] [Server thread/WARN]: Couldn't set damage of loot item 1 minecraft:iron_nugget
[21:54:53] [Server thread/WARN]: Couldn't set damage of loot item 1 minecraft:iron_ingot
[21:54:53] [Server thread/WARN]: Couldn't set damage of loot item 1 minecraft:iron_ingot
[21:54:53] [Server thread/WARN]: Couldn't set damage of loot item 1 minecraft:iron_ingot
[21:54:53] [Server thread/WARN]: Couldn't set damage of loot item 1 minecraft:iron_ingot
[21:54:53] [Server thread/WARN]: Couldn't set damage of loot item 1 minecraft:iron_ingot
[21:54:56] [Server thread/INFO]: Qirell <Overworld> has made the advancement [Barrel Booty]
[21:54:56] [Server thread/WARN]: Couldn't set damage of loot item 1 minecraft:iron_ingot
[21:54:56] [Server thread/WARN]: Couldn't set damage of loot item 1 minecraft:iron_nugget
[21:54:56] [Server thread/WARN]: Couldn't set damage of loot item 1 minecraft:iron_ingot
[21:54:56] [Server thread/WARN]: Couldn't set damage of loot item 1 minecraft:iron_nugget
[21:54:56] [Server thread/WARN]: Couldn't set damage of loot item 1 minecraft:iron_ingot
[21:54:56] [Server thread/WARN]: Couldn't set damage of loot item 1 minecraft:iron_nugget
[21:55:01] [Server thread/WARN]: Couldn't set damage of loot item 1 minecraft:iron_nugget
[21:55:01] [Server thread/WARN]: Couldn't set damage of loot item 1 minecraft:iron_ingot
[21:55:01] [Server thread/WARN]: Couldn't set damage of loot item 1 minecraft:iron_nugget
[21:55:01] [Server thread/WARN]: Couldn't set damage of loot item 1 minecraft:iron_nugget
[21:55:01] [Server thread/WARN]: Couldn't set damage of loot item 1 minecraft:iron_ingot
[21:55:07] [Server thread/INFO]: Qirell <Overworld> has made the advancement [Taste the Rainbow]
[21:55:17] [Server thread/INFO]: [Chunky] Task running for minecraft:overworld. Processed: 3055 chunks (18.94%), ETA: 2:03:16, Rate: 1.8 cps, Current: 60, -29
[21:55:20] [Server thread/INFO]: [Chunky] Task running for minecraft:overworld. Processed: 3056 chunks (18.95%), ETA: 6:43:57, Rate: 0.5 cps, Current: 60, -30
[21:55:23] [Server thread/INFO]: [Chunky] Task running for minecraft:overworld. Processed: 3063 chunks (18.99%), ETA: 2:29:52, Rate: 1.5 cps, Current: 62, -30
[21:55:25] [Server thread/INFO]: [Chunky] Task running for minecraft:overworld. Processed: 3065 chunks (19.00%), ETA: 2:34:18, Rate: 1.4 cps, Current: 63, -30
[21:55:26] [Server thread/INFO]: [Chunky] Task running for minecraft:overworld. Processed: 3068 chunks (19.02%), ETA: 2:18:19, Rate: 1.6 cps, Current: 61, -31
[21:55:28] [Server thread/INFO]: [Chunky] Task running for minecraft:overworld. Processed: 3083 chunks (19.11%), ETA: 1:21:41, Rate: 2.7 cps, Current: 0, -32
[21:55:29] [Server thread/INFO]: [Chunky] Task running for minecraft:overworld. Processed: 3101 chunks (19.23%), ETA: 0:56:20, Rate: 3.9 cps, Current: 4, -27
[21:55:31] [Server thread/INFO]: [Chunky] Task running for minecraft:overworld. Processed: 3106 chunks (19.26%), ETA: 1:01:20, Rate: 3.5 cps, Current: 5, -27
[21:55:33] [Server thread/INFO]: [Chunky] Task running for minecraft:overworld. Processed: 3111 chunks (19.29%), ETA: 1:01:27, Rate: 3.5 cps, Current: 4, -28
[21:55:35] [Server thread/INFO]: [Chunky] Task running for minecraft:overworld. Processed: 3114 chunks (19.31%), ETA: 1:05:35, Rate: 3.3 cps, Current: 5, -29
[21:55:37] [Server thread/INFO]: [Chunky] Task running for minecraft:overworld. Processed: 3117 chunks (19.33%), ETA: 1:08:39, Rate: 3.2 cps, Current: 4, -30
[21:55:38] [Server thread/INFO]: [Chunky] Task running for minecraft:overworld. Processed: 3125 chunks (19.38%), ETA: 1:03:56, Rate: 3.4 cps, Current: 6, -29
[21:55:39] [Server thread/INFO]: [Chunky] Task running for minecraft:overworld. Processed: 3135 chunks (19.44%), ETA: 0:59:12, Rate: 3.7 cps, Current: 8, -31
[21:55:40] [Server thread/INFO]: [Chunky] Task running for minecraft:overworld. Processed: 3138 chunks (19.46%), ETA: 1:00:10, Rate: 3.6 cps, Current: 11, -31
[21:55:42] [Server thread/INFO]: [Chunky] Task running for minecraft:overworld. Processed: 3141 chunks (19.47%), ETA: 1:02:26, Rate: 3.5 cps, Current: 10, -32
[21:55:43] [Server thread/INFO]: [Chunky] Task running for minecraft:overworld. Processed: 3158 chunks (19.58%), ETA: 0:54:27, Rate: 4.0 cps, Current: 13, -29
[21:55:44] [Server thread/INFO]: [Chunky] Task running for minecraft:overworld. Processed: 3166 chunks (19.63%), ETA: 0:53:19, Rate: 4.1 cps, Current: 15, -30
[21:55:46] [Server thread/INFO]: [Chunky] Task running for minecraft:overworld. Processed: 3179 chunks (19.71%), ETA: 0:50:35, Rate: 4.3 cps, Current: 10, -26
[21:55:46] [Server thread/INFO]: A villager has restocked all their trades.
[21:55:49] [Server thread/INFO]: [Chunky] Task running for minecraft:overworld. Processed: 3201 chunks (19.85%), ETA: 0:43:09, Rate: 5.0 cps, Current: 9, -24
[21:55:53] [Server thread/INFO]: [Chunky] Task running for minecraft:overworld. Processed: 3203 chunks (19.86%), ETA: 0:45:09, Rate: 4.8 cps, Current: 10, -24
[21:55:54] [Server thread/INFO]: [Chunky] Task running for minecraft:overworld. Processed: 3209 chunks (19.90%), ETA: 0:43:03, Rate: 5.0 cps, Current: 12, -23
[21:55:55] [Server thread/INFO]: [Chunky] Task running for minecraft:overworld. Processed: 3227 chunks (20.01%), ETA: 0:39:38, Rate: 5.4 cps, Current: 13, -22
[21:55:56] [Server thread/INFO]: [Chunky] Task running for minecraft:overworld. Processed: 3245 chunks (20.12%), ETA: 0:37:09, Rate: 5.8 cps, Current: 14, -20
[21:55:57] [Server thread/INFO]: [Chunky] Task running for minecraft:overworld. Processed: 3255 chunks (20.18%), ETA: 0:36:35, Rate: 5.9 cps, Current: 9, -20
[21:55:58] [Server thread/INFO]: [Chunky] Task running for minecraft:overworld. Processed: 3258 chunks (20.20%), ETA: 0:39:58, Rate: 5.4 cps, Current: 9, -18
[21:56:00] [Server thread/INFO]: [Chunky] Task running for minecraft:overworld. Processed: 3269 chunks (20.27%), ETA: 0:36:43, Rate: 5.8 cps, Current: 7, -19
[21:56:01] [Server thread/INFO]: [Chunky] Task running for minecraft:overworld. Processed: 3288 chunks (20.39%), ETA: 0:34:05, Rate: 6.3 cps, Current: 5, -17
[21:56:02] [Server thread/INFO]: [Chunky] Task running for minecraft:overworld. Processed: 3296 chunks (20.44%), ETA: 0:33:20, Rate: 6.4 cps, Current: 4, -18
[21:56:03] [Server thread/INFO]: [Chunky] Task running for minecraft:overworld. Processed: 3309 chunks (20.52%), ETA: 0:30:34, Rate: 7.0 cps, Current: 1, -22
[21:56:04] [Server thread/INFO]: [Chunky] Task running for minecraft:overworld. Processed: 3483 chunks (21.59%), ETA: 0:16:39, Rate: 12.6 cps, Current: 0, -19
[21:56:05] [Server thread/INFO]: [Chunky] Task running for minecraft:overworld. Processed: 3518 chunks (21.81%), ETA: 0:14:55, Rate: 14.1 cps, Current: 6, -15
[21:56:06] [Server thread/INFO]: [Chunky] Task running for minecraft:overworld. Processed: 3546 chunks (21.99%), ETA: 0:14:30, Rate: 14.5 cps, Current: 15, -10
[21:56:08] [Server thread/INFO]: [Chunky] Task running for minecraft:overworld. Processed: 3582 chunks (22.21%), ETA: 0:13:31, Rate: 15.5 cps, Current: 15, -16
[21:56:09] [Server thread/INFO]: [Chunky] Task running for minecraft:overworld. Processed: 3586 chunks (22.23%), ETA: 0:13:37, Rate: 15.3 cps, Current: 16, -14
[21:56:13] [Server thread/INFO]: [Chunky] Task running for minecraft:overworld. Processed: 3592 chunks (22.27%), ETA: 0:14:18, Rate: 14.6 cps, Current: 17, -13
[21:56:14] [Server thread/INFO]: [Chunky] Task running for minecraft:overworld. Processed: 3593 chunks (22.28%), ETA: 0:14:37, Rate: 14.3 cps, Current: 19, -14
[21:56:15] [Server thread/INFO]: [Chunky] Task running for minecraft:overworld. Processed: 3679 chunks (22.81%), ETA: 0:12:11, Rate: 17.0 cps, Current: 22, -16
[21:56:17] [Server thread/INFO]: [Chunky] Task running for minecraft:overworld. Processed: 3685 chunks (22.85%), ETA: 0:11:44, Rate: 17.7 cps, Current: 20, -4
[21:56:19] [Server thread/INFO]: [Chunky] Task running for minecraft:overworld. Processed: 3686 chunks (22.85%), ETA: 0:12:34, Rate: 16.5 cps, Current: 21, -2
[21:56:20] [Server thread/INFO]: [Chunky] Task running for minecraft:overworld. Processed: 3742 chunks (23.20%), ETA: 0:10:20, Rate: 20.0 cps, Current: 27, -8
[21:56:21] [Server thread/INFO]: [Chunky] Task running for minecraft:overworld. Processed: 3757 chunks (23.29%), ETA: 0:10:25, Rate: 19.8 cps, Current: 30, -3
[21:56:22] [Server thread/INFO]: [Chunky] Task running for minecraft:overworld. Processed: 3772 chunks (23.39%), ETA: 0:10:31, Rate: 19.6 cps, Current: 31, -6
[21:56:23] [Server thread/INFO]: [Chunky] Task running for minecraft:overworld. Processed: 3810 chunks (23.62%), ETA: 0:10:10, Rate: 20.2 cps, Current: 25, -13
[21:56:25] [Server thread/INFO]: [Chunky] Task running for minecraft:overworld. Processed: 3814 chunks (23.65%), ETA: 0:10:20, Rate: 19.9 cps, Current: 26, -14
[21:56:26] [Server thread/INFO]: [Chunky] Task running for minecraft:overworld. Processed: 3845 chunks (23.84%), ETA: 0:10:12, Rate: 20.1 cps, Current: 30, -19
[21:56:27] [Server thread/INFO]: [Chunky] Task running for minecraft:overworld. Processed: 3852 chunks (23.88%), ETA: 0:10:15, Rate: 19.9 cps, Current: 29, -20
[21:56:29] [Server thread/INFO]: [Chunky] Task running for minecraft:overworld. Processed: 3853 chunks (23.89%), ETA: 0:10:16, Rate: 19.9 cps, Current: 31, -21
[21:56:30] [Server thread/INFO]: [Chunky] Task running for minecraft:overworld. Processed: 3863 chunks (23.95%), ETA: 0:10:30, Rate: 19.5 cps, Current: 26, -17
[21:56:32] [Server thread/INFO]: [Chunky] Task running for minecraft:overworld. Processed: 3905 chunks (24.21%), ETA: 0:09:55, Rate: 20.5 cps, Current: 23, -17
[21:56:33] [Server thread/INFO]: [Chunky] Task running for minecraft:overworld. Processed: 3934 chunks (24.39%), ETA: 0:13:09, Rate: 15.4 cps, Current: 16, -20
[21:56:35] [Server thread/INFO]: [Chunky] Task running for minecraft:overworld. Processed: 3938 chunks (24.42%), ETA: 0:14:06, Rate: 14.4 cps, Current: 17, -22
[21:56:36] [Server thread/INFO]: [Chunky] Task running for minecraft:overworld. Processed: 3950 chunks (24.49%), ETA: 0:14:44, Rate: 13.8 cps, Current: 16, -23
[21:56:37] [Server thread/INFO]: [Chunky] Task running for minecraft:overworld. Processed: 3969 chunks (24.61%), ETA: 0:15:14, Rate: 13.3 cps, Current: 19, -25
[21:56:38] [Server thread/INFO]: Qirell <Overworld> has made the advancement [Packing Up!]
[21:56:38] [Server thread/INFO]: [Chunky] Task running for minecraft:overworld. Processed: 3976 chunks (24.65%), ETA: 0:15:02, Rate: 13.5 cps, Current: 20, -26
[21:56:40] [Server thread/INFO]: [Chunky] Task running for minecraft:overworld. Processed: 4003 chunks (24.82%), ETA: 0:13:13, Rate: 15.3 cps, Current: 19, -29
[21:56:41] [Server thread/INFO]: [Chunky] Task running for minecraft:overworld. Processed: 4015 chunks (24.89%), ETA: 0:13:40, Rate: 14.8 cps, Current: 18, -31
[21:56:43] [Server thread/INFO]: [Chunky] Task running for minecraft:overworld. Processed: 4019 chunks (24.92%), ETA: 0:13:36, Rate: 14.8 cps, Current: 16, -32
[21:57:13] [Server thread/INFO]: [Chunky] Task running for minecraft:overworld. Processed: 4091 chunks (25.36%), ETA: 1:22:00, Rate: 2.4 cps, Current: 31, -31
[21:57:28] [Server thread/INFO]: [Chunky] Task running for minecraft:overworld. Processed: 4097 chunks (25.40%), ETA: 7:05:38, Rate: 0.5 cps, Current: -31, -30
[21:57:36] [Server thread/INFO]: [Chunky] Task running for minecraft:overworld. Processed: 4153 chunks (25.75%), ETA: 1:14:21, Rate: 2.7 cps, Current: -28, -31
[21:57:38] [Server thread/INFO]: A villager has restocked all their trades.
[21:57:40] [Server thread/INFO]: [Chunky] Task running for minecraft:overworld. Processed: 4155 chunks (25.76%), ETA: 1:22:06, Rate: 2.4 cps, Current: -27, -31
[21:57:41] [Server thread/INFO]: [Chunky] Task running for minecraft:overworld. Processed: 4162 chunks (25.80%), ETA: 1:18:06, Rate: 2.6 cps, Current: -25, -32
[21:57:44] [Server thread/INFO]: [Chunky] Task running for minecraft:overworld. Processed: 4203 chunks (26.06%), ETA: 0:30:18, Rate: 6.6 cps, Current: -19, -25
[21:57:45] [Server thread/INFO]: [Chunky] Task running for minecraft:overworld. Processed: 4224 chunks (26.19%), ETA: 0:27:14, Rate: 7.3 cps, Current: -17, -25
[21:57:47] [Server thread/INFO]: [Chunky] Task running for minecraft:overworld. Processed: 4225 chunks (26.20%), ETA: 0:28:43, Rate: 6.9 cps, Current: -22, -24
[21:57:48] [Server thread/INFO]: [Chunky] Task running for minecraft:overworld. Processed: 4229 chunks (26.22%), ETA: 0:30:02, Rate: 6.6 cps, Current: -22, -22
[21:57:49] [Server thread/INFO]: [Chunky] Task running for minecraft:overworld. Processed: 4239 chunks (26.28%), ETA: 0:29:20, Rate: 6.8 cps, Current: -24, -24
[21:57:51] [Server thread/INFO]: [Chunky] Task running for minecraft:overworld. Processed: 4257 chunks (26.39%), ETA: 0:28:06, Rate: 7.0 cps, Current: -21, -20
[21:57:52] [Server thread/INFO]: [Chunky] Task running for minecraft:overworld. Processed: 4267 chunks (26.46%), ETA: 0:28:18, Rate: 7.0 cps, Current: -21, -18
[21:57:54] [Server thread/INFO]: [Chunky] Task running for minecraft:overworld. Processed: 4305 chunks (26.69%), ETA: 0:24:54, Rate: 7.9 cps, Current: -28, -19
[21:57:55] [Server thread/INFO]: [Chunky] Task running for minecraft:overworld. Processed: 4320 chunks (26.78%), ETA: 0:24:15, Rate: 8.1 cps, Current: -29, -23
[21:57:57] [Server thread/INFO]: [Chunky] Task running for minecraft:overworld. Processed: 4330 chunks (26.85%), ETA: 0:24:13, Rate: 8.1 cps, Current: -29, -20
[21:57:58] [Server thread/INFO]: [Chunky] Task running for minecraft:overworld. Processed: 4338 chunks (26.90%), ETA: 0:24:13, Rate: 8.1 cps, Current: -31, -21
[21:57:59] [Server thread/INFO]: [Chunky] Task running for minecraft:overworld. Processed: 4347 chunks (26.95%), ETA: 0:22:46, Rate: 8.6 cps, Current: -32, -20
[21:58:01] [Server thread/INFO]: [Chunky] Task running for minecraft:overworld. Processed: 4357 chunks (27.01%), ETA: 0:23:07, Rate: 8.5 cps, Current: -31, -15
[21:58:03] [Server thread/INFO]: [Chunky] Task running for minecraft:overworld. Processed: 4370 chunks (27.09%), ETA: 0:23:42, Rate: 8.3 cps, Current: -32, -13
[21:58:04] [Server thread/INFO]: [Chunky] Task running for minecraft:overworld. Processed: 4380 chunks (27.16%), ETA: 0:23:39, Rate: 8.3 cps, Current: -25, -15
[21:58:06] [Server thread/INFO]: [Chunky] Task running for minecraft:overworld. Processed: 4383 chunks (27.17%), ETA: 0:25:00, Rate: 7.8 cps, Current: -27, -12
[21:58:07] [Server thread/INFO]: [Chunky] Task running for minecraft:overworld. Processed: 4386 chunks (27.19%), ETA: 0:23:19, Rate: 8.4 cps, Current: -26, -12
[21:58:09] [Server thread/INFO]: [Chunky] Task running for minecraft:overworld. Processed: 4403 chunks (27.30%), ETA: 0:22:43, Rate: 8.6 cps, Current: -32, -12
[21:58:12] [Server thread/INFO]: [Chunky] Task running for minecraft:overworld. Processed: 4414 chunks (27.37%), ETA: 0:25:58, Rate: 7.5 cps, Current: -31, -10
[21:58:13] [Server thread/INFO]: [Chunky] Task running for minecraft:overworld. Processed: 4421 chunks (27.41%), ETA: 0:26:01, Rate: 7.5 cps, Current: -30, -6
[21:58:15] [Server thread/INFO]: [Chunky] Task running for minecraft:overworld. Processed: 4425 chunks (27.44%), ETA: 0:28:18, Rate: 6.9 cps, Current: -30, -5
[21:58:16] [Server thread/INFO]: [Chunky] Task running for minecraft:overworld. Processed: 4444 chunks (27.55%), ETA: 0:26:02, Rate: 7.5 cps, Current: -27, -6
[21:58:17] [Server thread/INFO]: [Chunky] Task running for minecraft:overworld. Processed: 4456 chunks (27.63%), ETA: 0:24:53, Rate: 7.8 cps, Current: -27, -8
[21:58:18] [Server thread/INFO]: [Chunky] Task running for minecraft:overworld. Processed: 4476 chunks (27.75%), ETA: 0:23:49, Rate: 8.2 cps, Current: -26, -2
[21:58:20] [Server thread/INFO]: [Chunky] Task running for minecraft:overworld. Processed: 4478 chunks (27.76%), ETA: 0:25:13, Rate: 7.7 cps, Current: -27, -1
[21:58:21] [Server thread/INFO]: [Chunky] Task running for minecraft:overworld. Processed: 4484 chunks (27.80%), ETA: 0:25:25, Rate: 7.6 cps, Current: -22, -5
[21:58:22] [Server thread/INFO]: [Chunky] Task running for minecraft:overworld. Processed: 4491 chunks (27.84%), ETA: 0:25:15, Rate: 7.7 cps, Current: -23, -3
[21:58:23] [Server thread/INFO]: [Chunky] Task running for minecraft:overworld. Processed: 4513 chunks (27.98%), ETA: 0:26:55, Rate: 7.2 cps, Current: -18, -2
[21:58:24] [Server thread/WARN]: Couldn't set damage of loot item 1 minecraft:iron_ingot
[21:58:24] [Server thread/WARN]: Couldn't set damage of loot item 1 minecraft:iron_ingot
[21:58:24] [Server thread/WARN]: Couldn't set damage of loot item 1 minecraft:iron_ingot
[21:58:25] [Server thread/INFO]: [Chunky] Task running for minecraft:overworld. Processed: 4528 chunks (28.07%), ETA: 0:26:52, Rate: 7.2 cps, Current: -20, -6
[21:58:26] [Server thread/INFO]: [Chunky] Task running for minecraft:overworld. Processed: 4584 chunks (28.42%), ETA: 0:21:49, Rate: 8.8 cps, Current: -22, -14
[21:58:27] [Server thread/INFO]: [Chunky] Task running for minecraft:overworld. Processed: 4590 chunks (28.46%), ETA: 0:22:09, Rate: 8.7 cps, Current: -22, -15
[21:58:29] [Server thread/INFO]: [Chunky] Task running for minecraft:overworld. Processed: 4618 chunks (28.63%), ETA: 0:21:03, Rate: 9.1 cps, Current: -15, -13
[21:58:30] [Server thread/INFO]: [Chunky] Task running for minecraft:overworld. Processed: 4758 chunks (29.50%), ETA: 0:13:48, Rate: 13.7 cps, Current: -14, -10
[21:58:31] [Server thread/INFO]: [Chunky] Task running for minecraft:overworld. Processed: 4801 chunks (29.77%), ETA: 0:12:17, Rate: 15.4 cps, Current: -16, -5
[21:58:32] [Server thread/INFO]: [Chunky] Task running for minecraft:overworld. Processed: 4841 chunks (30.01%), ETA: 0:11:38, Rate: 16.2 cps, Current: -4, -13
[21:58:34] [Server thread/INFO]: [Chunky] Task running for minecraft:overworld. Processed: 4853 chunks (30.09%), ETA: 0:11:42, Rate: 16.0 cps, Current: -5, -15
[21:58:35] [Server thread/INFO]: [Chunky] Task running for minecraft:overworld. Processed: 4856 chunks (30.11%), ETA: 0:11:21, Rate: 16.5 cps, Current: -3, -15
[21:58:36] [Server thread/INFO]: [Chunky] Task running for minecraft:overworld. Processed: 4872 chunks (30.21%), ETA: 0:11:05, Rate: 16.9 cps, Current: -2, -17
[21:58:37] [Server thread/INFO]: [Chunky] Task running for minecraft:overworld. Processed: 4885 chunks (30.29%), ETA: 0:11:13, Rate: 16.7 cps, Current: -4, -20
[21:58:37] [Server thread/WARN]: Couldn't set damage of loot item 1 minecraft:iron_ingot
[21:58:37] [Server thread/WARN]: Couldn't set damage of loot item 1 minecraft:iron_nugget
[21:58:37] [Server thread/WARN]: Couldn't set damage of loot item 1 minecraft:iron_ingot
[21:58:37] [Server thread/WARN]: Couldn't set damage of loot item 1 minecraft:iron_ingot
[21:58:37] [Server thread/WARN]: Couldn't set damage of loot item 1 minecraft:iron_nugget
[21:58:38] [Server thread/INFO]: [Chunky] Task running for minecraft:overworld. Processed: 4907 chunks (30.42%), ETA: 0:10:59, Rate: 17.0 cps, Current: -7, -20
[21:58:40] [Server thread/INFO]: [Chunky] Task running for minecraft:overworld. Processed: 4926 chunks (30.54%), ETA: 0:09:52, Rate: 18.9 cps, Current: -8, -23
[21:58:40] [Server thread/INFO]: Qirell <Overworld> has made the advancement [Diamonds!]
[21:58:41] [Server thread/INFO]: [Chunky] Task running for minecraft:overworld. Processed: 4941 chunks (30.63%), ETA: 0:10:01, Rate: 18.6 cps, Current: -16, -19
[21:58:42] [Server thread/INFO]: [Chunky] Task running for minecraft:overworld. Processed: 4965 chunks (30.78%), ETA: 0:09:55, Rate: 18.8 cps, Current: -12, -21
[21:58:43] [Server thread/INFO]: [Chunky] Task running for minecraft:overworld. Processed: 4978 chunks (30.86%), ETA: 0:09:50, Rate: 18.9 cps, Current: -13, -21
[21:58:45] [Server thread/INFO]: [Chunky] Task running for minecraft:overworld. Processed: 4993 chunks (30.96%), ETA: 0:09:46, Rate: 19.0 cps, Current: -16, -26
[21:58:46] [Server thread/INFO]: [Chunky] Task running for minecraft:overworld. Processed: 4997 chunks (30.98%), ETA: 0:09:54, Rate: 18.7 cps, Current: -14, -25
[21:58:47] [Server thread/INFO]: [Chunky] Task running for minecraft:overworld. Processed: 5031 chunks (31.19%), ETA: 0:09:42, Rate: 19.1 cps, Current: -11, -30
[21:58:49] [Server thread/INFO]: [Chunky] Task running for minecraft:overworld. Processed: 5039 chunks (31.24%), ETA: 0:09:40, Rate: 19.1 cps, Current: -13, -31
[21:58:50] [Server thread/INFO]: [Chunky] Task running for minecraft:overworld. Processed: 5047 chunks (31.29%), ETA: 0:09:46, Rate: 18.9 cps, Current: -12, -32
[21:58:51] [Server thread/INFO]: [Chunky] Task running for minecraft:overworld. Processed: 5113 chunks (31.70%), ETA: 0:08:47, Rate: 20.9 cps, Current: -1, -28
[21:58:54] [Server thread/INFO]: Villager class_1646['Ophelia Brightgaze'/2765, l='ServerLevel[world]', x=130.32, y=71.00, z=160.44] died, message: 'Ophelia Brightgaze was slain by Zombie'
[21:58:54] [Server thread/INFO]: Named entity class_1646['Ophelia Brightgaze'/2765, l='ServerLevel[world]', x=130.32, y=71.00, z=160.44] died: Ophelia Brightgaze was slain by Zombie
[21:59:02] [Server thread/INFO]: [Chunky] Task running for minecraft:overworld. Processed: 5121 chunks (31.75%), ETA: 0:19:29, Rate: 9.4 cps, Current: -32, 0
[21:59:03] [Server thread/INFO]: [Chunky] Task running for minecraft:overworld. Processed: 5145 chunks (31.90%), ETA: 0:18:29, Rate: 9.9 cps, Current: -26, 5
[21:59:04] [Server thread/INFO]: Villager class_1646['Mirabel Moonshadow'/2766, l='ServerLevel[world]', x=133.61, y=72.00, z=152.99] died, message: 'Mirabel Moonshadow was slain by Zombie'
[21:59:04] [Server thread/INFO]: Named entity class_1646['Mirabel Moonshadow'/2766, l='ServerLevel[world]', x=133.61, y=72.00, z=152.99] died: Mirabel Moonshadow was slain by Zombie
[21:59:04] [Server thread/INFO]: [Chunky] Task running for minecraft:overworld. Processed: 5170 chunks (32.05%), ETA: 0:17:10, Rate: 10.6 cps, Current: -28, 0
[21:59:05] [Server thread/INFO]: [Chunky] Task running for minecraft:overworld. Processed: 5185 chunks (32.15%), ETA: 0:16:54, Rate: 10.8 cps, Current: -24, 0
[21:59:07] [Server thread/INFO]: [Chunky] Task running for minecraft:overworld. Processed: 5191 chunks (32.18%), ETA: 0:17:29, Rate: 10.4 cps, Current: -23, 2
[21:59:08] [Server thread/INFO]: [Chunky] Task running for minecraft:overworld. Processed: 5197 chunks (32.22%), ETA: 0:18:31, Rate: 9.8 cps, Current: -21, 1
[21:59:17] [Server thread/INFO]: [Chunky] Task running for minecraft:overworld. Processed: 5249 chunks (32.54%), ETA: 0:24:36, Rate: 7.4 cps, Current: -21, 8
[21:59:19] [Server thread/INFO]: [Chunky] Task running for minecraft:overworld. Processed: 5250 chunks (32.55%), ETA: 0:25:19, Rate: 7.2 cps, Current: -22, 10
[21:59:20] [Server thread/INFO]: [Chunky] Task running for minecraft:overworld. Processed: 5284 chunks (32.76%), ETA: 0:22:09, Rate: 8.2 cps, Current: -18, 13
[21:59:23] [Server thread/INFO]: [Chunky] Task running for minecraft:overworld. Processed: 5305 chunks (32.89%), ETA: 0:20:25, Rate: 8.8 cps, Current: -24, 12
[21:59:24] [Server thread/INFO]: [Chunky] Task running for minecraft:overworld. Processed: 5326 chunks (33.02%), ETA: 0:19:13, Rate: 9.4 cps, Current: -28, 9
[21:59:26] [Server thread/INFO]: [Chunky] Task running for minecraft:overworld. Processed: 5336 chunks (33.08%), ETA: 0:19:26, Rate: 9.3 cps, Current: -26, 14
[21:59:27] [Server thread/INFO]: [Chunky] Task running for minecraft:overworld. Processed: 5337 chunks (33.09%), ETA: 0:20:23, Rate: 8.8 cps, Current: -27, 14
[21:59:29] [Server thread/INFO]: [Chunky] Task running for minecraft:overworld. Processed: 5355 chunks (33.20%), ETA: 0:20:33, Rate: 8.7 cps, Current: -32, 8
[21:59:31] [Server thread/INFO]: [Chunky] Task running for minecraft:overworld. Processed: 5361 chunks (33.24%), ETA: 0:21:31, Rate: 8.3 cps, Current: -32, 12
[21:59:33] [Server thread/INFO]: [Chunky] Task running for minecraft:overworld. Processed: 5384 chunks (33.38%), ETA: 0:21:58, Rate: 8.1 cps, Current: -30, 16
[21:59:37] [Server thread/INFO]: [Chunky] Task running for minecraft:overworld. Processed: 5407 chunks (33.52%), ETA: 0:24:33, Rate: 7.3 cps, Current: -26, 19
[21:59:38] [Server thread/INFO]: [Chunky] Task running for minecraft:overworld. Processed: 5409 chunks (33.54%), ETA: 0:23:11, Rate: 7.7 cps, Current: -31, 20
[21:59:39] [Server thread/INFO]: [Chunky] Task running for minecraft:overworld. Processed: 5412 chunks (33.55%), ETA: 0:23:50, Rate: 7.5 cps, Current: -28, 20
[21:59:40] [Server thread/INFO]: [Chunky] Task running for minecraft:overworld. Processed: 5421 chunks (33.61%), ETA: 0:23:58, Rate: 7.4 cps, Current: -28, 22
[21:59:43] [Server thread/INFO]: [Chunky] Task running for minecraft:overworld. Processed: 5433 chunks (33.68%), ETA: 0:24:34, Rate: 7.3 cps, Current: -26, 22
[21:59:45] [Server thread/INFO]: [Chunky] Task running for minecraft:overworld. Processed: 5436 chunks (33.70%), ETA: 0:26:18, Rate: 6.8 cps, Current: -25, 21
[21:59:47] [Server thread/INFO]: [Chunky] Task running for minecraft:overworld. Processed: 5455 chunks (33.82%), ETA: 0:24:46, Rate: 7.2 cps, Current: -30, 27
[21:59:53] [Server thread/INFO]: [Chunky] Task running for minecraft:overworld. Processed: 5505 chunks (34.13%), ETA: 0:28:44, Rate: 6.2 cps, Current: -24, 26
[21:59:55] [Server thread/INFO]: [Chunky] Task running for minecraft:overworld. Processed: 5509 chunks (34.16%), ETA: 0:29:31, Rate: 6.0 cps, Current: -24, 27
[21:59:55] [Server thread/WARN]: Couldn't set damage of loot item 1 minecraft:iron_ingot
[21:59:55] [Server thread/WARN]: Couldn't set damage of loot item 1 minecraft:iron_ingot
[21:59:55] [Server thread/WARN]: Couldn't set damage of loot item 1 minecraft:iron_nugget
[21:59:55] [Server thread/WARN]: Couldn't set damage of loot item 1 minecraft:iron_ingot
[21:59:55] [Server thread/WARN]: Couldn't set damage of loot item 1 minecraft:iron_nugget
[21:59:56] [Server thread/INFO]: [Chunky] Task running for minecraft:overworld. Processed: 5533 chunks (34.30%), ETA: 0:25:49, Rate: 6.8 cps, Current: -23, 31
[21:59:57] [Server thread/INFO]: [Chunky] Task running for minecraft:overworld. Processed: 5559 chunks (34.47%), ETA: 0:23:56, Rate: 7.4 cps, Current: -17, 31
[21:59:58] [Server thread/INFO]: [Chunky] Task running for minecraft:overworld. Processed: 5593 chunks (34.68%), ETA: 0:21:15, Rate: 8.3 cps, Current: -23, 19
[21:59:59] [Server thread/INFO]: [Chunky] Task running for minecraft:overworld. Processed: 5623 chunks (34.86%), ETA: 0:18:43, Rate: 9.4 cps, Current: -19, 19
[22:00:02] [Server thread/INFO]: [Chunky] Task running for minecraft:overworld. Processed: 5633 chunks (34.92%), ETA: 0:20:36, Rate: 8.5 cps, Current: -16, 16
[22:00:03] [Server thread/INFO]: [Chunky] Task running for minecraft:overworld. Processed: 5637 chunks (34.95%), ETA: 0:19:55, Rate: 8.8 cps, Current: -16, 18
[22:00:04] [Server thread/INFO]: [Chunky] Task running for minecraft:overworld. Processed: 5686 chunks (35.25%), ETA: 0:17:00, Rate: 10.2 cps, Current: -16, 22
[22:00:06] [Server thread/INFO]: [Chunky] Task running for minecraft:overworld. Processed: 5693 chunks (35.30%), ETA: 0:17:28, Rate: 10.0 cps, Current: -9, 19
[22:00:07] [Server thread/INFO]: [Chunky] Task running for minecraft:overworld. Processed: 5697 chunks (35.32%), ETA: 0:17:29, Rate: 9.9 cps, Current: -16, 29
[22:00:08] [Server thread/INFO]: [Chunky] Task running for minecraft:overworld. Processed: 5702 chunks (35.35%), ETA: 0:17:25, Rate: 10.0 cps, Current: -14, 29
[22:00:09] [Server thread/INFO]: [Chunky] Task running for minecraft:overworld. Processed: 5739 chunks (35.58%), ETA: 0:15:45, Rate: 11.0 cps, Current: -12, 24
[22:00:10] [Server thread/INFO]: [Chunky] Task running for minecraft:overworld. Processed: 5743 chunks (35.61%), ETA: 0:15:27, Rate: 11.2 cps, Current: -11, 27
[22:00:12] [Server thread/INFO]: [Chunky] Task running for minecraft:overworld. Processed: 5755 chunks (35.68%), ETA: 0:15:36, Rate: 11.1 cps, Current: -12, 31
[22:00:14] [Server thread/INFO]: [Chunky] Task running for minecraft:overworld. Processed: 5761 chunks (35.72%), ETA: 0:15:20, Rate: 11.3 cps, Current: -8, 26
[22:00:15] [Server thread/INFO]: [Chunky] Task running for minecraft:overworld. Processed: 5903 chunks (36.60%), ETA: 0:10:55, Rate: 15.6 cps, Current: -3, 23
[22:00:16] [Server thread/INFO]: [Chunky] Task running for minecraft:overworld. Processed: 5946 chunks (36.87%), ETA: 0:09:52, Rate: 17.2 cps, Current: -7, 16
[22:00:17] [Server thread/INFO]: [Chunky] Task running for minecraft:overworld. Processed: 6005 chunks (37.23%), ETA: 0:09:05, Rate: 18.6 cps, Current: -12, 9
[22:00:30] [Server thread/INFO]: [Chunky] Task running for minecraft:overworld. Processed: 6145 chunks (38.10%), ETA: 0:09:06, Rate: 18.3 cps, Current: -32, 32
[22:00:32] [Server thread/INFO]: [Chunky] Task running for minecraft:overworld. Processed: 6180 chunks (38.32%), ETA: 0:08:57, Rate: 18.5 cps, Current: -27, 39
[22:00:33] [Server thread/INFO]: [Chunky] Task running for minecraft:overworld. Processed: 6209 chunks (38.50%), ETA: 0:08:37, Rate: 19.2 cps, Current: -24, 32
[22:00:35] [Server thread/INFO]: [Chunky] Task running for minecraft:overworld. Processed: 6210 chunks (38.50%), ETA: 0:09:18, Rate: 17.8 cps, Current: -23, 32
[22:00:36] [Server thread/INFO]: [Chunky] Task running for minecraft:overworld. Processed: 6222 chunks (38.58%), ETA: 0:09:06, Rate: 18.1 cps, Current: -21, 35
[22:00:38] [Server thread/INFO]: [Chunky] Task running for minecraft:overworld. Processed: 6262 chunks (38.82%), ETA: 0:09:05, Rate: 18.1 cps, Current: -19, 39
[22:00:40] [Server thread/INFO]: [Chunky] Task running for minecraft:overworld. Processed: 6263 chunks (38.83%), ETA: 0:09:14, Rate: 17.8 cps, Current: -17, 34
[22:00:42] [Server thread/INFO]: [Chunky] Task running for minecraft:overworld. Processed: 6273 chunks (38.89%), ETA: 0:09:06, Rate: 18.0 cps, Current: -20, 40
[22:00:44] [Server thread/INFO]: [Chunky] Task running for minecraft:overworld. Processed: 6275 chunks (38.91%), ETA: 0:09:29, Rate: 17.3 cps, Current: -21, 42
[22:00:45] [Server thread/INFO]: [Chunky] Task running for minecraft:overworld. Processed: 6281 chunks (38.94%), ETA: 0:12:52, Rate: 12.7 cps, Current: -19, 40
[22:00:46] [Server thread/INFO]: [Chunky] Task running for minecraft:overworld. Processed: 6293 chunks (39.02%), ETA: 0:14:00, Rate: 11.7 cps, Current: -24, 42
[22:00:48] [Server thread/INFO]: [Chunky] Task running for minecraft:overworld. Processed: 6303 chunks (39.08%), ETA: 0:18:17, Rate: 9.0 cps, Current: -17, 42
[22:00:49] [Server thread/INFO]: [Chunky] Task running for minecraft:overworld. Processed: 6341 chunks (39.31%), ETA: 0:15:34, Rate: 10.5 cps, Current: -26, 41
[22:00:52] [Server thread/WARN]: Couldn't set damage of loot item 1 minecraft:iron_nugget
[22:00:52] [Server thread/WARN]: Couldn't set damage of loot item 1 minecraft:iron_nugget
[22:00:52] [Server thread/WARN]: Couldn't set damage of loot item 1 minecraft:iron_ingot
[22:00:52] [Server thread/WARN]: Couldn't set damage of loot item 1 minecraft:iron_ingot
[22:00:52] [Server thread/WARN]: Couldn't set damage of loot item 1 minecraft:iron_ingot
[22:00:56] [Server thread/WARN]: Couldn't set damage of loot item 1 minecraft:iron_nugget
[22:00:56] [Server thread/WARN]: Couldn't set damage of loot item 1 minecraft:iron_ingot
[22:00:56] [Server thread/WARN]: Couldn't set damage of loot item 1 minecraft:iron_nugget
[22:00:56] [Server thread/WARN]: Couldn't set damage of loot item 1 minecraft:iron_nugget
[22:00:57] [Server thread/INFO]: [Chunky] Task running for minecraft:overworld. Processed: 6369 chunks (39.49%), ETA: 0:19:32, Rate: 8.3 cps, Current: -30, 40
[22:00:59] [Server thread/WARN]: Couldn't set damage of loot item 1 minecraft:iron_nugget
[22:00:59] [Server thread/WARN]: Couldn't set damage of loot item 1 minecraft:iron_ingot
[22:00:59] [Server thread/WARN]: Couldn't set damage of loot item 1 minecraft:iron_nugget
[22:00:59] [Server thread/WARN]: Couldn't set damage of loot item 1 minecraft:iron_nugget
[22:00:59] [Server thread/WARN]: Couldn't set damage of loot item 1 minecraft:iron_nugget
[22:00:59] [Server thread/WARN]: Couldn't set damage of loot item 1 minecraft:iron_ingot
[22:01:00] [Server thread/INFO]: [Chunky] Task running for minecraft:overworld. Processed: 6412 chunks (39.75%), ETA: 0:17:55, Rate: 9.0 cps, Current: -31, 51
[22:01:03] [Server thread/INFO]: [Chunky] Task running for minecraft:overworld. Processed: 6418 chunks (39.79%), ETA: 0:22:49, Rate: 7.1 cps, Current: -32, 51
[22:01:03] [Server thread/WARN]: Couldn't set damage of loot item 1 minecraft:iron_ingot
[22:01:03] [Server thread/WARN]: Couldn't set damage of loot item 1 minecraft:iron_ingot
[22:01:03] [Server thread/WARN]: Couldn't set damage of loot item 1 minecraft:iron_nugget
[22:01:03] [Server thread/WARN]: Couldn't set damage of loot item 1 minecraft:iron_ingot
[22:01:03] [Server thread/WARN]: Couldn't set damage of loot item 1 minecraft:iron_ingot
[22:01:03] [Server thread/WARN]: Couldn't set damage of loot item 1 minecraft:iron_nugget
[22:01:03] [Server thread/WARN]: Couldn't set damage of loot item 1 minecraft:iron_ingot
[22:01:04] [Server thread/INFO]: [Chunky] Task running for minecraft:overworld. Processed: 6419 chunks (39.80%), ETA: 0:22:24, Rate: 7.2 cps, Current: -27, 48
[22:01:05] [Server thread/INFO]: [Chunky] Task running for minecraft:overworld. Processed: 6423 chunks (39.82%), ETA: 0:23:22, Rate: 6.9 cps, Current: -27, 51
[22:01:06] [Server thread/WARN]: Couldn't set damage of loot item 1 minecraft:iron_ingot
[22:01:06] [Server thread/WARN]: Couldn't set damage of loot item 1 minecraft:iron_ingot
[22:01:06] [Server thread/WARN]: Couldn't set damage of loot item 1 minecraft:iron_ingot
[22:01:06] [Server thread/WARN]: Couldn't set damage of loot item 1 minecraft:iron_nugget
[22:01:06] [Server thread/WARN]: Couldn't set damage of loot item 1 minecraft:iron_ingot
[22:01:06] [Server thread/WARN]: Couldn't set damage of loot item 1 minecraft:iron_ingot
[22:01:06] [Server thread/WARN]: Couldn't set damage of loot item 1 minecraft:iron_ingot
[22:01:06] [Server thread/INFO]: Qirell <Overworld> has made the advancement [Close Quarters]
[22:01:09] [Server thread/INFO]: [Chunky] Task running for minecraft:overworld. Processed: 6453 chunks (40.01%), ETA: 0:24:38, Rate: 6.5 cps, Current: -30, 54
[22:01:10] [Server thread/WARN]: Couldn't set damage of loot item 1 minecraft:iron_nugget
[22:01:10] [Server thread/WARN]: Couldn't set damage of loot item 1 minecraft:iron_ingot
[22:01:10] [Server thread/WARN]: Couldn't set damage of loot item 1 minecraft:iron_nugget
[22:01:10] [Server thread/WARN]: Couldn't set damage of loot item 1 minecraft:iron_ingot
[22:01:10] [Server thread/WARN]: Couldn't set damage of loot item 1 minecraft:iron_ingot
[22:01:10] [Server thread/INFO]: [Chunky] Task running for minecraft:overworld. Processed: 6461 chunks (40.06%), ETA: 0:23:41, Rate: 6.8 cps, Current: -32, 52
[22:01:12] [Server thread/INFO]: [Chunky] Task running for minecraft:overworld. Processed: 6464 chunks (40.08%), ETA: 0:24:33, Rate: 6.6 cps, Current: -31, 56
[22:01:13] [Server thread/INFO]: [Chunky] Task running for minecraft:overworld. Processed: 6465 chunks (40.08%), ETA: 0:24:26, Rate: 6.6 cps, Current: -32, 55
[22:01:14] [Server thread/INFO]: [Chunky] Task running for minecraft:overworld. Processed: 6497 chunks (40.28%), ETA: 0:21:35, Rate: 7.4 cps, Current: -28, 60
[22:01:14] [Worker-Main-4/WARN]: Couldn't find template pool reference: minecraft:
[22:01:14] [Worker-Main-4/WARN]: Couldn't find template pool reference: minecraft:
[22:01:14] [Worker-Main-4/WARN]: Couldn't find template pool reference: minecraft:
[22:01:14] [Worker-Main-4/WARN]: Couldn't find template pool reference: minecraft:
[22:01:14] [Worker-Main-4/WARN]: Couldn't find template pool reference: minecraft:
[22:01:14] [Worker-Main-4/WARN]: Couldn't find template pool reference: minecraft:
[22:01:14] [Worker-Main-4/WARN]: Couldn't find template pool reference: minecraft:
[22:01:14] [Worker-Main-4/WARN]: Couldn't find template pool reference: minecraft:
[22:01:14] [Worker-Main-4/WARN]: Couldn't find template pool reference: minecraft:
[22:01:14] [Worker-Main-4/WARN]: Couldn't find template pool reference: minecraft:
[22:01:15] [Server thread/INFO]: [Chunky] Task running for minecraft:overworld. Processed: 6524 chunks (40.45%), ETA: 0:20:21, Rate: 7.9 cps, Current: -25, 62
[22:01:19] [Server thread/INFO]: [Chunky] Task running for minecraft:overworld. Processed: 6529 chunks (40.48%), ETA: 0:21:39, Rate: 7.4 cps, Current: -23, 58
[22:01:20] [Server thread/INFO]: [Chunky] Task running for minecraft:overworld. Processed: 6547 chunks (40.59%), ETA: 0:20:22, Rate: 7.8 cps, Current: -21, 59
[22:01:21] [Server thread/INFO]: [Chunky] Task running for minecraft:overworld. Processed: 6557 chunks (40.65%), ETA: 0:20:24, Rate: 7.8 cps, Current: -22, 63
[22:01:22] [Server thread/INFO]: [Chunky] Task running for minecraft:overworld. Processed: 6573 chunks (40.75%), ETA: 0:19:34, Rate: 8.1 cps, Current: -17, 63
[22:01:24] [Server thread/INFO]: [Chunky] Task running for minecraft:overworld. Processed: 6624 chunks (41.07%), ETA: 0:16:32, Rate: 9.6 cps, Current: -17, 56
[22:01:25] [Server thread/INFO]: [Chunky] Task running for minecraft:overworld. Processed: 6636 chunks (41.14%), ETA: 0:16:38, Rate: 9.5 cps, Current: -22, 48
[22:01:27] [Server thread/WARN]: Couldn't set damage of loot item 1 minecraft:iron_ingot
[22:01:27] [Server thread/WARN]: Couldn't set damage of loot item 1 minecraft:iron_ingot
[22:01:27] [Server thread/WARN]: Couldn't set damage of loot item 1 minecraft:iron_ingot
[22:01:27] [Server thread/WARN]: Couldn't set damage of loot item 1 minecraft:iron_ingot
[22:01:27] [Server thread/WARN]: Couldn't set damage of loot item 1 minecraft:iron_nugget
[22:01:27] [Server thread/WARN]: Couldn't set damage of loot item 1 minecraft:iron_ingot
[22:01:30] [Server thread/WARN]: Couldn't set damage of loot item 1 minecraft:iron_ingot
[22:01:30] [Server thread/WARN]: Couldn't set damage of loot item 1 minecraft:iron_ingot
[22:01:30] [Server thread/WARN]: Couldn't set damage of loot item 1 minecraft:iron_nugget
[22:01:30] [Server thread/WARN]: Couldn't set damage of loot item 1 minecraft:iron_ingot
[22:01:32] [Server thread/INFO]: [Chunky] Task running for minecraft:overworld. Processed: 6657 chunks (41.27%), ETA: 0:19:13, Rate: 8.2 cps, Current: -16, 49
[22:01:32] [Server thread/WARN]: Couldn't set damage of loot item 1 minecraft:iron_nugget
[22:01:32] [Server thread/WARN]: Couldn't set damage of loot item 1 minecraft:iron_nugget
[22:01:32] [Server thread/WARN]: Couldn't set damage of loot item 1 minecraft:iron_nugget
[22:01:32] [Server thread/WARN]: Couldn't set damage of loot item 1 minecraft:iron_ingot
[22:01:40] [Server thread/INFO]: [Chunky] Task running for minecraft:overworld. Processed: 6662 chunks (41.30%), ETA: 0:23:24, Rate: 6.7 cps, Current: -15, 48
[22:01:41] [Server thread/INFO]: [Chunky] Task running for minecraft:overworld. Processed: 6665 chunks (41.32%), ETA: 0:23:10, Rate: 6.8 cps, Current: -15, 51
[22:01:43] [Server thread/INFO]: [Chunky] Task running for minecraft:overworld. Processed: 6672 chunks (41.37%), ETA: 0:25:59, Rate: 6.1 cps, Current: -12, 49
[22:01:44] [Server thread/INFO]: [Chunky] Task running for minecraft:overworld. Processed: 6689 chunks (41.47%), ETA: 0:27:11, Rate: 5.8 cps, Current: -16, 55
[22:01:45] [Server thread/INFO]: [Chunky] Task running for minecraft:overworld. Processed: 6721 chunks (41.67%), ETA: 0:21:17, Rate: 7.4 cps, Current: -16, 56
[22:01:47] [Server thread/INFO]: [Chunky] Task running for minecraft:overworld. Processed: 6726 chunks (41.70%), ETA: 0:22:22, Rate: 7.0 cps, Current: -14, 56
[22:01:49] [Server thread/INFO]: [Chunky] Task running for minecraft:overworld. Processed: 6727 chunks (41.71%), ETA: 0:23:22, Rate: 6.7 cps, Current: -16, 59
[22:01:58] [Server thread/INFO]: [Chunky] Task running for minecraft:overworld. Processed: 6773 chunks (41.99%), ETA: 0:34:06, Rate: 4.6 cps, Current: -12, 63
[22:02:02] [Server thread/INFO]: [Chunky] Task running for minecraft:overworld. Processed: 6783 chunks (42.05%), ETA: 0:36:44, Rate: 4.2 cps, Current: -10, 63
[22:02:03] [Server thread/WARN]: Couldn't set damage of loot item 1 minecraft:iron_ingot
[22:02:03] [Server thread/WARN]: Couldn't set damage of loot item 1 minecraft:iron_ingot
[22:02:03] [Server thread/WARN]: Couldn't set damage of loot item 1 minecraft:iron_ingot
[22:02:03] [Server thread/WARN]: Couldn't set damage of loot item 1 minecraft:iron_ingot
[22:02:03] [Server thread/WARN]: Couldn't set damage of loot item 1 minecraft:iron_ingot
[22:02:03] [Server thread/WARN]: Couldn't set damage of loot item 1 minecraft:iron_nugget
[22:02:05] [Server thread/INFO]: [Chunky] Task running for minecraft:overworld. Processed: 6785 chunks (42.07%), ETA: 0:31:39, Rate: 4.9 cps, Current: -8, 58
[22:02:06] [Server thread/INFO]: [Chunky] Task running for minecraft:overworld. Processed: 6790 chunks (42.10%), ETA: 0:31:48, Rate: 4.9 cps, Current: -7, 57
[22:02:07] [Server thread/INFO]: [Chunky] Task running for minecraft:overworld. Processed: 6796 chunks (42.14%), ETA: 0:31:34, Rate: 4.9 cps, Current: -7, 60
[22:02:09] [Server thread/INFO]: [Chunky] Task running for minecraft:overworld. Processed: 6811 chunks (42.23%), ETA: 0:29:30, Rate: 5.3 cps, Current: -5, 61
[22:02:10] [Server thread/INFO]: [Chunky] Task running for minecraft:overworld. Processed: 6819 chunks (42.28%), ETA: 0:28:59, Rate: 5.4 cps, Current: -7, 63
[22:02:11] [Server thread/INFO]: [Chunky] Task running for minecraft:overworld. Processed: 6835 chunks (42.38%), ETA: 0:27:08, Rate: 5.7 cps, Current: -1, 60
[22:02:12] [Server thread/INFO]: [Chunky] Task running for minecraft:overworld. Processed: 6856 chunks (42.51%), ETA: 0:24:34, Rate: 6.3 cps, Current: -2, 55
[22:02:13] [Server thread/INFO]: [Chunky] Task running for minecraft:overworld. Processed: 6869 chunks (42.59%), ETA: 0:25:10, Rate: 6.1 cps, Current: -5, 53
[22:02:15] [Server thread/INFO]: [Chunky] Task running for minecraft:overworld. Processed: 6885 chunks (42.69%), ETA: 0:27:26, Rate: 5.6 cps, Current: -8, 50
[22:02:16] [Server thread/INFO]: [Chunky] Task running for minecraft:overworld. Processed: 6900 chunks (42.78%), ETA: 0:25:34, Rate: 6.0 cps, Current: -3, 50
[22:02:18] [Server thread/INFO]: [Chunky] Task running for minecraft:overworld. Processed: 6901 chunks (42.79%), ETA: 0:25:32, Rate: 6.0 cps, Current: -2, 51
[22:02:19] [Server thread/INFO]: [Chunky] Task running for minecraft:overworld. Processed: 6904 chunks (42.80%), ETA: 0:24:53, Rate: 6.2 cps, Current: -3, 48
[22:02:20] [Server thread/INFO]: Updating the respawn location of player Qirell to [169, 65, 129] in minecraft:overworld
[22:02:20] [Server thread/INFO]: [Chunky] Task running for minecraft:overworld. Processed: 6907 chunks (42.82%), ETA: 0:25:47, Rate: 6.0 cps, Current: -2, 48
[22:02:22] [Server thread/INFO]: [Chunky] Task running for minecraft:overworld. Processed: 6920 chunks (42.90%), ETA: 0:24:55, Rate: 6.2 cps, Current: -2, 44
[22:02:23] [Server thread/INFO]: [Chunky] Task running for minecraft:overworld. Processed: 6925 chunks (42.94%), ETA: 0:25:18, Rate: 6.1 cps, Current: -2, 41
[22:02:24] [Server thread/INFO]: [Chunky] Task running for minecraft:overworld. Processed: 6965 chunks (43.18%), ETA: 0:20:48, Rate: 7.3 cps, Current: -8, 46
[22:02:25] [Server thread/INFO]: [Chunky] Task running for minecraft:overworld. Processed: 6980 chunks (43.28%), ETA: 0:20:04, Rate: 7.6 cps, Current: -11, 45
[22:02:26] [Server thread/INFO]: [Chunky] Task running for minecraft:overworld. Processed: 7016 chunks (43.50%), ETA: 0:17:41, Rate: 8.6 cps, Current: -12, 43
[22:02:29] [Server thread/INFO]: [Chunky] Task running for minecraft:overworld. Processed: 7030 chunks (43.59%), ETA: 0:16:29, Rate: 9.2 cps, Current: -9, 43
[22:02:30] [Server thread/INFO]: [Chunky] Task running for minecraft:overworld. Processed: 7081 chunks (43.90%), ETA: 0:14:09, Rate: 10.6 cps, Current: -13, 34
[22:02:31] [Server thread/INFO]: [Chunky] Task running for minecraft:overworld. Processed: 7106 chunks (44.06%), ETA: 0:13:29, Rate: 11.1 cps, Current: -8, 34
[22:02:32] [Server thread/INFO]: [Chunky] Task running for minecraft:overworld. Processed: 7107 chunks (44.06%), ETA: 0:12:29, Rate: 12.0 cps, Current: -8, 35
[22:02:33] [Server thread/INFO]: [Chunky] Task running for minecraft:overworld. Processed: 7151 chunks (44.34%), ETA: 0:11:30, Rate: 13.0 cps, Current: -1, 37
[22:02:35] [Server thread/INFO]: [Chunky] Task running for minecraft:overworld. Processed: 7160 chunks (44.39%), ETA: 0:11:41, Rate: 12.8 cps, Current: -2, 33
[22:02:36] [Server thread/INFO]: [Chunky] Task running for minecraft:overworld. Processed: 7168 chunks (44.44%), ETA: 0:11:36, Rate: 12.9 cps, Current: -1, 32
[22:02:38] [Server thread/INFO]: [Chunky] Task running for minecraft:overworld. Processed: 7169 chunks (44.45%), ETA: 0:12:11, Rate: 12.2 cps, Current: 0, 34
[22:02:39] [Server thread/INFO]: [Chunky] Task running for minecraft:overworld. Processed: 7172 chunks (44.47%), ETA: 0:12:06, Rate: 12.3 cps, Current: 1, 35
[22:02:40] [Server thread/INFO]: [Chunky] Task running for minecraft:overworld. Processed: 7187 chunks (44.56%), ETA: 0:12:01, Rate: 12.4 cps, Current: 1, 37
[22:02:41] [Server thread/INFO]: [Chunky] Task running for minecraft:overworld. Processed: 7207 chunks (44.68%), ETA: 0:11:54, Rate: 12.5 cps, Current: 4, 36
[22:02:45] [Server thread/INFO]: [Chunky] Task running for minecraft:overworld. Processed: 7233 chunks (44.84%), ETA: 0:12:51, Rate: 11.5 cps, Current: 8, 32
[22:02:47] [Server thread/INFO]: [Chunky] Task running for minecraft:overworld. Processed: 7238 chunks (44.88%), ETA: 0:12:42, Rate: 11.7 cps, Current: 10, 32
[22:02:48] [Server thread/INFO]: [Chunky] Task running for minecraft:overworld. Processed: 7247 chunks (44.93%), ETA: 0:12:47, Rate: 11.6 cps, Current: 8, 35
[22:03:00] [Server thread/INFO]: [Chunky] Task running for minecraft:overworld. Processed: 7297 chunks (45.24%), ETA: 0:22:20, Rate: 6.6 cps, Current: 8, 40
[22:03:02] [Server thread/INFO]: [Chunky] Task running for minecraft:overworld. Processed: 7299 chunks (45.25%), ETA: 0:28:23, Rate: 5.2 cps, Current: 8, 41
[22:03:03] [Server thread/INFO]: [Chunky] Task running for minecraft:overworld. Processed: 7346 chunks (45.55%), ETA: 0:22:17, Rate: 6.6 cps, Current: 10, 44
[22:03:05] [Server thread/INFO]: [Chunky] Task running for minecraft:overworld. Processed: 7350 chunks (45.57%), ETA: 0:22:58, Rate: 6.4 cps, Current: 10, 47
[22:03:06] [Server thread/INFO]: [Chunky] Task running for minecraft:overworld. Processed: 7359 chunks (45.63%), ETA: 0:21:34, Rate: 6.8 cps, Current: 6, 40
[22:03:07] [Server thread/INFO]: [Chunky] Task running for minecraft:overworld. Processed: 7412 chunks (45.95%), ETA: 0:17:24, Rate: 8.3 cps, Current: 0, 45
[22:03:13] [Server thread/INFO]: [Chunky] Task running for minecraft:overworld. Processed: 7425 chunks (46.04%), ETA: 0:20:47, Rate: 7.0 cps, Current: 0, 48
[22:03:14] [Server thread/INFO]: [Chunky] Task running for minecraft:overworld. Processed: 7449 chunks (46.18%), ETA: 0:19:06, Rate: 7.6 cps, Current: 6, 50
[22:03:15] [Server thread/INFO]: [Chunky] Task running for minecraft:overworld. Processed: 7461 chunks (46.26%), ETA: 0:18:44, Rate: 7.7 cps, Current: 6, 53
[22:03:16] [Server thread/INFO]: [Chunky] Task running for minecraft:overworld. Processed: 7481 chunks (46.38%), ETA: 0:17:27, Rate: 8.3 cps, Current: 1, 52
[22:03:20] [Server thread/INFO]: [Chunky] Task running for minecraft:overworld. Processed: 7498 chunks (46.49%), ETA: 0:14:03, Rate: 10.2 cps, Current: 3, 56
[22:03:21] [Server thread/INFO]: [Chunky] Task running for minecraft:overworld. Processed: 7509 chunks (46.56%), ETA: 0:14:14, Rate: 10.1 cps, Current: 3, 62
[22:03:22] [Server thread/INFO]: [Chunky] Task running for minecraft:overworld. Processed: 7533 chunks (46.70%), ETA: 0:13:23, Rate: 10.7 cps, Current: 6, 56
[22:03:26] [Server thread/INFO]: [Chunky] Task running for minecraft:overworld. Processed: 7552 chunks (46.82%), ETA: 0:14:12, Rate: 10.1 cps, Current: 7, 63
[22:03:29] [Server thread/INFO]: [Chunky] Task running for minecraft:overworld. Processed: 7554 chunks (46.83%), ETA: 0:15:40, Rate: 9.1 cps, Current: 9, 56
[22:03:30] [Server thread/INFO]: [Chunky] Task running for minecraft:overworld. Processed: 7568 chunks (46.92%), ETA: 0:15:38, Rate: 9.1 cps, Current: 10, 60
[22:03:31] [Server thread/INFO]: [Chunky] Task running for minecraft:overworld. Processed: 7584 chunks (47.02%), ETA: 0:14:23, Rate: 9.9 cps, Current: 10, 63
[22:03:32] [Server thread/INFO]: [Chunky] Task running for minecraft:overworld. Processed: 7597 chunks (47.10%), ETA: 0:14:13, Rate: 10.0 cps, Current: 12, 58
[22:03:33] [Server thread/INFO]: [Chunky] Task running for minecraft:overworld. Processed: 7599 chunks (47.11%), ETA: 0:16:42, Rate: 8.5 cps, Current: 12, 63
[22:03:34] [Server thread/INFO]: [Chunky] Task running for minecraft:overworld. Processed: 7608 chunks (47.17%), ETA: 0:16:11, Rate: 8.8 cps, Current: 15, 58
[22:03:36] [Server thread/INFO]: [Chunky] Task running for minecraft:overworld. Processed: 7665 chunks (47.52%), ETA: 0:16:08, Rate: 8.7 cps, Current: 14, 49
[22:03:44] [Server thread/INFO]: [Chunky] Task running for minecraft:overworld. Processed: 7677 chunks (47.60%), ETA: 0:18:25, Rate: 7.6 cps, Current: 15, 48
[22:03:49] [Server thread/INFO]: [Chunky] Task running for minecraft:overworld. Processed: 7681 chunks (47.62%), ETA: 0:21:57, Rate: 6.4 cps, Current: 17, 50
[22:03:50] [Server thread/INFO]: [Chunky] Task running for minecraft:overworld. Processed: 7686 chunks (47.65%), ETA: 0:22:48, Rate: 6.2 cps, Current: 18, 49
[22:03:52] [Server thread/INFO]: [Chunky] Task running for minecraft:overworld. Processed: 7695 chunks (47.71%), ETA: 0:25:17, Rate: 5.6 cps, Current: 18, 48
[22:03:53] [Server thread/INFO]: [Chunky] Task running for minecraft:overworld. Processed: 7737 chunks (47.97%), ETA: 0:20:20, Rate: 6.9 cps, Current: 22, 53
[22:03:57] [Server thread/INFO]: [Chunky] Task running for minecraft:overworld. Processed: 7745 chunks (48.02%), ETA: 0:20:59, Rate: 6.7 cps, Current: 16, 56
[22:03:59] [Server thread/INFO]: [Chunky] Task running for minecraft:overworld. Processed: 7789 chunks (48.29%), ETA: 0:18:12, Rate: 7.6 cps, Current: 23, 61
[22:04:01] [Server thread/INFO]: [Chunky] Task running for minecraft:overworld. Processed: 7797 chunks (48.34%), ETA: 0:20:07, Rate: 6.9 cps, Current: 20, 58
[22:04:03] [Worker-Main-5/WARN]: Skipped emitting ENTITY_MOUNT game event for entity class_1628['Spider'/10170, l='ServerLevel[world]', x=424.70, y=-14.90, z=992.72] as it would cause deadlock
[22:04:03] [Server thread/INFO]: [Chunky] Task running for minecraft:overworld. Processed: 7808 chunks (48.41%), ETA: 0:19:37, Rate: 7.1 cps, Current: 23, 63
[22:04:05] [Server thread/INFO]: [Chunky] Task running for minecraft:overworld. Processed: 7809 chunks (48.42%), ETA: 0:28:02, Rate: 4.9 cps, Current: 24, 57
[22:04:07] [Server thread/INFO]: [Chunky] Task running for minecraft:overworld. Processed: 7810 chunks (48.42%), ETA: 0:23:58, Rate: 5.8 cps, Current: 25, 57
[22:04:08] [Server thread/INFO]: [Chunky] Task running for minecraft:overworld. Processed: 7819 chunks (48.48%), ETA: 0:23:27, Rate: 5.9 cps, Current: 25, 56
[22:04:09] [Server thread/WARN]: Skipped emitting ENTITY_MOUNT game event for entity class_1628['Spider'/10340, l='ServerLevel[world]', x=424.70, y=-14.90, z=992.72] as it would cause deadlock
[22:04:09] [Server thread/INFO]: [Chunky] Task running for minecraft:overworld. Processed: 7837 chunks (48.59%), ETA: 0:21:56, Rate: 6.3 cps, Current: 27, 62
[22:04:11] [Server thread/INFO]: [Chunky] Task running for minecraft:overworld. Processed: 7848 chunks (48.66%), ETA: 0:21:22, Rate: 6.5 cps, Current: 29, 60
[22:04:12] [Server thread/INFO]: [Chunky] Task running for minecraft:overworld. Processed: 7851 chunks (48.68%), ETA: 0:22:09, Rate: 6.2 cps, Current: 28, 63
[22:04:13] [Server thread/INFO]: [Chunky] Task running for minecraft:overworld. Processed: 7870 chunks (48.79%), ETA: 0:20:39, Rate: 6.7 cps, Current: 28, 55
[22:04:15] [Server thread/INFO]: [Chunky] Task running for minecraft:overworld. Processed: 7898 chunks (48.97%), ETA: 0:16:32, Rate: 8.3 cps, Current: 31, 55
[22:04:17] [Server thread/INFO]: [Chunky] Task running for minecraft:overworld. Processed: 7905 chunks (49.01%), ETA: 0:17:06, Rate: 8.0 cps, Current: 24, 51
[22:04:18] [Server thread/INFO]: [Chunky] Task running for minecraft:overworld. Processed: 7907 chunks (49.02%), ETA: 0:17:36, Rate: 7.8 cps, Current: 25, 51
[22:04:19] [Server thread/INFO]: [Chunky] Task running for minecraft:overworld. Processed: 7911 chunks (49.05%), ETA: 0:17:28, Rate: 7.8 cps, Current: 28, 51
[22:04:20] [Server thread/INFO]: [Chunky] Task running for minecraft:overworld. Processed: 7934 chunks (49.19%), ETA: 0:16:12, Rate: 8.4 cps, Current: 29, 47
[22:04:21] [Server thread/INFO]: A villager has restocked all their trades.
[22:04:21] [Server thread/INFO]: A villager has restocked all their trades.
[22:04:21] [Server thread/INFO]: A villager has restocked all their trades.
[22:04:22] [Server thread/INFO]: [Chunky] Task running for minecraft:overworld. Processed: 7942 chunks (49.24%), ETA: 0:19:33, Rate: 7.0 cps, Current: 31, 48
[22:04:24] [Server thread/INFO]: [Chunky] Task running for minecraft:overworld. Processed: 7947 chunks (49.27%), ETA: 0:17:49, Rate: 7.7 cps, Current: 30, 45
[22:04:25] [Server thread/INFO]: [Chunky] Task running for minecraft:overworld. Processed: 7949 chunks (49.28%), ETA: 0:18:41, Rate: 7.3 cps, Current: 29, 44
[22:04:26] [Server thread/INFO]: [Chunky] Task running for minecraft:overworld. Processed: 7971 chunks (49.42%), ETA: 0:17:26, Rate: 7.8 cps, Current: 29, 43
[22:04:28] [Server thread/INFO]: [Chunky] Task running for minecraft:overworld. Processed: 7992 chunks (49.55%), ETA: 0:18:53, Rate: 7.2 cps, Current: 25, 41
[22:04:29] [Server thread/INFO]: [Chunky] Task running for minecraft:overworld. Processed: 8008 chunks (49.65%), ETA: 0:18:06, Rate: 7.5 cps, Current: 21, 46
[22:04:30] [Server thread/INFO]: [Chunky] Task running for minecraft:overworld. Processed: 8037 chunks (49.83%), ETA: 0:15:54, Rate: 8.5 cps, Current: 16, 42
[22:04:31] [Server thread/INFO]: [Chunky] Task running for minecraft:overworld. Processed: 8042 chunks (49.86%), ETA: 0:16:09, Rate: 8.3 cps, Current: 19, 42
[22:04:32] [Server thread/INFO]: [Chunky] Task running for minecraft:overworld. Processed: 8065 chunks (50.00%), ETA: 0:15:22, Rate: 8.7 cps, Current: 18, 39
[22:04:33] [Server thread/INFO]: [Chunky] Task running for minecraft:overworld. Processed: 8087 chunks (50.14%), ETA: 0:13:26, Rate: 10.0 cps, Current: 21, 36
[22:04:35] [Server thread/INFO]: [Chunky] Task running for minecraft:overworld. Processed: 8129 chunks (50.40%), ETA: 0:12:04, Rate: 11.0 cps, Current: 24, 32
[22:04:36] [Server thread/INFO]: [Chunky] Task running for minecraft:overworld. Processed: 8138 chunks (50.46%), ETA: 0:11:32, Rate: 11.5 cps, Current: 24, 35
[22:04:36] [Server thread/INFO]: A villager has restocked all their trades.
[22:04:37] [Server thread/INFO]: [Chunky] Task running for minecraft:overworld. Processed: 8158 chunks (50.58%), ETA: 0:11:15, Rate: 11.8 cps, Current: 27, 38
[22:04:37] [Server thread/INFO]: A villager has restocked all their trades.
[22:04:37] [Server thread/INFO]: A villager has restocked all their trades.
[22:04:38] [Server thread/INFO]: [Chunky] Task running for minecraft:overworld. Processed: 8193 chunks (50.80%), ETA: 0:10:25, Rate: 12.7 cps, Current: 32, 32
[22:04:42] [Server thread/INFO]: A villager has restocked all their trades.
[22:04:44] [Server thread/INFO]: [Chunky] Task running for minecraft:overworld. Processed: 8194 chunks (50.80%), ETA: 0:13:09, Rate: 10.0 cps, Current: 32, 33
[22:04:46] [Server thread/INFO]: [Chunky] Task running for minecraft:overworld. Processed: 8222 chunks (50.98%), ETA: 0:11:55, Rate: 11.0 cps, Current: 37, 37
[22:04:47] [Server thread/INFO]: [Chunky] Task running for minecraft:overworld. Processed: 8257 chunks (51.19%), ETA: 0:10:54, Rate: 12.0 cps, Current: 40, 32
[22:04:51] [Server thread/INFO]: A villager has restocked all their trades.
[22:04:51] [Server thread/INFO]: [Chunky] Task running for minecraft:overworld. Processed: 8261 chunks (51.22%), ETA: 0:11:51, Rate: 11.1 cps, Current: 42, 32
[22:04:52] [Server thread/INFO]: [Chunky] Task running for minecraft:overworld. Processed: 8264 chunks (51.24%), ETA: 0:12:09, Rate: 10.8 cps, Current: 41, 34
[22:05:09] [Server thread/INFO]: [Chunky] Task running for minecraft:overworld. Processed: 8321 chunks (51.59%), ETA: 0:25:20, Rate: 5.1 cps, Current: 42, 40
[22:05:17] [Server thread/WARN]: Can't keep up! Is the server overloaded? Running 7423ms or 148 ticks behind
[22:05:17] [Server thread/INFO]: [Chunky] Task running for minecraft:overworld. Processed: 8322 chunks (51.60%), ETA: 0:58:57, Rate: 2.2 cps, Current: 42, 41
[22:05:18] [Server thread/INFO]: [Chunky] Task running for minecraft:overworld. Processed: 8335 chunks (51.68%), ETA: 0:46:31, Rate: 2.8 cps, Current: 45, 40
[22:05:20] [Server thread/INFO]: [Chunky] Task running for minecraft:overworld. Processed: 8365 chunks (51.86%), ETA: 0:35:09, Rate: 3.7 cps, Current: 47, 44
[22:05:21] [Server thread/INFO]: [Chunky] Task running for minecraft:overworld. Processed: 8371 chunks (51.90%), ETA: 0:34:26, Rate: 3.8 cps, Current: 42, 45
[22:05:24] [Server thread/INFO]: [Chunky] Task running for minecraft:overworld. Processed: 8379 chunks (51.95%), ETA: 0:30:54, Rate: 4.2 cps, Current: 41, 45
[22:05:25] [Server thread/INFO]: [Chunky] Task running for minecraft:overworld. Processed: 8386 chunks (51.99%), ETA: 0:29:47, Rate: 4.3 cps, Current: 39, 46
[22:05:26] [Server thread/INFO]: [Chunky] Task running for minecraft:overworld. Processed: 8411 chunks (52.15%), ETA: 0:23:02, Rate: 5.6 cps, Current: 33, 41
[22:05:30] [Server thread/INFO]: [Chunky] Task running for minecraft:overworld. Processed: 8449 chunks (52.38%), ETA: 0:20:34, Rate: 6.2 cps, Current: 33, 48
[22:05:32] [Server thread/INFO]: [Chunky] Task running for minecraft:overworld. Processed: 8453 chunks (52.41%), ETA: 0:21:44, Rate: 5.9 cps, Current: 32, 49
[22:05:33] [Server thread/INFO]: [Chunky] Task running for minecraft:overworld. Processed: 8454 chunks (52.41%), ETA: 0:22:42, Rate: 5.6 cps, Current: 32, 50
[22:05:35] [Server thread/INFO]: [Chunky] Task running for minecraft:overworld. Processed: 8460 chunks (52.45%), ETA: 0:23:29, Rate: 5.4 cps, Current: 33, 51
[22:05:44] [Server thread/INFO]: [Chunky] Task running for minecraft:overworld. Processed: 8513 chunks (52.78%), ETA: 0:17:44, Rate: 7.2 cps, Current: 32, 56
[22:05:45] [Server thread/INFO]: [Chunky] Task running for minecraft:overworld. Processed: 8558 chunks (53.06%), ETA: 0:14:49, Rate: 8.5 cps, Current: 39, 61
[22:05:48] [Server thread/INFO]: [Chunky] Task running for minecraft:overworld. Processed: 8563 chunks (53.09%), ETA: 0:18:03, Rate: 7.0 cps, Current: 36, 58
[22:05:49] [Server thread/INFO]: [Chunky] Task running for minecraft:overworld. Processed: 8576 chunks (53.17%), ETA: 0:17:39, Rate: 7.1 cps, Current: 39, 63
[22:05:53] [Server thread/INFO]: [Chunky] Task running for minecraft:overworld. Processed: 8577 chunks (53.18%), ETA: 0:18:47, Rate: 6.7 cps, Current: 40, 58
[22:05:54] [Server thread/INFO]: [Chunky] Task running for minecraft:overworld. Processed: 8578 chunks (53.18%), ETA: 0:19:25, Rate: 6.5 cps, Current: 41, 58
[22:05:56] [Server thread/INFO]: A villager has restocked all their trades.
[22:05:58] [Server thread/INFO]: [Chunky] Task running for minecraft:overworld. Processed: 8607 chunks (53.36%), ETA: 0:21:59, Rate: 5.7 cps, Current: 44, 62
[22:05:59] [Server thread/INFO]: [Chunky] Task running for minecraft:overworld. Processed: 8630 chunks (53.51%), ETA: 0:20:03, Rate: 6.2 cps, Current: 45, 58
[22:06:10] [Server thread/INFO]: [Chunky] Task running for minecraft:overworld. Processed: 8701 chunks (53.95%), ETA: 0:17:11, Rate: 7.2 cps, Current: 47, 48
[22:06:17] [Server thread/INFO]: [Chunky] Task running for minecraft:overworld. Processed: 8705 chunks (53.97%), ETA: 0:25:15, Rate: 4.9 cps, Current: 51, 50
[22:06:18] [Server thread/INFO]: [Chunky] Task running for minecraft:overworld. Processed: 8706 chunks (53.98%), ETA: 0:27:23, Rate: 4.5 cps, Current: 52, 50
[22:06:20] [Server thread/INFO]: [Chunky] Task running for minecraft:overworld. Processed: 8711 chunks (54.01%), ETA: 0:24:07, Rate: 5.1 cps, Current: 51, 51
[22:06:21] [Server thread/INFO]: [Chunky] Task running for minecraft:overworld. Processed: 8735 chunks (54.16%), ETA: 0:21:12, Rate: 5.8 cps, Current: 55, 50
[22:06:22] [Server thread/INFO]: [Chunky] Task running for minecraft:overworld. Processed: 8760 chunks (54.31%), ETA: 0:19:17, Rate: 6.4 cps, Current: 48, 52
[22:06:24] [Server thread/INFO]: [Chunky] Task running for minecraft:overworld. Processed: 8769 chunks (54.37%), ETA: 0:18:47, Rate: 6.5 cps, Current: 48, 56
[22:06:25] [Server thread/INFO]: [Chunky] Task running for minecraft:overworld. Processed: 8772 chunks (54.39%), ETA: 0:19:49, Rate: 6.2 cps, Current: 48, 59
[22:06:27] [Server thread/INFO]: [Chunky] Task running for minecraft:overworld. Processed: 8777 chunks (54.42%), ETA: 0:20:42, Rate: 5.9 cps, Current: 50, 57
[22:06:28] [Server thread/INFO]: [Chunky] Task running for minecraft:overworld. Processed: 8782 chunks (54.45%), ETA: 0:23:00, Rate: 5.3 cps, Current: 48, 60
[22:06:29] [Server thread/INFO]: [Chunky] Task running for minecraft:overworld. Processed: 8798 chunks (54.55%), ETA: 0:21:30, Rate: 5.7 cps, Current: 48, 62
[22:06:32] [Server thread/INFO]: [Chunky] Task running for minecraft:overworld. Processed: 8813 chunks (54.64%), ETA: 0:23:31, Rate: 5.2 cps, Current: 54, 60
[22:06:36] [Server thread/INFO]: [Chunky] Task running for minecraft:overworld. Processed: 8827 chunks (54.73%), ETA: 0:24:51, Rate: 4.9 cps, Current: 55, 59
[22:06:37] [Server thread/INFO]: [Chunky] Task running for minecraft:overworld. Processed: 8828 chunks (54.73%), ETA: 0:26:00, Rate: 4.7 cps, Current: 55, 60
[22:06:44] [Server thread/INFO]: [Chunky] Task running for minecraft:overworld. Processed: 8836 chunks (54.78%), ETA: 0:24:18, Rate: 5.0 cps, Current: 58, 58
[22:06:46] [Server thread/INFO]: [Chunky] Task running for minecraft:overworld. Processed: 8847 chunks (54.85%), ETA: 0:23:51, Rate: 5.1 cps, Current: 58, 57
[22:06:47] [Server thread/INFO]: [Chunky] Task running for minecraft:overworld. Processed: 8859 chunks (54.93%), ETA: 0:22:45, Rate: 5.3 cps, Current: 56, 63
[22:06:50] [Server thread/INFO]: [Chunky] Task running for minecraft:overworld. Processed: 8865 chunks (54.96%), ETA: 0:26:55, Rate: 4.5 cps, Current: 60, 60
[22:06:51] [Server thread/INFO]: [Chunky] Task running for minecraft:overworld. Processed: 8876 chunks (55.03%), ETA: 0:29:32, Rate: 4.1 cps, Current: 61, 59
[22:06:52] [Server thread/INFO]: [Chunky] Task running for minecraft:overworld. Processed: 8882 chunks (55.07%), ETA: 0:30:05, Rate: 4.0 cps, Current: 60, 58
[22:06:53] [Server thread/INFO]: [Chunky] Task running for minecraft:overworld. Processed: 8920 chunks (55.30%), ETA: 0:23:20, Rate: 5.1 cps, Current: 57, 53
[22:06:54] [Server thread/INFO]: [Chunky] Task running for minecraft:overworld. Processed: 8924 chunks (55.33%), ETA: 0:23:09, Rate: 5.2 cps, Current: 62, 53
[22:06:56] [Server thread/INFO]: [Chunky] Task running for minecraft:overworld. Processed: 8935 chunks (55.40%), ETA: 0:22:10, Rate: 5.4 cps, Current: 59, 51
[22:06:58] [Server thread/INFO]: [Chunky] Task running for minecraft:overworld. Processed: 8937 chunks (55.41%), ETA: 0:22:58, Rate: 5.2 cps, Current: 60, 49
[22:07:00] [Server thread/INFO]: [Chunky] Task running for minecraft:overworld. Processed: 8945 chunks (55.46%), ETA: 0:24:56, Rate: 4.8 cps, Current: 62, 49
[22:07:01] [Server thread/INFO]: [Chunky] Task running for minecraft:overworld. Processed: 8962 chunks (55.56%), ETA: 0:22:56, Rate: 5.2 cps, Current: 63, 46
[22:07:02] [Server thread/INFO]: [Chunky] Task running for minecraft:overworld. Processed: 8966 chunks (55.59%), ETA: 0:22:05, Rate: 5.4 cps, Current: 62, 45
[22:07:03] [Server thread/INFO]: [Chunky] Task running for minecraft:overworld. Processed: 8981 chunks (55.68%), ETA: 0:20:47, Rate: 5.7 cps, Current: 63, 44
[22:07:04] [Server thread/INFO]: [Chunky] Task running for minecraft:overworld. Processed: 8995 chunks (55.77%), ETA: 0:19:44, Rate: 6.0 cps, Current: 59, 45
[22:07:06] [Server thread/INFO]: [Chunky] Task running for minecraft:overworld. Processed: 9004 chunks (55.82%), ETA: 0:19:52, Rate: 6.0 cps, Current: 57, 46
[22:07:07] [Server thread/INFO]: [Chunky] Task running for minecraft:overworld. Processed: 9033 chunks (56.00%), ETA: 0:16:53, Rate: 7.0 cps, Current: 53, 47
[22:07:09] [Server thread/INFO]: [Chunky] Task running for minecraft:overworld. Processed: 9054 chunks (56.13%), ETA: 0:13:33, Rate: 8.7 cps, Current: 49, 45
[22:07:11] [Server thread/INFO]: [Chunky] Task running for minecraft:overworld. Processed: 9057 chunks (56.15%), ETA: 0:14:26, Rate: 8.2 cps, Current: 52, 43
[22:07:13] [Server thread/INFO]: [Chunky] Task running for minecraft:overworld. Processed: 9089 chunks (56.35%), ETA: 0:13:32, Rate: 8.7 cps, Current: 54, 39
[22:07:16] [Server thread/INFO]: [Chunky] Task running for minecraft:overworld. Processed: 9145 chunks (56.70%), ETA: 0:11:48, Rate: 9.9 cps, Current: 54, 35
[22:07:17] [Server thread/INFO]: [Chunky] Task running for minecraft:overworld. Processed: 9191 chunks (56.98%), ETA: 0:09:31, Rate: 12.1 cps, Current: 61, 37
[22:07:52] [Server thread/INFO]: [Chunky] Task running for minecraft:overworld. Processed: 9197 chunks (57.02%), ETA: 0:03:51, Rate: 30.0 cps, Current: 60, 34
[22:07:52] [Server thread/WARN]: Couldn't set damage of loot item 1 minecraft:iron_ingot
[22:07:52] [Server thread/WARN]: Couldn't set damage of loot item 1 minecraft:iron_ingot
[22:07:52] [Server thread/WARN]: Couldn't set damage of loot item 1 minecraft:iron_ingot
[22:07:53] [Server thread/INFO]: [Chunky] Task running for minecraft:overworld. Processed: 9217 chunks (57.15%), ETA: 0:09:31, Rate: 12.1 cps, Current: 32, -56
[22:07:55] [Server thread/WARN]: Couldn't set damage of loot item 1 minecraft:iron_ingot
[22:07:55] [Server thread/WARN]: Couldn't set damage of loot item 1 minecraft:iron_nugget
[22:07:55] [Server thread/WARN]: Couldn't set damage of loot item 1 minecraft:iron_nugget
[22:07:58] [Server thread/INFO]: [Chunky] Task running for minecraft:overworld. Processed: 9245 chunks (57.32%), ETA: 0:13:39, Rate: 8.4 cps, Current: 32, -33
[22:07:58] [Worker-Main-2/WARN]: Ignoring unknown attribute 'forge:entity_gravity'
[22:07:58] [Worker-Main-2/WARN]: Ignoring unknown attribute 'forge:step_height_addition'
[22:07:58] [Worker-Main-2/WARN]: Ignoring unknown attribute 'forge:entity_gravity'
[22:07:58] [Worker-Main-2/WARN]: Ignoring unknown attribute 'forge:entity_gravity'
[22:07:58] [Worker-Main-2/WARN]: Ignoring unknown attribute 'forge:entity_gravity'
[22:07:58] [Worker-Main-2/WARN]: Ignoring unknown attribute 'forge:entity_gravity'
[22:07:59] [Server thread/INFO]: [Chunky] Task running for minecraft:overworld. Processed: 9248 chunks (57.34%), ETA: 0:15:07, Rate: 7.6 cps, Current: 33, -51
[22:08:01] [Server thread/INFO]: [Chunky] Task running for minecraft:overworld. Processed: 9287 chunks (57.58%), ETA: 0:11:22, Rate: 10.0 cps, Current: 34, -60
[22:08:02] [Worker-Main-5/WARN]: Ignoring unknown attribute 'forge:entity_gravity'
[22:08:02] [Worker-Main-5/WARN]: Ignoring unknown attribute 'forge:step_height_addition'
[22:08:02] [Worker-Main-5/WARN]: Ignoring unknown attribute 'forge:entity_gravity'
[22:08:02] [Worker-Main-5/WARN]: Ignoring unknown attribute 'forge:step_height_addition'
[22:08:02] [Server thread/INFO]: [Chunky] Task running for minecraft:overworld. Processed: 9299 chunks (57.65%), ETA: 0:11:38, Rate: 9.8 cps, Current: 34, -35
[22:08:04] [Server thread/INFO]: [Chunky] Task running for minecraft:overworld. Processed: 9309 chunks (57.72%), ETA: 0:12:07, Rate: 9.4 cps, Current: 34, -33
[22:08:05] [Server thread/INFO]: [Chunky] Task running for minecraft:overworld. Processed: 9337 chunks (57.89%), ETA: 0:10:41, Rate: 10.6 cps, Current: 35, -44
[22:08:06] [Worker-Main-2/WARN]: Couldn't find template pool reference: minecraft:
[22:08:06] [Worker-Main-2/WARN]: Couldn't find template pool reference: minecraft:
[22:08:06] [Worker-Main-2/WARN]: Couldn't find template pool reference: minecraft:
[22:08:06] [Worker-Main-2/WARN]: Couldn't find template pool reference: minecraft:
[22:08:06] [Worker-Main-2/WARN]: Couldn't find template pool reference: minecraft:
[22:08:06] [Worker-Main-2/WARN]: Couldn't find template pool reference: minecraft:
[22:08:06] [Worker-Main-2/WARN]: Couldn't find template pool reference: minecraft:
[22:08:06] [Worker-Main-2/WARN]: Couldn't find template pool reference: minecraft:
[22:08:06] [Worker-Main-2/WARN]: Couldn't find template pool reference: minecraft:
[22:08:06] [Worker-Main-2/WARN]: Couldn't find template pool reference: minecraft:
[22:08:07] [Server thread/INFO]: [Chunky] Task running for minecraft:overworld. Processed: 9341 chunks (57.91%), ETA: 0:12:03, Rate: 9.4 cps, Current: 36, -63
[22:08:08] [Worker-Main-4/WARN]: Ignoring unknown attribute 'forge:entity_gravity'
[22:08:08] [Worker-Main-4/WARN]: Ignoring unknown attribute 'forge:step_height_addition'
[22:08:08] [Worker-Main-4/WARN]: Ignoring unknown attribute 'forge:entity_gravity'
[22:08:08] [Worker-Main-4/WARN]: Ignoring unknown attribute 'forge:step_height_addition'
[22:08:08] [Server thread/INFO]: [Chunky] Task running for minecraft:overworld. Processed: 9361 chunks (58.04%), ETA: 0:11:16, Rate: 10.0 cps, Current: 37, -57
[22:08:13] [Server thread/INFO]: [Chunky] Task running for minecraft:overworld. Processed: 9398 chunks (58.27%), ETA: 0:11:53, Rate: 9.4 cps, Current: 38, -37
[22:08:14] [Server thread/INFO]: [Chunky] Task running for minecraft:overworld. Processed: 9443 chunks (58.55%), ETA: 0:10:07, Rate: 11.0 cps, Current: 39, -61
[22:08:17] [Server thread/INFO]: [Chunky] Task running for minecraft:overworld. Processed: 9447 chunks (58.57%), ETA: 0:11:13, Rate: 9.9 cps, Current: 39, -50
[22:08:18] [Server thread/INFO]: [Chunky] Task running for minecraft:overworld. Processed: 9458 chunks (58.64%), ETA: 0:11:20, Rate: 9.8 cps, Current: 39, -39
[22:08:19] [Server thread/INFO]: [Chunky] Task running for minecraft:overworld. Processed: 9480 chunks (58.78%), ETA: 0:10:49, Rate: 10.2 cps, Current: 40, -35
[22:08:21] [Server thread/INFO]: [Chunky] Task running for minecraft:overworld. Processed: 9496 chunks (58.88%), ETA: 0:10:41, Rate: 10.3 cps, Current: 41, -62
[22:08:22] [Server thread/INFO]: [Chunky] Task running for minecraft:overworld. Processed: 9502 chunks (58.91%), ETA: 0:10:56, Rate: 10.1 cps, Current: 41, -57
[22:08:23] [Server thread/INFO]: [Chunky] Task running for minecraft:overworld. Processed: 9507 chunks (58.94%), ETA: 0:11:08, Rate: 9.9 cps, Current: 41, -52
[22:08:24] [Server thread/INFO]: [Chunky] Task running for minecraft:overworld. Processed: 9545 chunks (59.18%), ETA: 0:09:48, Rate: 11.2 cps, Current: 42, -45
[22:08:26] [Server thread/INFO]: [Chunky] Task running for minecraft:overworld. Processed: 9549 chunks (59.20%), ETA: 0:10:05, Rate: 10.9 cps, Current: 42, -41
[22:08:27] [Server thread/INFO]: [Chunky] Task running for minecraft:overworld. Processed: 9551 chunks (59.22%), ETA: 0:10:22, Rate: 10.6 cps, Current: 42, -39
[22:08:28] [Server thread/INFO]: [Chunky] Task running for minecraft:overworld. Processed: 9583 chunks (59.41%), ETA: 0:09:26, Rate: 11.5 cps, Current: 43, -42
[22:08:29] [Server thread/INFO]: [Chunky] Task running for minecraft:overworld. Processed: 9589 chunks (59.45%), ETA: 0:10:04, Rate: 10.8 cps, Current: 44, -58
[22:08:30] [Server thread/INFO]: [Chunky] Task running for minecraft:overworld. Processed: 9590 chunks (59.46%), ETA: 0:10:32, Rate: 10.3 cps, Current: 44, -57
[22:08:31] [Server thread/INFO]: [Chunky] Task running for minecraft:overworld. Processed: 9598 chunks (59.51%), ETA: 0:10:30, Rate: 10.4 cps, Current: 44, -54
[22:08:32] [Server thread/INFO]: [Chunky] Task running for minecraft:overworld. Processed: 9624 chunks (59.67%), ETA: 0:09:46, Rate: 11.1 cps, Current: 45, -47
[22:08:33] [Server thread/INFO]: [Chunky] Task running for minecraft:overworld. Processed: 9627 chunks (59.69%), ETA: 0:10:02, Rate: 10.8 cps, Current: 45, -60
[22:08:34] [Server thread/INFO]: [Chunky] Task running for minecraft:overworld. Processed: 9640 chunks (59.77%), ETA: 0:10:26, Rate: 10.4 cps, Current: 45, -44
[22:08:36] [Server thread/INFO]: [Chunky] Task running for minecraft:overworld. Processed: 9646 chunks (59.81%), ETA: 0:10:06, Rate: 10.7 cps, Current: 45, -33
[22:08:37] [Server thread/INFO]: [Chunky] Task running for minecraft:overworld. Processed: 9670 chunks (59.95%), ETA: 0:09:41, Rate: 11.1 cps, Current: 46, -37
[22:08:38] [Server thread/INFO]: [Chunky] Task running for minecraft:overworld. Processed: 9682 chunks (60.03%), ETA: 0:09:57, Rate: 10.8 cps, Current: 47, -61
[22:08:39] [Server thread/INFO]: [Chunky] Task running for minecraft:overworld. Processed: 9685 chunks (60.05%), ETA: 0:09:39, Rate: 11.1 cps, Current: 47, -63
[22:08:40] [Server thread/INFO]: [Chunky] Task running for minecraft:overworld. Processed: 9701 chunks (60.15%), ETA: 0:09:29, Rate: 11.3 cps, Current: 47, -35
[22:08:42] [Server thread/INFO]: [Chunky] Task running for minecraft:overworld. Processed: 9713 chunks (60.22%), ETA: 0:09:49, Rate: 10.9 cps, Current: 48, -63
[22:08:43] [Server thread/INFO]: [Chunky] Task running for minecraft:overworld. Processed: 9727 chunks (60.31%), ETA: 0:10:52, Rate: 9.8 cps, Current: 48, -49
[22:08:45] [Server thread/INFO]: [Chunky] Task running for minecraft:overworld. Processed: 9738 chunks (60.38%), ETA: 0:10:21, Rate: 10.3 cps, Current: 49, -55
[22:08:47] [Server thread/INFO]: [Chunky] Task running for minecraft:overworld. Processed: 9758 chunks (60.50%), ETA: 0:10:06, Rate: 10.5 cps, Current: 49, -50
[22:08:47] [Server thread/INFO]: Qirell <Overworld> has made the advancement [Half-Century]
[22:08:50] [Server thread/INFO]: [Chunky] Task running for minecraft:overworld. Processed: 9764 chunks (60.54%), ETA: 0:11:31, Rate: 9.2 cps, Current: 49, -43
[22:08:51] [Server thread/INFO]: [Chunky] Task running for minecraft:overworld. Processed: 9788 chunks (60.69%), ETA: 0:10:49, Rate: 9.8 cps, Current: 50, -50
[22:08:52] [Server thread/INFO]: [Chunky] Task running for minecraft:overworld. Processed: 9789 chunks (60.69%), ETA: 0:11:05, Rate: 9.5 cps, Current: 50, -49
[22:08:56] [Server thread/INFO]: [Chunky] Task running for minecraft:overworld. Processed: 9798 chunks (60.75%), ETA: 0:12:20, Rate: 8.5 cps, Current: 50, -43
[22:08:57] [Server thread/INFO]: [Chunky] Task running for minecraft:overworld. Processed: 9818 chunks (60.87%), ETA: 0:12:54, Rate: 8.1 cps, Current: 51, -45
[22:08:57] [Server thread/WARN]: Couldn't set damage of loot item 1 minecraft:iron_ingot
[22:08:57] [Server thread/WARN]: Couldn't set damage of loot item 1 minecraft:iron_nugget
[22:08:58] [Server thread/INFO]: [Chunky] Task running for minecraft:overworld. Processed: 9830 chunks (60.95%), ETA: 0:12:34, Rate: 8.3 cps, Current: 51, -43
[22:08:59] [Server thread/INFO]: [Chunky] Task running for minecraft:overworld. Processed: 9837 chunks (60.99%), ETA: 0:12:06, Rate: 8.7 cps, Current: 52, -63
[22:09:02] [Server thread/INFO]: [Chunky] Task running for minecraft:overworld. Processed: 9839 chunks (61.00%), ETA: 0:14:13, Rate: 7.4 cps, Current: 52, -58
[22:09:03] [Server thread/INFO]: [Chunky] Task running for minecraft:overworld. Processed: 9850 chunks (61.07%), ETA: 0:13:44, Rate: 7.6 cps, Current: 52, -53
[22:09:05] [Server thread/INFO]: [Chunky] Task running for minecraft:overworld. Processed: 9868 chunks (61.18%), ETA: 0:13:34, Rate: 7.7 cps, Current: 53, -54
[22:09:06] [Server thread/INFO]: [Chunky] Task running for minecraft:overworld. Processed: 9885 chunks (61.29%), ETA: 0:13:56, Rate: 7.5 cps, Current: 53, -47
[22:09:07] [Server thread/INFO]: [Chunky] Task running for minecraft:overworld. Processed: 9899 chunks (61.37%), ETA: 0:13:50, Rate: 7.5 cps, Current: 54, -62
[22:09:08] [Server thread/INFO]: [Chunky] Task running for minecraft:overworld. Processed: 9904 chunks (61.40%), ETA: 0:13:52, Rate: 7.5 cps, Current: 54, -58
[22:09:11] [Server thread/INFO]: [Chunky] Task running for minecraft:overworld. Processed: 9932 chunks (61.58%), ETA: 0:13:20, Rate: 7.7 cps, Current: 55, -53
[22:09:12] [Server thread/INFO]: [Chunky] Task running for minecraft:overworld. Processed: 9945 chunks (61.66%), ETA: 0:13:06, Rate: 7.9 cps, Current: 55, -48
[22:09:13] [Server thread/INFO]: [Chunky] Task running for minecraft:overworld. Processed: 9952 chunks (61.70%), ETA: 0:13:36, Rate: 7.6 cps, Current: 55, -42
[22:09:14] [Server thread/INFO]: [Chunky] Task running for minecraft:overworld. Processed: 9985 chunks (61.91%), ETA: 0:11:52, Rate: 8.6 cps, Current: 56, -40
[22:09:15] [Server thread/INFO]: [Chunky] Task running for minecraft:overworld. Processed: 9992 chunks (61.95%), ETA: 0:11:58, Rate: 8.5 cps, Current: 57, -61
[22:09:18] [Server thread/INFO]: [Chunky] Task running for minecraft:overworld. Processed: 9993 chunks (61.96%), ETA: 0:12:24, Rate: 8.2 cps, Current: 57, -60
[22:09:19] [Server thread/INFO]: [Chunky] Task running for minecraft:overworld. Processed: 9996 chunks (61.98%), ETA: 0:12:46, Rate: 8.0 cps, Current: 57, -59
[22:09:20] [Server thread/INFO]: [Chunky] Task running for minecraft:overworld. Processed: 10028 chunks (62.17%), ETA: 0:12:13, Rate: 8.3 cps, Current: 58, -48
[22:09:21] [Worker-Main-5/WARN]: Couldn't find template pool reference: minecraft:
[22:09:21] [Worker-Main-5/WARN]: Couldn't find template pool reference: minecraft:
[22:09:21] [Worker-Main-5/WARN]: Couldn't find template pool reference: minecraft:
[22:09:21] [Worker-Main-5/WARN]: Couldn't find template pool reference: minecraft:
[22:09:21] [Worker-Main-5/WARN]: Couldn't find template pool reference: minecraft:
[22:09:21] [Worker-Main-5/WARN]: Couldn't find template pool reference: minecraft:
[22:09:21] [Worker-Main-5/WARN]: Couldn't find template pool reference: minecraft:
[22:09:21] [Worker-Main-5/WARN]: Couldn't find template pool reference: minecraft:
[22:09:22] [Server thread/INFO]: [Chunky] Task running for minecraft:overworld. Processed: 10029 chunks (62.18%), ETA: 0:12:20, Rate: 8.2 cps, Current: 58, -47
[22:09:23] [Server thread/INFO]: [Chunky] Task running for minecraft:overworld. Processed: 10040 chunks (62.25%), ETA: 0:11:23, Rate: 8.9 cps, Current: 58, -46
[22:09:26] [Server thread/INFO]: [Chunky] Task running for minecraft:overworld. Processed: 10044 chunks (62.27%), ETA: 0:13:14, Rate: 7.7 cps, Current: 58, -42
[22:09:27] [Server thread/INFO]: [Chunky] Task running for minecraft:overworld. Processed: 10065 chunks (62.40%), ETA: 0:12:40, Rate: 8.0 cps, Current: 59, -57
[22:09:29] [Server thread/INFO]: [Chunky] Task running for minecraft:overworld. Processed: 10086 chunks (62.53%), ETA: 0:11:59, Rate: 8.4 cps, Current: 60, -60
[22:09:30] [Server thread/INFO]: [Chunky] Task running for minecraft:overworld. Processed: 10088 chunks (62.55%), ETA: 0:11:37, Rate: 8.7 cps, Current: 60, -63
[22:09:32] [Server thread/INFO]: [Chunky] Task running for minecraft:overworld. Processed: 10092 chunks (62.57%), ETA: 0:12:07, Rate: 8.3 cps, Current: 60, -56
[22:09:33] [Server thread/INFO]: [Chunky] Task running for minecraft:overworld. Processed: 10110 chunks (62.68%), ETA: 0:11:39, Rate: 8.6 cps, Current: 60, -44
[22:09:36] [Server thread/INFO]: [Chunky] Task running for minecraft:overworld. Processed: 10121 chunks (62.75%), ETA: 0:12:39, Rate: 7.9 cps, Current: 61, -63
[22:09:37] [Server thread/INFO]: [Chunky] Task running for minecraft:overworld. Processed: 10139 chunks (62.86%), ETA: 0:12:23, Rate: 8.1 cps, Current: 61, -40
[22:09:38] [Server thread/INFO]: [Chunky] Task running for minecraft:overworld. Processed: 10143 chunks (62.89%), ETA: 0:12:22, Rate: 8.1 cps, Current: 61, -36
[22:09:39] [Server thread/INFO]: [Chunky] Task running for minecraft:overworld. Processed: 10152 chunks (62.94%), ETA: 0:12:59, Rate: 7.7 cps, Current: 62, -63
[22:09:40] [Server thread/INFO]: [Chunky] Task running for minecraft:overworld. Processed: 10178 chunks (63.10%), ETA: 0:12:00, Rate: 8.3 cps, Current: 63, -60
[22:09:55] [Server thread/WARN]: Couldn't set damage of loot item 1 minecraft:iron_nugget
[22:09:55] [Server thread/WARN]: Couldn't set damage of loot item 1 minecraft:iron_nugget
[22:09:55] [Server thread/WARN]: Couldn't set damage of loot item 1 minecraft:iron_ingot
[22:10:25] [Server thread/INFO]: [Chunky] Task running for minecraft:overworld. Processed: 10194 chunks (63.20%), ETA: 0:03:27, Rate: 28.6 cps, Current: 63, -51
[22:10:26] [Server thread/WARN]: Couldn't set damage of loot item 1 minecraft:iron_ingot
[22:10:26] [Server thread/WARN]: Couldn't set damage of loot item 1 minecraft:iron_nugget
[22:10:26] [Server thread/WARN]: Couldn't set damage of loot item 1 minecraft:iron_nugget
[22:10:26] [Server thread/WARN]: Couldn't set damage of loot item 1 minecraft:iron_nugget
[22:10:26] [Server thread/WARN]: Couldn't set damage of loot item 1 minecraft:iron_ingot
[22:10:26] [Server thread/WARN]: Couldn't set damage of loot item 1 minecraft:iron_ingot
[22:10:36] [Server thread/INFO]: [Chunky] Task running for minecraft:overworld. Processed: 10200 chunks (63.24%), ETA: 1:59:22, Rate: 0.8 cps, Current: 63, -41
[22:10:43] [Server thread/INFO]: [Chunky] Task running for minecraft:overworld. Processed: 10201 chunks (63.25%), ETA: 2:57:23, Rate: 0.6 cps, Current: 63, -40
[22:10:44] [Server thread/INFO]: [Chunky] Task running for minecraft:overworld. Processed: 10214 chunks (63.33%), ETA: 1:21:17, Rate: 1.2 cps, Current: 63, -38
[22:10:47] [Server thread/INFO]: [Chunky] Task running for minecraft:overworld. Processed: 10240 chunks (63.49%), ETA: 0:43:17, Rate: 2.3 cps, Current: 1, -63
[22:10:48] [Server thread/INFO]: [Chunky] Task running for minecraft:overworld. Processed: 10249 chunks (63.54%), ETA: 0:39:00, Rate: 2.5 cps, Current: 1, -54
[22:10:49] [Server thread/INFO]: [Chunky] Task running for minecraft:overworld. Processed: 10265 chunks (63.64%), ETA: 0:31:49, Rate: 3.1 cps, Current: 1, -33
[22:10:51] [Server thread/INFO]: [Chunky] Task running for minecraft:overworld. Processed: 10268 chunks (63.66%), ETA: 0:32:37, Rate: 3.0 cps, Current: 2, -52
[22:10:52] [Server thread/INFO]: [Chunky] Task running for minecraft:overworld. Processed: 10290 chunks (63.80%), ETA: 0:26:18, Rate: 3.7 cps, Current: 2, -34
[22:10:54] [Server thread/WARN]: Couldn't set damage of loot item 1 minecraft:iron_nugget
[22:10:54] [Server thread/WARN]: Couldn't set damage of loot item 1 minecraft:iron_ingot
[22:10:55] [Server thread/INFO]: [Chunky] Task running for minecraft:overworld. Processed: 10299 chunks (63.85%), ETA: 0:26:32, Rate: 3.7 cps, Current: 2, -40
[22:10:56] [Server thread/INFO]: [Chunky] Task running for minecraft:overworld. Processed: 10304 chunks (63.88%), ETA: 0:18:16, Rate: 5.3 cps, Current: 3, -59
[22:10:57] [Server thread/INFO]: [Chunky] Task running for minecraft:overworld. Processed: 10316 chunks (63.96%), ETA: 0:17:24, Rate: 5.6 cps, Current: 3, -52
[22:11:10] [Server thread/INFO]: [Chunky] Task running for minecraft:overworld. Processed: 10342 chunks (64.12%), ETA: 0:18:18, Rate: 5.3 cps, Current: 4, -55
[22:11:12] [Server thread/INFO]: [Chunky] Task running for minecraft:overworld. Processed: 10350 chunks (64.17%), ETA: 0:18:21, Rate: 5.2 cps, Current: 4, -46
[22:11:13] [Server thread/INFO]: [Chunky] Task running for minecraft:overworld. Processed: 10355 chunks (64.20%), ETA: 0:19:57, Rate: 4.8 cps, Current: 5, -60
[22:11:15] [Server thread/INFO]: [Chunky] Task running for minecraft:overworld. Processed: 10361 chunks (64.24%), ETA: 0:22:10, Rate: 4.3 cps, Current: 4, -40
[22:11:16] [Server thread/INFO]: [Chunky] Task running for minecraft:overworld. Processed: 10385 chunks (64.39%), ETA: 0:19:12, Rate: 5.0 cps, Current: 5, -49
[22:11:19] [Server thread/INFO]: [Chunky] Task running for minecraft:overworld. Processed: 10398 chunks (64.47%), ETA: 0:21:19, Rate: 4.5 cps, Current: 6, -60
[22:11:20] [Server thread/INFO]: [Chunky] Task running for minecraft:overworld. Processed: 10411 chunks (64.55%), ETA: 0:19:33, Rate: 4.9 cps, Current: 6, -49
[22:11:22] [Server thread/INFO]: [Chunky] Task running for minecraft:overworld. Processed: 10428 chunks (64.65%), ETA: 0:19:55, Rate: 4.8 cps, Current: 7, -63
[22:11:23] [Server thread/INFO]: [Chunky] Task running for minecraft:overworld. Processed: 10442 chunks (64.74%), ETA: 0:18:38, Rate: 5.1 cps, Current: 7, -49
[22:11:24] [Server thread/INFO]: [Chunky] Task running for minecraft:overworld. Processed: 10452 chunks (64.80%), ETA: 0:18:18, Rate: 5.2 cps, Current: 7, -35
[22:11:26] [Server thread/INFO]: [Chunky] Task running for minecraft:overworld. Processed: 10457 chunks (64.83%), ETA: 0:19:12, Rate: 4.9 cps, Current: 8, -62
[22:11:27] [Server thread/INFO]: [Chunky] Task running for minecraft:overworld. Processed: 10477 chunks (64.96%), ETA: 0:17:24, Rate: 5.4 cps, Current: 8, -41
[22:11:28] [Server thread/INFO]: [Chunky] Task running for minecraft:overworld. Processed: 10488 chunks (65.03%), ETA: 0:11:48, Rate: 8.0 cps, Current: 9, -63
[22:11:29] [Server thread/INFO]: [Chunky] Task running for minecraft:overworld. Processed: 10498 chunks (65.09%), ETA: 0:11:38, Rate: 8.1 cps, Current: 9, -53
[22:11:31] [Server thread/INFO]: [Chunky] Task running for minecraft:overworld. Processed: 10502 chunks (65.11%), ETA: 0:11:58, Rate: 7.8 cps, Current: 9, -49
[22:11:32] [Server thread/INFO]: [Chunky] Task running for minecraft:overworld. Processed: 10522 chunks (65.24%), ETA: 0:11:12, Rate: 8.3 cps, Current: 10, -54
[22:11:33] [Server thread/INFO]: [Chunky] Task running for minecraft:overworld. Processed: 10536 chunks (65.32%), ETA: 0:11:09, Rate: 8.4 cps, Current: 10, -46
[22:11:35] [Server thread/INFO]: [Chunky] Task running for minecraft:overworld. Processed: 10547 chunks (65.39%), ETA: 0:11:04, Rate: 8.4 cps, Current: 10, -37
[22:11:36] [Server thread/INFO]: [Chunky] Task running for minecraft:overworld. Processed: 10561 chunks (65.48%), ETA: 0:11:00, Rate: 8.4 cps, Current: 11, -52
[22:11:37] [Server thread/INFO]: [Chunky] Task running for minecraft:overworld. Processed: 10574 chunks (65.56%), ETA: 0:10:47, Rate: 8.6 cps, Current: 11, -47
[22:11:38] [Server thread/INFO]: [Chunky] Task running for minecraft:overworld. Processed: 10584 chunks (65.62%), ETA: 0:10:50, Rate: 8.5 cps, Current: 12, -62
[22:11:40] [Server thread/INFO]: [Chunky] Task running for minecraft:overworld. Processed: 10595 chunks (65.69%), ETA: 0:10:44, Rate: 8.6 cps, Current: 12, -50
[22:11:41] [Server thread/INFO]: [Chunky] Task running for minecraft:overworld. Processed: 10614 chunks (65.81%), ETA: 0:10:03, Rate: 9.1 cps, Current: 13, -59
[22:11:42] [Server thread/INFO]: [Chunky] Task running for minecraft:overworld. Processed: 10621 chunks (65.85%), ETA: 0:09:43, Rate: 9.4 cps, Current: 13, -45
[22:11:43] [Server thread/INFO]: [Chunky] Task running for minecraft:overworld. Processed: 10629 chunks (65.90%), ETA: 0:09:47, Rate: 9.4 cps, Current: 13, -51
[22:11:44] [Server thread/INFO]: [Chunky] Task running for minecraft:overworld. Processed: 10635 chunks (65.94%), ETA: 0:09:42, Rate: 9.4 cps, Current: 13, -40
[22:11:44] [Server thread/WARN]: Couldn't set damage of loot item 1 minecraft:iron_ingot
[22:11:44] [Server thread/WARN]: Couldn't set damage of loot item 1 minecraft:iron_nugget
[22:11:44] [Server thread/WARN]: Couldn't set damage of loot item 1 minecraft:iron_ingot
[22:11:44] [Server thread/WARN]: Couldn't set damage of loot item 1 minecraft:iron_ingot
[22:11:45] [Server thread/INFO]: [Chunky] Task running for minecraft:overworld. Processed: 10652 chunks (66.04%), ETA: 0:09:52, Rate: 9.2 cps, Current: 14, -52
[22:11:48] [Server thread/INFO]: [Chunky] Task running for minecraft:overworld. Processed: 10674 chunks (66.18%), ETA: 0:09:33, Rate: 9.5 cps, Current: 15, -61
[22:11:49] [Server thread/INFO]: [Chunky] Task running for minecraft:overworld. Processed: 10693 chunks (66.30%), ETA: 0:09:16, Rate: 9.8 cps, Current: 16, -59
[22:11:50] [Server thread/WARN]: Couldn't set damage of loot item 1 minecraft:iron_ingot
[22:11:50] [Server thread/WARN]: Couldn't set damage of loot item 1 minecraft:iron_ingot
[22:11:50] [Server thread/WARN]: Couldn't set damage of loot item 1 minecraft:iron_ingot
[22:11:50] [Server thread/WARN]: Couldn't set damage of loot item 1 minecraft:iron_ingot
[22:11:50] [Server thread/WARN]: Couldn't set damage of loot item 1 minecraft:iron_ingot
[22:11:50] [Server thread/WARN]: Couldn't set damage of loot item 1 minecraft:iron_ingot
[22:11:50] [Server thread/WARN]: Couldn't set damage of loot item 1 minecraft:iron_ingot
[22:11:50] [Server thread/WARN]: Couldn't set damage of loot item 1 minecraft:iron_nugget
[22:11:51] [Server thread/INFO]: [Chunky] Task running for minecraft:overworld. Processed: 10716 chunks (66.44%), ETA: 0:08:56, Rate: 10.1 cps, Current: 16, -62
[22:11:52] [Server thread/INFO]: [Chunky] Task running for minecraft:overworld. Processed: 10722 chunks (66.48%), ETA: 0:09:07, Rate: 9.9 cps, Current: 16, -48
[22:11:53] [Server thread/INFO]: [Chunky] Task running for minecraft:overworld. Processed: 10730 chunks (66.53%), ETA: 0:09:16, Rate: 9.7 cps, Current: 16, -34
[22:11:54] [Server thread/WARN]: Couldn't set damage of loot item 1 minecraft:iron_nugget
[22:11:54] [Server thread/WARN]: Couldn't set damage of loot item 1 minecraft:iron_ingot
[22:11:54] [Server thread/WARN]: Couldn't set damage of loot item 1 minecraft:iron_ingot
[22:11:54] [Server thread/INFO]: [Chunky] Task running for minecraft:overworld. Processed: 10737 chunks (66.57%), ETA: 0:09:23, Rate: 9.6 cps, Current: 17, -54
[22:11:55] [Server thread/INFO]: [Chunky] Task running for minecraft:overworld. Processed: 10756 chunks (66.69%), ETA: 0:08:48, Rate: 10.2 cps, Current: 17, -46
[22:11:56] [Server thread/INFO]: [Chunky] Task running for minecraft:overworld. Processed: 10767 chunks (66.76%), ETA: 0:09:04, Rate: 9.8 cps, Current: 18, -62
[22:11:58] [Server thread/INFO]: [Chunky] Task running for minecraft:overworld. Processed: 10775 chunks (66.81%), ETA: 0:09:01, Rate: 9.9 cps, Current: 18, -55
[22:11:59] [Server thread/INFO]: [Chunky] Task running for minecraft:overworld. Processed: 10785 chunks (66.87%), ETA: 0:09:04, Rate: 9.8 cps, Current: 18, -34
[22:12:00] [Server thread/INFO]: [Chunky] Task running for minecraft:overworld. Processed: 10803 chunks (66.98%), ETA: 0:08:39, Rate: 10.2 cps, Current: 19, -61
[22:12:01] [Server thread/INFO]: [Chunky] Task running for minecraft:overworld. Processed: 10820 chunks (67.08%), ETA: 0:08:43, Rate: 10.1 cps, Current: 19, -41
[22:12:03] [Server thread/INFO]: [Chunky] Task running for minecraft:overworld. Processed: 10829 chunks (67.14%), ETA: 0:08:52, Rate: 9.9 cps, Current: 20, -59
[22:12:04] [Server thread/INFO]: [Chunky] Task running for minecraft:overworld. Processed: 10836 chunks (67.18%), ETA: 0:09:00, Rate: 9.8 cps, Current: 20, -57
[22:12:05] [Server thread/INFO]: [Chunky] Task running for minecraft:overworld. Processed: 10863 chunks (67.35%), ETA: 0:08:29, Rate: 10.3 cps, Current: 21, -52
[22:12:06] [Server thread/INFO]: [Chunky] Task running for minecraft:overworld. Processed: 10877 chunks (67.44%), ETA: 0:08:25, Rate: 10.4 cps, Current: 21, -45
[22:12:08] [Server thread/INFO]: [Chunky] Task running for minecraft:overworld. Processed: 10880 chunks (67.46%), ETA: 0:08:33, Rate: 10.2 cps, Current: 21, -34
[22:12:09] [Server thread/INFO]: [Chunky] Task running for minecraft:overworld. Processed: 10889 chunks (67.51%), ETA: 0:08:34, Rate: 10.2 cps, Current: 21, -37
[22:12:10] [Server thread/INFO]: [Chunky] Task running for minecraft:overworld. Processed: 10898 chunks (67.57%), ETA: 0:08:51, Rate: 9.8 cps, Current: 22, -62
[22:12:11] [Server thread/INFO]: [Chunky] Task running for minecraft:overworld. Processed: 10922 chunks (67.72%), ETA: 0:08:22, Rate: 10.4 cps, Current: 23, -63
[22:12:13] [Server thread/INFO]: [Chunky] Task running for minecraft:overworld. Processed: 10931 chunks (67.77%), ETA: 0:08:32, Rate: 10.1 cps, Current: 23, -54
[22:12:14] [Server thread/INFO]: [Chunky] Task running for minecraft:overworld. Processed: 10947 chunks (67.87%), ETA: 0:08:14, Rate: 10.5 cps, Current: 23, -39
[22:12:15] [Server thread/INFO]: [Chunky] Task running for minecraft:overworld. Processed: 10958 chunks (67.94%), ETA: 0:08:10, Rate: 10.5 cps, Current: 24, -57
[22:12:16] [Server thread/INFO]: [Chunky] Task running for minecraft:overworld. Processed: 10970 chunks (68.01%), ETA: 0:08:09, Rate: 10.5 cps, Current: 24, -46
[22:12:17] [Server thread/INFO]: [Chunky] Task running for minecraft:overworld. Processed: 10981 chunks (68.08%), ETA: 0:08:09, Rate: 10.5 cps, Current: 24, -35
[22:12:19] [Server thread/INFO]: [Chunky] Task running for minecraft:overworld. Processed: 11000 chunks (68.20%), ETA: 0:08:08, Rate: 10.5 cps, Current: 26, -61
[22:12:20] [Server thread/INFO]: [Chunky] Task running for minecraft:overworld. Processed: 11006 chunks (68.24%), ETA: 0:08:35, Rate: 9.9 cps, Current: 25, -44
[22:12:21] [Server thread/INFO]: [Chunky] Task running for minecraft:overworld. Processed: 11041 chunks (68.45%), ETA: 0:07:44, Rate: 11.0 cps, Current: 26, -38
[22:12:22] [Server thread/INFO]: [Chunky] Task running for minecraft:overworld. Processed: 11049 chunks (68.50%), ETA: 0:07:37, Rate: 11.1 cps, Current: 27, -60
[22:12:23] [Server thread/INFO]: [Chunky] Task running for minecraft:overworld. Processed: 11150 chunks (69.13%), ETA: 0:05:52, Rate: 14.1 cps, Current: 30, -52
[22:12:58] [Server thread/INFO]: [Chunky] Task running for minecraft:overworld. Processed: 11213 chunks (69.52%), ETA: 0:01:16, Rate: 64.7 cps, Current: -32, -43
[22:13:00] [Server thread/INFO]: [Chunky] Task running for minecraft:overworld. Processed: 11251 chunks (69.76%), ETA: 0:03:25, Rate: 23.7 cps, Current: -31, -40
[22:13:03] [Server thread/INFO]: [Chunky] Task running for minecraft:overworld. Processed: 11257 chunks (69.79%), ETA: 0:07:07, Rate: 11.4 cps, Current: -31, -42
[22:13:04] [Server thread/INFO]: [Chunky] Task running for minecraft:overworld. Processed: 11263 chunks (69.83%), ETA: 0:07:54, Rate: 10.2 cps, Current: -30, -41
[22:13:05] [Server thread/INFO]: [Chunky] Task running for minecraft:overworld. Processed: 11284 chunks (69.96%), ETA: 0:06:54, Rate: 11.7 cps, Current: -30, -57
[22:13:06] [Server thread/INFO]: [Chunky] Task running for minecraft:overworld. Processed: 11301 chunks (70.07%), ETA: 0:06:58, Rate: 11.5 cps, Current: -29, -50
[22:13:08] [Server thread/INFO]: [Chunky] Task running for minecraft:overworld. Processed: 11312 chunks (70.13%), ETA: 0:07:31, Rate: 10.7 cps, Current: -29, -45
[22:13:09] [Server thread/INFO]: [Chunky] Task running for minecraft:overworld. Processed: 11317 chunks (70.17%), ETA: 0:07:53, Rate: 10.2 cps, Current: -29, -40
[22:13:10] [Server thread/INFO]: [Chunky] Task running for minecraft:overworld. Processed: 11339 chunks (70.30%), ETA: 0:07:14, Rate: 11.0 cps, Current: -28, -42
[22:13:11] [Server thread/INFO]: [Chunky] Task running for minecraft:overworld. Processed: 11352 chunks (70.38%), ETA: 0:07:10, Rate: 11.1 cps, Current: -28, -34
[22:13:13] [Server thread/INFO]: [Chunky] Task running for minecraft:overworld. Processed: 11353 chunks (70.39%), ETA: 0:07:49, Rate: 10.2 cps, Current: -28, -37
[22:13:14] [Server thread/INFO]: [Chunky] Task running for minecraft:overworld. Processed: 11356 chunks (70.41%), ETA: 0:08:12, Rate: 9.7 cps, Current: -27, -63
[22:13:15] [Server thread/INFO]: [Chunky] Task running for minecraft:overworld. Processed: 11372 chunks (70.51%), ETA: 0:07:55, Rate: 10.0 cps, Current: -27, -47
[22:13:16] [Server thread/INFO]: [Chunky] Task running for minecraft:overworld. Processed: 11390 chunks (70.62%), ETA: 0:07:35, Rate: 10.4 cps, Current: -26, -55
[22:13:17] [Server thread/INFO]: [Chunky] Task running for minecraft:overworld. Processed: 11398 chunks (70.67%), ETA: 0:07:43, Rate: 10.2 cps, Current: -26, -52
[22:13:18] [Server thread/INFO]: [Chunky] Task running for minecraft:overworld. Processed: 11402 chunks (70.69%), ETA: 0:08:01, Rate: 9.8 cps, Current: -26, -48
[22:13:20] [Server thread/INFO]: [Chunky] Task running for minecraft:overworld. Processed: 11407 chunks (70.72%), ETA: 0:08:20, Rate: 9.4 cps, Current: -26, -44
[22:13:21] [Server thread/INFO]: [Chunky] Task running for minecraft:overworld. Processed: 11428 chunks (70.85%), ETA: 0:07:53, Rate: 9.9 cps, Current: -25, -45
[22:13:22] [Server thread/INFO]: [Chunky] Task running for minecraft:overworld. Processed: 11447 chunks (70.97%), ETA: 0:07:35, Rate: 10.3 cps, Current: -25, -44
[22:13:23] [Server thread/INFO]: [Chunky] Task running for minecraft:overworld. Processed: 11449 chunks (70.98%), ETA: 0:07:51, Rate: 9.9 cps, Current: -24, -61
[22:13:24] [Server thread/INFO]: [Chunky] Task running for minecraft:overworld. Processed: 11457 chunks (71.03%), ETA: 0:08:03, Rate: 9.7 cps, Current: -24, -51
[22:13:25] [Server thread/INFO]: [Chunky] Task running for minecraft:overworld. Processed: 11467 chunks (71.10%), ETA: 0:08:07, Rate: 9.6 cps, Current: -24, -48
[22:13:27] [Server thread/INFO]: [Chunky] Task running for minecraft:overworld. Processed: 11480 chunks (71.18%), ETA: 0:08:03, Rate: 9.6 cps, Current: -23, -63
[22:13:28] [Server thread/INFO]: [Chunky] Task running for minecraft:overworld. Processed: 11503 chunks (71.32%), ETA: 0:08:37, Rate: 8.9 cps, Current: -23, -43
[22:13:29] [Server thread/INFO]: [Chunky] Task running for minecraft:overworld. Processed: 11507 chunks (71.34%), ETA: 0:08:54, Rate: 8.7 cps, Current: -23, -34
[22:13:30] [Server thread/INFO]: [Chunky] Task running for minecraft:overworld. Processed: 11522 chunks (71.44%), ETA: 0:08:03, Rate: 9.5 cps, Current: -22, -54
[22:13:32] [Server thread/INFO]: [Chunky] Task running for minecraft:overworld. Processed: 11527 chunks (71.47%), ETA: 0:08:14, Rate: 9.3 cps, Current: -22, -47
[22:13:33] [Server thread/INFO]: [Chunky] Task running for minecraft:overworld. Processed: 11552 chunks (71.62%), ETA: 0:07:39, Rate: 10.0 cps, Current: -21, -53
[22:13:34] [Server thread/INFO]: [Chunky] Task running for minecraft:overworld. Processed: 11559 chunks (71.67%), ETA: 0:08:01, Rate: 9.5 cps, Current: -21, -46
[22:13:35] [Server thread/INFO]: [Chunky] Task running for minecraft:overworld. Processed: 11565 chunks (71.70%), ETA: 0:08:12, Rate: 9.3 cps, Current: -21, -43
[22:13:36] [Server thread/INFO]: [Chunky] Task running for minecraft:overworld. Processed: 11571 chunks (71.74%), ETA: 0:08:18, Rate: 9.1 cps, Current: -21, -38
[22:13:37] [Server thread/INFO]: [Chunky] Task running for minecraft:overworld. Processed: 11583 chunks (71.81%), ETA: 0:08:03, Rate: 9.4 cps, Current: -20, -51
[22:13:38] [Server thread/INFO]: [Chunky] Task running for minecraft:overworld. Processed: 11605 chunks (71.95%), ETA: 0:07:41, Rate: 9.8 cps, Current: -19, -62
[22:13:39] [Server thread/INFO]: [Chunky] Task running for minecraft:overworld. Processed: 11609 chunks (71.98%), ETA: 0:08:02, Rate: 9.4 cps, Current: -19, -58
[22:13:40] [Server thread/INFO]: [Chunky] Task running for minecraft:overworld. Processed: 11615 chunks (72.01%), ETA: 0:08:15, Rate: 9.1 cps, Current: -19, -53
[22:13:42] [Server thread/INFO]: [Chunky] Task running for minecraft:overworld. Processed: 11632 chunks (72.12%), ETA: 0:07:44, Rate: 9.7 cps, Current: -19, -44
[22:13:43] [Server thread/INFO]: [Chunky] Task running for minecraft:overworld. Processed: 11644 chunks (72.19%), ETA: 0:07:39, Rate: 9.8 cps, Current: -18, -49
[22:13:44] [Server thread/INFO]: [Chunky] Task running for minecraft:overworld. Processed: 11656 chunks (72.27%), ETA: 0:07:38, Rate: 9.7 cps, Current: -18, -38
[22:13:46] [Server thread/INFO]: [Chunky] Task running for minecraft:overworld. Processed: 11666 chunks (72.33%), ETA: 0:07:59, Rate: 9.3 cps, Current: -17, -62
[22:13:47] [Server thread/INFO]: [Chunky] Task running for minecraft:overworld. Processed: 11673 chunks (72.37%), ETA: 0:08:01, Rate: 9.3 cps, Current: -17, -63
[22:13:48] [Server thread/INFO]: [Chunky] Task running for minecraft:overworld. Processed: 11697 chunks (72.52%), ETA: 0:07:24, Rate: 10.0 cps, Current: -16, -61
[22:13:50] [Server thread/INFO]: [Chunky] Task running for minecraft:overworld. Processed: 11706 chunks (72.58%), ETA: 0:07:52, Rate: 9.4 cps, Current: -16, -55
[22:13:51] [Server thread/INFO]: [Chunky] Task running for minecraft:overworld. Processed: 11731 chunks (72.73%), ETA: 0:07:39, Rate: 9.6 cps, Current: -16, -40
[22:13:53] [Server thread/INFO]: [Chunky] Task running for minecraft:overworld. Processed: 11741 chunks (72.79%), ETA: 0:07:24, Rate: 9.9 cps, Current: -15, -49
[22:13:54] [Server thread/INFO]: [Chunky] Task running for minecraft:overworld. Processed: 11749 chunks (72.84%), ETA: 0:07:26, Rate: 9.8 cps, Current: -15, -43
[22:13:55] [Server thread/INFO]: [Chunky] Task running for minecraft:overworld. Processed: 11762 chunks (72.92%), ETA: 0:07:21, Rate: 9.9 cps, Current: -14, -58
[22:13:56] [Server thread/INFO]: [Chunky] Task running for minecraft:overworld. Processed: 11771 chunks (72.98%), ETA: 0:07:24, Rate: 9.8 cps, Current: -14, -54
[22:13:58] [Server thread/INFO]: [Chunky] Task running for minecraft:overworld. Processed: 11785 chunks (73.07%), ETA: 0:07:29, Rate: 9.7 cps, Current: -14, -42
[22:13:59] [Server thread/INFO]: [Chunky] Task running for minecraft:overworld. Processed: 11798 chunks (73.15%), ETA: 0:07:23, Rate: 9.8 cps, Current: -13, -57
[22:14:01] [Server thread/INFO]: [Chunky] Task running for minecraft:overworld. Processed: 11808 chunks (73.21%), ETA: 0:07:35, Rate: 9.5 cps, Current: -13, -52
[22:14:03] [Server thread/INFO]: [Chunky] Task running for minecraft:overworld. Processed: 11823 chunks (73.30%), ETA: 0:07:50, Rate: 9.2 cps, Current: -12, -49
[22:14:04] [Server thread/INFO]: [Chunky] Task running for minecraft:overworld. Processed: 11845 chunks (73.44%), ETA: 0:07:24, Rate: 9.6 cps, Current: -12, -39
[22:14:05] [Server thread/INFO]: [Chunky] Task running for minecraft:overworld. Processed: 11852 chunks (73.48%), ETA: 0:07:25, Rate: 9.6 cps, Current: -11, -62
[22:14:07] [Server thread/INFO]: [Chunky] Task running for minecraft:overworld. Processed: 11854 chunks (73.49%), ETA: 0:07:44, Rate: 9.2 cps, Current: -11, -61
[22:14:08] [Server thread/INFO]: [Chunky] Task running for minecraft:overworld. Processed: 11875 chunks (73.63%), ETA: 0:07:45, Rate: 9.1 cps, Current: -11, -42
[22:14:09] [Server thread/INFO]: [Chunky] Task running for minecraft:overworld. Processed: 11884 chunks (73.68%), ETA: 0:07:37, Rate: 9.3 cps, Current: -10, -60
[22:14:10] [Server thread/INFO]: [Chunky] Task running for minecraft:overworld. Processed: 11893 chunks (73.74%), ETA: 0:07:29, Rate: 9.4 cps, Current: -10, -62
[22:14:11] [Server thread/INFO]: [Chunky] Task running for minecraft:overworld. Processed: 11906 chunks (73.82%), ETA: 0:07:31, Rate: 9.4 cps, Current: -10, -47
[22:14:13] [Server thread/INFO]: Updating the respawn location of player Qirell to [125, 67, 85] in minecraft:overworld
[22:14:13] [Server thread/INFO]: [Chunky] Task running for minecraft:overworld. Processed: 11911 chunks (73.85%), ETA: 0:07:56, Rate: 8.9 cps, Current: -10, -37
[22:14:14] [Server thread/INFO]: [Chunky] Task running for minecraft:overworld. Processed: 11916 chunks (73.88%), ETA: 0:07:57, Rate: 8.8 cps, Current: -9, -37
[22:14:15] [Server thread/INFO]: [Chunky] Task running for minecraft:overworld. Processed: 11926 chunks (73.94%), ETA: 0:07:55, Rate: 8.8 cps, Current: -9, -61
[22:14:16] [Server thread/INFO]: [Chunky] Task running for minecraft:overworld. Processed: 11950 chunks (74.09%), ETA: 0:07:21, Rate: 9.5 cps, Current: -8, -57
[22:14:17] [Server thread/INFO]: [Chunky] Task running for minecraft:overworld. Processed: 11960 chunks (74.15%), ETA: 0:07:44, Rate: 9.0 cps, Current: -8, -48
[22:14:19] [Server thread/INFO]: [Chunky] Task running for minecraft:overworld. Processed: 11964 chunks (74.18%), ETA: 0:07:37, Rate: 9.1 cps, Current: -8, -43
[22:14:20] [Server thread/INFO]: [Chunky] Task running for minecraft:overworld. Processed: 11969 chunks (74.21%), ETA: 0:07:48, Rate: 8.9 cps, Current: -8, -39
[22:14:21] [Server thread/INFO]: [Chunky] Task running for minecraft:overworld. Processed: 11989 chunks (74.33%), ETA: 0:07:53, Rate: 8.7 cps, Current: -7, -58
[22:14:22] [Server thread/INFO]: [Chunky] Task running for minecraft:overworld. Processed: 12008 chunks (74.45%), ETA: 0:07:30, Rate: 9.1 cps, Current: -6, -63
[22:14:23] [Server thread/INFO]: [Chunky] Task running for minecraft:overworld. Processed: 12014 chunks (74.49%), ETA: 0:07:34, Rate: 9.0 cps, Current: -6, -56
[22:14:25] [Server thread/INFO]: [Chunky] Task running for minecraft:overworld. Processed: 12019 chunks (74.52%), ETA: 0:07:46, Rate: 8.8 cps, Current: -6, -44
[22:14:26] [Server thread/INFO]: [Chunky] Task running for minecraft:overworld. Processed: 12040 chunks (74.65%), ETA: 0:07:22, Rate: 9.2 cps, Current: -5, -61
[22:14:27] [Server thread/INFO]: [Chunky] Task running for minecraft:overworld. Processed: 12072 chunks (74.85%), ETA: 0:06:41, Rate: 10.1 cps, Current: -5, -37
[22:15:14] [Server thread/INFO]: [Chunky] Task running for minecraft:overworld. Processed: 12210 chunks (75.70%), ETA: 0:00:33, Rate: 116.9 cps, Current: -63, -41
[22:15:16] [Server thread/INFO]: [Chunky] Task running for minecraft:overworld. Processed: 12239 chunks (75.88%), ETA: 0:02:25, Rate: 26.8 cps, Current: -63, -34
[22:15:22] [Server thread/INFO]: [Chunky] Task running for minecraft:overworld. Processed: 12247 chunks (75.93%), ETA: 0:09:41, Rate: 6.7 cps, Current: -62, -40
[22:15:24] [Server thread/INFO]: [Chunky] Task running for minecraft:overworld. Processed: 12297 chunks (76.24%), ETA: 0:05:41, Rate: 11.2 cps, Current: -60, -52
[22:15:25] [Server thread/INFO]: [Chunky] Task running for minecraft:overworld. Processed: 12298 chunks (76.25%), ETA: 0:06:32, Rate: 9.8 cps, Current: -60, -50
[22:15:27] [Server thread/INFO]: [Chunky] Task running for minecraft:overworld. Processed: 12303 chunks (76.28%), ETA: 0:07:22, Rate: 8.7 cps, Current: -60, -46
[22:15:28] [Server thread/INFO]: [Chunky] Task running for minecraft:overworld. Processed: 12305 chunks (76.29%), ETA: 0:07:53, Rate: 8.1 cps, Current: -60, -44
[22:15:29] [Server thread/INFO]: [Chunky] Task running for minecraft:overworld. Processed: 12324 chunks (76.41%), ETA: 0:07:12, Rate: 8.8 cps, Current: -59, -56
[22:15:31] [Server thread/INFO]: [Chunky] Task running for minecraft:overworld. Processed: 12348 chunks (76.56%), ETA: 0:06:37, Rate: 9.5 cps, Current: -58, -63
[22:15:33] [Server thread/INFO]: [Chunky] Task running for minecraft:overworld. Processed: 12349 chunks (76.56%), ETA: 0:07:23, Rate: 8.5 cps, Current: -58, -62
[22:15:34] [Server thread/INFO]: [Chunky] Task running for minecraft:overworld. Processed: 12353 chunks (76.59%), ETA: 0:07:43, Rate: 8.1 cps, Current: -58, -58
[22:15:35] [Server thread/INFO]: [Chunky] Task running for minecraft:overworld. Processed: 12366 chunks (76.67%), ETA: 0:07:29, Rate: 8.4 cps, Current: -58, -47
[22:15:36] [Server thread/INFO]: [Chunky] Task running for minecraft:overworld. Processed: 12398 chunks (76.87%), ETA: 0:06:40, Rate: 9.3 cps, Current: -57, -45
[22:15:37] [Server thread/INFO]: [Chunky] Task running for minecraft:overworld. Processed: 12400 chunks (76.88%), ETA: 0:06:56, Rate: 9.0 cps, Current: -57, -40
[22:15:39] [Server thread/INFO]: [Chunky] Task running for minecraft:overworld. Processed: 12406 chunks (76.92%), ETA: 0:07:09, Rate: 8.7 cps, Current: -57, -36
[22:15:40] [Server thread/INFO]: [Chunky] Task running for minecraft:overworld. Processed: 12417 chunks (76.99%), ETA: 0:07:03, Rate: 8.8 cps, Current: -56, -63
[22:15:41] [Server thread/INFO]: [Chunky] Task running for minecraft:overworld. Processed: 12432 chunks (77.08%), ETA: 0:06:52, Rate: 9.0 cps, Current: -56, -42
[22:15:42] [Server thread/INFO]: [Chunky] Task running for minecraft:overworld. Processed: 12448 chunks (77.18%), ETA: 0:06:40, Rate: 9.2 cps, Current: -55, -56
[22:15:43] [Server thread/INFO]: [Chunky] Task running for minecraft:overworld. Processed: 12462 chunks (77.26%), ETA: 0:06:34, Rate: 9.3 cps, Current: -55, -42
[22:15:44] [Server thread/INFO]: [Chunky] Task running for minecraft:overworld. Processed: 12471 chunks (77.32%), ETA: 0:07:25, Rate: 8.2 cps, Current: -55, -36
[22:15:45] [Server thread/INFO]: [Chunky] Task running for minecraft:overworld. Processed: 12486 chunks (77.41%), ETA: 0:07:14, Rate: 8.4 cps, Current: -54, -53
[22:15:47] [Server thread/INFO]: [Chunky] Task running for minecraft:overworld. Processed: 12502 chunks (77.51%), ETA: 0:05:44, Rate: 10.5 cps, Current: -54, -34
[22:15:48] [Server thread/INFO]: [Chunky] Task running for minecraft:overworld. Processed: 12516 chunks (77.60%), ETA: 0:05:40, Rate: 10.6 cps, Current: -53, -52
[22:15:49] [Server thread/INFO]: [Chunky] Task running for minecraft:overworld. Processed: 12521 chunks (77.63%), ETA: 0:05:48, Rate: 10.4 cps, Current: -53, -45
[22:15:50] [Server thread/INFO]: [Chunky] Task running for minecraft:overworld. Processed: 12529 chunks (77.68%), ETA: 0:05:52, Rate: 10.2 cps, Current: -53, -37
[22:15:51] [Server thread/INFO]: [Chunky] Task running for minecraft:overworld. Processed: 12539 chunks (77.74%), ETA: 0:05:52, Rate: 10.2 cps, Current: -52, -60
[22:15:52] [Server thread/INFO]: [Chunky] Task running for minecraft:overworld. Processed: 12552 chunks (77.82%), ETA: 0:05:49, Rate: 10.2 cps, Current: -52, -38
[22:15:53] [Server thread/INFO]: [Chunky] Task running for minecraft:overworld. Processed: 12573 chunks (77.95%), ETA: 0:06:22, Rate: 9.3 cps, Current: -51, -55
[22:16:03] [Server thread/WARN]: Can't keep up! Is the server overloaded? Running 9271ms or 185 ticks behind
[22:16:03] [Server thread/INFO]: [Chunky] Task running for minecraft:overworld. Processed: 12574 chunks (77.96%), ETA: 0:07:40, Rate: 7.7 cps, Current: -51, -54
[22:16:05] [Server thread/INFO]: [Chunky] Task running for minecraft:overworld. Processed: 12576 chunks (77.97%), ETA: 0:08:23, Rate: 7.1 cps, Current: -51, -43
[22:16:06] [Server thread/INFO]: [Chunky] Task running for minecraft:overworld. Processed: 12602 chunks (78.13%), ETA: 0:08:28, Rate: 6.9 cps, Current: -50, -60
[22:16:07] [Server thread/INFO]: [Chunky] Task running for minecraft:overworld. Processed: 12612 chunks (78.19%), ETA: 0:08:07, Rate: 7.2 cps, Current: -50, -51
[22:16:08] [Server thread/INFO]: [Chunky] Task running for minecraft:overworld. Processed: 12622 chunks (78.26%), ETA: 0:07:49, Rate: 7.5 cps, Current: -50, -37
[22:16:10] [Server thread/INFO]: [Chunky] Task running for minecraft:overworld. Processed: 12624 chunks (78.27%), ETA: 0:08:22, Rate: 7.0 cps, Current: -50, -35
[22:16:12] [Server thread/INFO]: [Chunky] Task running for minecraft:overworld. Processed: 12625 chunks (78.28%), ETA: 0:09:42, Rate: 6.0 cps, Current: -50, -34
[22:16:13] [Server thread/INFO]: [Chunky] Task running for minecraft:overworld. Processed: 12639 chunks (78.36%), ETA: 0:09:38, Rate: 6.0 cps, Current: -49, -55
[22:16:14] [Server thread/INFO]: [Chunky] Task running for minecraft:overworld. Processed: 12659 chunks (78.49%), ETA: 0:09:01, Rate: 6.4 cps, Current: -49, -35
[22:16:15] [Server thread/INFO]: [Chunky] Task running for minecraft:overworld. Processed: 12668 chunks (78.54%), ETA: 0:09:17, Rate: 6.2 cps, Current: -48, -58
[22:16:16] [Server thread/INFO]: [Chunky] Task running for minecraft:overworld. Processed: 12671 chunks (78.56%), ETA: 0:10:00, Rate: 5.8 cps, Current: -48, -50
[22:16:17] [Server thread/INFO]: [Chunky] Task running for minecraft:overworld. Processed: 12674 chunks (78.58%), ETA: 0:10:41, Rate: 5.4 cps, Current: -48, -47
[22:16:18] [Server thread/INFO]: A villager has restocked all their trades.
[22:16:18] [Server thread/INFO]: A villager has restocked all their trades.
[22:16:18] [Server thread/INFO]: A villager has restocked all their trades.
[22:16:18] [Server thread/INFO]: A villager has restocked all their trades.
[22:16:18] [Server thread/INFO]: [Chunky] Task running for minecraft:overworld. Processed: 12683 chunks (78.63%), ETA: 0:10:24, Rate: 5.5 cps, Current: -48, -43
[22:16:19] [Server thread/INFO]: [Chunky] Task running for minecraft:overworld. Processed: 12711 chunks (78.81%), ETA: 0:09:09, Rate: 6.2 cps, Current: -47, -41
[22:16:21] [Server thread/INFO]: [Chunky] Task running for minecraft:overworld. Processed: 12714 chunks (78.83%), ETA: 0:09:29, Rate: 6.0 cps, Current: -47, -38
[22:16:22] [Server thread/INFO]: [Chunky] Task running for minecraft:overworld. Processed: 12720 chunks (78.86%), ETA: 0:09:57, Rate: 5.7 cps, Current: -46, -63
[22:16:23] [Server thread/INFO]: A villager has restocked all their trades.
[22:16:23] [Server thread/INFO]: [Chunky] Task running for minecraft:overworld. Processed: 12730 chunks (78.93%), ETA: 0:10:38, Rate: 5.3 cps, Current: -46, -54
[22:16:24] [Server thread/INFO]: [Chunky] Task running for minecraft:overworld. Processed: 12746 chunks (79.03%), ETA: 0:06:57, Rate: 8.1 cps, Current: -46, -43
[22:16:25] [Server thread/INFO]: [Chunky] Task running for minecraft:overworld. Processed: 12757 chunks (79.09%), ETA: 0:06:56, Rate: 8.1 cps, Current: -45, -58
[22:16:26] [Server thread/INFO]: [Chunky] Task running for minecraft:overworld. Processed: 12774 chunks (79.20%), ETA: 0:06:37, Rate: 8.4 cps, Current: -45, -40
[22:16:28] [Server thread/INFO]: [Chunky] Task running for minecraft:overworld. Processed: 12780 chunks (79.24%), ETA: 0:06:50, Rate: 8.2 cps, Current: -44, -62
[22:16:29] [Server thread/INFO]: [Chunky] Task running for minecraft:overworld. Processed: 12785 chunks (79.27%), ETA: 0:06:58, Rate: 8.0 cps, Current: -44, -61
[22:16:30] [Server thread/INFO]: [Chunky] Task running for minecraft:overworld. Processed: 12798 chunks (79.35%), ETA: 0:06:48, Rate: 8.2 cps, Current: -44, -49
[22:16:31] [Server thread/INFO]: [Chunky] Task running for minecraft:overworld. Processed: 12810 chunks (79.42%), ETA: 0:06:42, Rate: 8.2 cps, Current: -44, -37
[22:16:33] [Server thread/INFO]: [Chunky] Task running for minecraft:overworld. Processed: 12821 chunks (79.49%), ETA: 0:06:38, Rate: 8.3 cps, Current: -43, -55
[22:16:33] [Server thread/INFO]: A villager has restocked all their trades.
[22:16:34] [Server thread/INFO]: [Chunky] Task running for minecraft:overworld. Processed: 12838 chunks (79.60%), ETA: 0:06:01, Rate: 9.1 cps, Current: -43, -38
[22:16:35] [Server thread/INFO]: [Chunky] Task running for minecraft:overworld. Processed: 12843 chunks (79.63%), ETA: 0:06:07, Rate: 8.9 cps, Current: -43, -33
[22:16:36] [Server thread/INFO]: [Chunky] Task running for minecraft:overworld. Processed: 12862 chunks (79.74%), ETA: 0:06:19, Rate: 8.6 cps, Current: -42, -48
[22:16:37] [Server thread/INFO]: [Chunky] Task running for minecraft:overworld. Processed: 12877 chunks (79.84%), ETA: 0:06:10, Rate: 8.8 cps, Current: -42, -36
[22:16:38] [Server thread/INFO]: A villager has restocked all their trades.
[22:16:38] [Server thread/INFO]: [Chunky] Task running for minecraft:overworld. Processed: 12891 chunks (79.92%), ETA: 0:05:43, Rate: 9.4 cps, Current: -41, -47
[22:16:39] [Server thread/INFO]: [Chunky] Task running for minecraft:overworld. Processed: 12895 chunks (79.95%), ETA: 0:05:51, Rate: 9.2 cps, Current: -41, -43
[22:16:41] [Server thread/INFO]: [Chunky] Task running for minecraft:overworld. Processed: 12911 chunks (80.05%), ETA: 0:05:24, Rate: 9.9 cps, Current: -40, -58
[22:16:42] [Server thread/INFO]: [Chunky] Task running for minecraft:overworld. Processed: 12928 chunks (80.15%), ETA: 0:05:19, Rate: 10.0 cps, Current: -40, -41
[22:16:43] [Server thread/INFO]: [Chunky] Task running for minecraft:overworld. Processed: 12937 chunks (80.21%), ETA: 0:05:34, Rate: 9.5 cps, Current: -39, -63
[22:16:44] [Server thread/INFO]: [Chunky] Task running for minecraft:overworld. Processed: 12945 chunks (80.26%), ETA: 0:05:34, Rate: 9.5 cps, Current: -39, -55
[22:16:45] [Server thread/INFO]: [Chunky] Task running for minecraft:overworld. Processed: 12972 chunks (80.43%), ETA: 0:05:05, Rate: 10.3 cps, Current: -38, -61
[22:16:47] [Server thread/INFO]: [Chunky] Task running for minecraft:overworld. Processed: 12991 chunks (80.54%), ETA: 0:04:47, Rate: 10.9 cps, Current: -38, -41
[22:16:48] [Server thread/INFO]: [Chunky] Task running for minecraft:overworld. Processed: 12999 chunks (80.59%), ETA: 0:04:47, Rate: 10.9 cps, Current: -37, -60
[22:16:49] [Server thread/INFO]: [Chunky] Task running for minecraft:overworld. Processed: 13113 chunks (81.30%), ETA: 0:03:37, Rate: 13.9 cps, Current: -34, -42
[22:16:53] [Server thread/INFO]: A villager has restocked all their trades.
[22:16:54] [Server thread/INFO]: A villager has restocked all their trades.
[22:16:55] [Server thread/WARN]: Couldn't set damage of loot item 1 minecraft:iron_ingot
[22:16:55] [Server thread/WARN]: Couldn't set damage of loot item 1 minecraft:iron_ingot
[22:16:55] [Server thread/WARN]: Couldn't set damage of loot item 1 minecraft:iron_nugget
[22:16:55] [Server thread/WARN]: Couldn't set damage of loot item 1 minecraft:iron_nugget
[22:16:55] [Server thread/WARN]: Couldn't set damage of loot item 1 minecraft:iron_nugget
[22:16:55] [Server thread/WARN]: Couldn't set damage of loot item 1 minecraft:iron_ingot
[22:16:57] [Server thread/WARN]: Couldn't set damage of loot item 1 minecraft:iron_ingot
[22:16:57] [Server thread/WARN]: Couldn't set damage of loot item 1 minecraft:iron_ingot
[22:16:57] [Server thread/WARN]: Couldn't set damage of loot item 1 minecraft:iron_nugget
[22:16:57] [Server thread/WARN]: Couldn't set damage of loot item 1 minecraft:iron_ingot
[22:16:57] [Server thread/WARN]: Couldn't set damage of loot item 1 minecraft:iron_ingot
[22:16:57] [Server thread/WARN]: Couldn't set damage of loot item 1 minecraft:iron_nugget
[22:16:57] [Server thread/WARN]: Couldn't set damage of loot item 1 minecraft:iron_ingot
[22:17:30] [Server thread/INFO]: [Chunky] Task running for minecraft:overworld. Processed: 13155 chunks (81.56%), ETA: 0:03:31, Rate: 14.1 cps, Current: -63, -18
[22:17:31] [Server thread/INFO]: [Chunky] Task running for minecraft:overworld. Processed: 13193 chunks (81.80%), ETA: 0:01:24, Rate: 34.9 cps, Current: -62, -22
[22:17:32] [Server thread/INFO]: [Chunky] Task running for minecraft:overworld. Processed: 13203 chunks (81.86%), ETA: 0:02:22, Rate: 20.5 cps, Current: -63, -1
[22:17:35] [Server thread/INFO]: [Chunky] Task running for minecraft:overworld. Processed: 13204 chunks (81.86%), ETA: 0:05:20, Rate: 9.1 cps, Current: -62, -3
[22:17:36] [Server thread/INFO]: [Chunky] Task running for minecraft:overworld. Processed: 13235 chunks (82.06%), ETA: 0:03:56, Rate: 12.2 cps, Current: -61, -11
[22:17:39] [Server thread/INFO]: [Chunky] Task running for minecraft:overworld. Processed: 13249 chunks (82.14%), ETA: 0:04:26, Rate: 10.8 cps, Current: -61, -2
[22:17:41] [Server thread/INFO]: [Chunky] Task running for minecraft:overworld. Processed: 13254 chunks (82.17%), ETA: 0:05:32, Rate: 8.6 cps, Current: -60, -28
[22:17:43] [Server thread/INFO]: [Chunky] Task running for minecraft:overworld. Processed: 13296 chunks (82.44%), ETA: 0:04:31, Rate: 10.4 cps, Current: -59, -18
[22:17:45] [Server thread/INFO]: [Chunky] Task running for minecraft:overworld. Processed: 13304 chunks (82.48%), ETA: 0:04:42, Rate: 10.0 cps, Current: -58, -31
[22:17:46] [Server thread/INFO]: [Chunky] Task running for minecraft:overworld. Processed: 13328 chunks (82.63%), ETA: 0:04:19, Rate: 10.8 cps, Current: -58, -16
[22:17:48] [Server thread/INFO]: [Chunky] Task running for minecraft:overworld. Processed: 13332 chunks (82.66%), ETA: 0:04:41, Rate: 9.9 cps, Current: -58, -14
[22:17:49] [Server thread/INFO]: [Chunky] Task running for minecraft:overworld. Processed: 13335 chunks (82.68%), ETA: 0:04:58, Rate: 9.4 cps, Current: -58, -11
[22:17:50] [Server thread/INFO]: [Chunky] Task running for minecraft:overworld. Processed: 13352 chunks (82.78%), ETA: 0:04:48, Rate: 9.6 cps, Current: -57, -26
[22:17:52] [Server thread/INFO]: [Chunky] Task running for minecraft:overworld. Processed: 13358 chunks (82.82%), ETA: 0:04:57, Rate: 9.3 cps, Current: -57, -21
[22:17:53] [Server thread/INFO]: [Chunky] Task running for minecraft:overworld. Processed: 13379 chunks (82.95%), ETA: 0:04:44, Rate: 9.7 cps, Current: -56, -31
[22:17:54] [Server thread/INFO]: [Chunky] Task running for minecraft:overworld. Processed: 13386 chunks (82.99%), ETA: 0:04:47, Rate: 9.6 cps, Current: -56, -24
[22:17:55] [Server thread/INFO]: [Chunky] Task running for minecraft:overworld. Processed: 13404 chunks (83.10%), ETA: 0:04:38, Rate: 9.8 cps, Current: -56, -6
[22:17:57] [Server thread/INFO]: [Chunky] Task running for minecraft:overworld. Processed: 13412 chunks (83.15%), ETA: 0:04:41, Rate: 9.6 cps, Current: -55, -30
[22:17:58] [Server thread/INFO]: [Chunky] Task running for minecraft:overworld. Processed: 13442 chunks (83.34%), ETA: 0:04:22, Rate: 10.3 cps, Current: -55, -1
[22:17:59] [Server thread/INFO]: [Chunky] Task running for minecraft:overworld. Processed: 13445 chunks (83.36%), ETA: 0:04:28, Rate: 10.0 cps, Current: -54, -29
[22:18:01] [Server thread/INFO]: [Chunky] Task running for minecraft:overworld. Processed: 13454 chunks (83.41%), ETA: 0:04:58, Rate: 9.0 cps, Current: -54, -20
[22:18:02] [Server thread/INFO]: [Chunky] Task running for minecraft:overworld. Processed: 13475 chunks (83.55%), ETA: 0:04:21, Rate: 10.1 cps, Current: -54, -5
[22:18:04] [Server thread/INFO]: [Chunky] Task running for minecraft:overworld. Processed: 13512 chunks (83.77%), ETA: 0:03:58, Rate: 11.0 cps, Current: -52, -28
[22:18:05] [Server thread/INFO]: [Chunky] Task running for minecraft:overworld. Processed: 13526 chunks (83.86%), ETA: 0:03:56, Rate: 11.0 cps, Current: -52, -7
[22:18:06] [Server thread/INFO]: [Chunky] Task running for minecraft:overworld. Processed: 13534 chunks (83.91%), ETA: 0:04:13, Rate: 10.2 cps, Current: -52, -4
[22:18:07] [Server thread/INFO]: [Chunky] Task running for minecraft:overworld. Processed: 13555 chunks (84.04%), ETA: 0:03:56, Rate: 10.9 cps, Current: -51, -16
[22:18:08] [Server thread/INFO]: [Chunky] Task running for minecraft:overworld. Processed: 13574 chunks (84.16%), ETA: 0:03:48, Rate: 11.2 cps, Current: -50, -28
[22:18:09] [Server thread/INFO]: [Chunky] Task running for minecraft:overworld. Processed: 13583 chunks (84.21%), ETA: 0:03:32, Rate: 12.0 cps, Current: -50, -19
[22:18:10] [Server thread/INFO]: [Chunky] Task running for minecraft:overworld. Processed: 13597 chunks (84.30%), ETA: 0:03:30, Rate: 12.0 cps, Current: -49, -32
[22:18:11] [Server thread/INFO]: [Chunky] Task running for minecraft:overworld. Processed: 13617 chunks (84.43%), ETA: 0:03:26, Rate: 12.2 cps, Current: -49, -18
[22:18:13] [Server thread/INFO]: [Chunky] Task running for minecraft:overworld. Processed: 13627 chunks (84.49%), ETA: 0:03:42, Rate: 11.2 cps, Current: -49, -7
[22:18:14] [Server thread/INFO]: [Chunky] Task running for minecraft:overworld. Processed: 13658 chunks (84.68%), ETA: 0:03:22, Rate: 12.2 cps, Current: -47, -31
[22:18:15] [Server thread/INFO]: [Chunky] Task running for minecraft:overworld. Processed: 13674 chunks (84.78%), ETA: 0:03:27, Rate: 11.8 cps, Current: -47, -24
[22:18:17] [Server thread/INFO]: [Chunky] Task running for minecraft:overworld. Processed: 13681 chunks (84.82%), ETA: 0:03:21, Rate: 12.2 cps, Current: -47, -17
[22:18:18] [Server thread/INFO]: [Chunky] Task running for minecraft:overworld. Processed: 13706 chunks (84.98%), ETA: 0:03:12, Rate: 12.6 cps, Current: -46, -24
[22:18:19] [Server thread/INFO]: [Chunky] Task running for minecraft:overworld. Processed: 13724 chunks (85.09%), ETA: 0:03:02, Rate: 13.2 cps, Current: -45, -29
[22:18:20] [Server thread/INFO]: [Chunky] Task running for minecraft:overworld. Processed: 13734 chunks (85.15%), ETA: 0:03:05, Rate: 12.9 cps, Current: -46, -3
[22:18:21] [Server thread/INFO]: [Chunky] Task running for minecraft:overworld. Processed: 13752 chunks (85.26%), ETA: 0:02:56, Rate: 13.5 cps, Current: -44, -28
[22:18:22] [Server thread/INFO]: [Chunky] Task running for minecraft:overworld. Processed: 13768 chunks (85.36%), ETA: 0:02:55, Rate: 13.4 cps, Current: -45, -5
[22:18:23] [Server thread/INFO]: [Chunky] Task running for minecraft:overworld. Processed: 13774 chunks (85.40%), ETA: 0:02:57, Rate: 13.3 cps, Current: -44, -14
[22:18:24] [Server thread/INFO]: [Chunky] Task running for minecraft:overworld. Processed: 13804 chunks (85.58%), ETA: 0:02:48, Rate: 13.8 cps, Current: -43, -24
[22:18:26] [Server thread/INFO]: [Chunky] Task running for minecraft:overworld. Processed: 13812 chunks (85.63%), ETA: 0:02:49, Rate: 13.7 cps, Current: -43, -12
[22:18:26] [Server thread/WARN]: Can't keep up! Is the server overloaded? Running 2000ms or 40 ticks behind
[22:18:27] [Server thread/INFO]: [Chunky] Task running for minecraft:overworld. Processed: 13848 chunks (85.86%), ETA: 0:02:42, Rate: 14.0 cps, Current: -43, -1
[22:18:30] [Server thread/INFO]: [Chunky] Task running for minecraft:overworld. Processed: 13850 chunks (85.87%), ETA: 0:02:50, Rate: 13.4 cps, Current: -42, -6
[22:18:31] [Server thread/INFO]: [Chunky] Task running for minecraft:overworld. Processed: 13879 chunks (86.05%), ETA: 0:02:42, Rate: 13.9 cps, Current: -41, -3
[22:18:33] [Server thread/INFO]: [Chunky] Task running for minecraft:overworld. Processed: 13895 chunks (86.15%), ETA: 0:02:49, Rate: 13.2 cps, Current: -40, -27
[22:18:34] [Server thread/INFO]: [Chunky] Task running for minecraft:overworld. Processed: 13906 chunks (86.22%), ETA: 0:02:50, Rate: 13.1 cps, Current: -40, -10
[22:18:35] [Server thread/INFO]: [Chunky] Task running for minecraft:overworld. Processed: 13922 chunks (86.32%), ETA: 0:02:45, Rate: 13.4 cps, Current: -39, -20
[22:18:36] [Server thread/INFO]: [Chunky] Task running for minecraft:overworld. Processed: 13932 chunks (86.38%), ETA: 0:02:49, Rate: 13.0 cps, Current: -39, -21
[22:18:37] [Server thread/INFO]: [Chunky] Task running for minecraft:overworld. Processed: 13970 chunks (86.61%), ETA: 0:02:37, Rate: 13.7 cps, Current: -38, -15
[22:18:38] [Server thread/INFO]: [Chunky] Task running for minecraft:overworld. Processed: 13981 chunks (86.68%), ETA: 0:02:37, Rate: 13.6 cps, Current: -38, -5
[22:18:39] [Server thread/INFO]: [Chunky] Task running for minecraft:overworld. Processed: 14004 chunks (86.82%), ETA: 0:02:32, Rate: 14.0 cps, Current: -37, -9
[22:18:40] [Server thread/INFO]: [Chunky] Task running for minecraft:overworld. Processed: 14145 chunks (87.70%), ETA: 0:01:49, Rate: 18.2 cps, Current: -33, -1
[22:18:54] [Worker-Main-4/ERROR]: Failed to parse either. First: Failed to parse either. First: Not a string: null; Second: Not a json array: null; Second: Not a JSON object: null; Failed to parse either. First: Failed to parse either. First: Not a string: null; Second: Not a json array: null; Second: Not a JSON object: null; Failed to parse either. First: Failed to parse either. First: Not a string: null; Second: Not a json array: null; Second: Not a JSON object: null; Failed to parse either. First: Failed to parse either. First: Not a string: null; Second: Not a json array: null; Second: Not a JSON object: null; Input is not a list of 4 elements
[22:18:54] [Worker-Main-4/ERROR]: Failed to parse either. First: Failed to parse either. First: Not a string: null; Second: Not a json array: null; Second: Not a JSON object: null; Failed to parse either. First: Failed to parse either. First: Not a string: null; Second: Not a json array: null; Second: Not a JSON object: null; Failed to parse either. First: Failed to parse either. First: Not a string: null; Second: Not a json array: null; Second: Not a JSON object: null; Failed to parse either. First: Failed to parse either. First: Not a string: null; Second: Not a json array: null; Second: Not a JSON object: null; Input is not a list of 4 elements
[22:18:54] [Worker-Main-4/ERROR]: Failed to parse either. First: Failed to parse either. First: Not a string: null; Second: Not a json array: null; Second: Not a JSON object: null; Failed to parse either. First: Failed to parse either. First: Not a string: null; Second: Not a json array: null; Second: Not a JSON object: null; Failed to parse either. First: Failed to parse either. First: Not a string: null; Second: Not a json array: null; Second: Not a JSON object: null; Failed to parse either. First: Failed to parse either. First: Not a string: null; Second: Not a json array: null; Second: Not a JSON object: null; Input is not a list of 4 elements
[22:18:54] [Worker-Main-4/ERROR]: Failed to parse either. First: Failed to parse either. First: Not a string: null; Second: Not a json array: null; Second: Not a JSON object: null; Failed to parse either. First: Failed to parse either. First: Not a string: null; Second: Not a json array: null; Second: Not a JSON object: null; Failed to parse either. First: Failed to parse either. First: Not a string: null; Second: Not a json array: null; Second: Not a JSON object: null; Failed to parse either. First: Failed to parse either. First: Not a string: null; Second: Not a json array: null; Second: Not a JSON object: null; Input is not a list of 4 elements
[22:18:54] [Worker-Main-4/ERROR]: Failed to parse either. First: Failed to parse either. First: Not a string: null; Second: Not a json array: null; Second: Not a JSON object: null; Failed to parse either. First: Failed to parse either. First: Not a string: null; Second: Not a json array: null; Second: Not a JSON object: null; Failed to parse either. First: Failed to parse either. First: Not a string: null; Second: Not a json array: null; Second: Not a JSON object: null; Failed to parse either. First: Failed to parse either. First: Not a string: null; Second: Not a json array: null; Second: Not a JSON object: null; Input is not a list of 4 elements
[22:18:54] [Worker-Main-4/ERROR]: Failed to parse either. First: Failed to parse either. First: Not a string: null; Second: Not a json array: null; Second: Not a JSON object: null; Failed to parse either. First: Failed to parse either. First: Not a string: null; Second: Not a json array: null; Second: Not a JSON object: null; Failed to parse either. First: Failed to parse either. First: Not a string: null; Second: Not a json array: null; Second: Not a JSON object: null; Failed to parse either. First: Failed to parse either. First: Not a string: null; Second: Not a json array: null; Second: Not a JSON object: null; Input is not a list of 4 elements
[22:18:54] [Worker-Main-4/ERROR]: Failed to parse either. First: Failed to parse either. First: Not a string: null; Second: Not a json array: null; Second: Not a JSON object: null; Failed to parse either. First: Failed to parse either. First: Not a string: null; Second: Not a json array: null; Second: Not a JSON object: null; Failed to parse either. First: Failed to parse either. First: Not a string: null; Second: Not a json array: null; Second: Not a JSON object: null; Failed to parse either. First: Failed to parse either. First: Not a string: null; Second: Not a json array: null; Second: Not a JSON object: null; Input is not a list of 4 elements
[22:18:54] [Worker-Main-4/ERROR]: Failed to parse either. First: Failed to parse either. First: Not a string: null; Second: Not a json array: null; Second: Not a JSON object: null; Failed to parse either. First: Failed to parse either. First: Not a string: null; Second: Not a json array: null; Second: Not a JSON object: null; Failed to parse either. First: Failed to parse either. First: Not a string: null; Second: Not a json array: null; Second: Not a JSON object: null; Failed to parse either. First: Failed to parse either. First: Not a string: null; Second: Not a json array: null; Second: Not a JSON object: null; Input is not a list of 4 elements
[22:18:54] [Worker-Main-4/ERROR]: Failed to parse either. First: Failed to parse either. First: Not a string: null; Second: Not a json array: null; Second: Not a JSON object: null; Failed to parse either. First: Failed to parse either. First: Not a string: null; Second: Not a json array: null; Second: Not a JSON object: null; Failed to parse either. First: Failed to parse either. First: Not a string: null; Second: Not a json array: null; Second: Not a JSON object: null; Failed to parse either. First: Failed to parse either. First: Not a string: null; Second: Not a json array: null; Second: Not a JSON object: null; Input is not a list of 4 elements
[22:18:54] [Worker-Main-4/ERROR]: Failed to parse either. First: Failed to parse either. First: Not a string: null; Second: Not a json array: null; Second: Not a JSON object: null; Failed to parse either. First: Failed to parse either. First: Not a string: null; Second: Not a json array: null; Second: Not a JSON object: null; Failed to parse either. First: Failed to parse either. First: Not a string: null; Second: Not a json array: null; Second: Not a JSON object: null; Failed to parse either. First: Failed to parse either. First: Not a string: null; Second: Not a json array: null; Second: Not a JSON object: null; Input is not a list of 4 elements
[22:18:54] [Worker-Main-4/ERROR]: Failed to parse either. First: Failed to parse either. First: Not a string: null; Second: Not a json array: null; Second: Not a JSON object: null; Failed to parse either. First: Failed to parse either. First: Not a string: null; Second: Not a json array: null; Second: Not a JSON object: null; Failed to parse either. First: Failed to parse either. First: Not a string: null; Second: Not a json array: null; Second: Not a JSON object: null; Failed to parse either. First: Failed to parse either. First: Not a string: null; Second: Not a json array: null; Second: Not a JSON object: null; Input is not a list of 4 elements
[22:18:54] [Worker-Main-4/ERROR]: Failed to parse either. First: Failed to parse either. First: Not a string: null; Second: Not a json array: null; Second: Not a JSON object: null; Failed to parse either. First: Failed to parse either. First: Not a string: null; Second: Not a json array: null; Second: Not a JSON object: null; Failed to parse either. First: Failed to parse either. First: Not a string: null; Second: Not a json array: null; Second: Not a JSON object: null; Failed to parse either. First: Failed to parse either. First: Not a string: null; Second: Not a json array: null; Second: Not a JSON object: null; Input is not a list of 4 elements
[22:18:54] [Worker-Main-4/ERROR]: Failed to parse either. First: Failed to parse either. First: Not a string: null; Second: Not a json array: null; Second: Not a JSON object: null; Failed to parse either. First: Failed to parse either. First: Not a string: null; Second: Not a json array: null; Second: Not a JSON object: null; Failed to parse either. First: Failed to parse either. First: Not a string: null; Second: Not a json array: null; Second: Not a JSON object: null; Failed to parse either. First: Failed to parse either. First: Not a string: null; Second: Not a json array: null; Second: Not a JSON object: null; Input is not a list of 4 elements
[22:18:54] [Worker-Main-4/ERROR]: Failed to parse either. First: Failed to parse either. First: Not a string: null; Second: Not a json array: null; Second: Not a JSON object: null; Failed to parse either. First: Failed to parse either. First: Not a string: null; Second: Not a json array: null; Second: Not a JSON object: null; Failed to parse either. First: Failed to parse either. First: Not a string: null; Second: Not a json array: null; Second: Not a JSON object: null; Failed to parse either. First: Failed to parse either. First: Not a string: null; Second: Not a json array: null; Second: Not a JSON object: null; Input is not a list of 4 elements
[22:18:54] [Worker-Main-4/ERROR]: Failed to parse either. First: Failed to parse either. First: Not a string: null; Second: Not a json array: null; Second: Not a JSON object: null; Failed to parse either. First: Failed to parse either. First: Not a string: null; Second: Not a json array: null; Second: Not a JSON object: null; Failed to parse either. First: Failed to parse either. First: Not a string: null; Second: Not a json array: null; Second: Not a JSON object: null; Failed to parse either. First: Failed to parse either. First: Not a string: null; Second: Not a json array: null; Second: Not a JSON object: null; Input is not a list of 4 elements
[22:18:54] [Worker-Main-4/ERROR]: Failed to parse either. First: Failed to parse either. First: Not a string: null; Second: Not a json array: null; Second: Not a JSON object: null; Failed to parse either. First: Failed to parse either. First: Not a string: null; Second: Not a json array: null; Second: Not a JSON object: null; Failed to parse either. First: Failed to parse either. First: Not a string: null; Second: Not a json array: null; Second: Not a JSON object: null; Failed to parse either. First: Failed to parse either. First: Not a string: null; Second: Not a json array: null; Second: Not a JSON object: null; Input is not a list of 4 elements
[22:18:54] [Worker-Main-4/ERROR]: Failed to parse either. First: Failed to parse either. First: Not a string: null; Second: Not a json array: null; Second: Not a JSON object: null; Failed to parse either. First: Failed to parse either. First: Not a string: null; Second: Not a json array: null; Second: Not a JSON object: null; Failed to parse either. First: Failed to parse either. First: Not a string: null; Second: Not a json array: null; Second: Not a JSON object: null; Failed to parse either. First: Failed to parse either. First: Not a string: null; Second: Not a json array: null; Second: Not a JSON object: null; Input is not a list of 4 elements
[22:18:54] [Worker-Main-4/ERROR]: Failed to parse either. First: Failed to parse either. First: Not a string: null; Second: Not a json array: null; Second: Not a JSON object: null; Failed to parse either. First: Failed to parse either. First: Not a string: null; Second: Not a json array: null; Second: Not a JSON object: null; Failed to parse either. First: Failed to parse either. First: Not a string: null; Second: Not a json array: null; Second: Not a JSON object: null; Failed to parse either. First: Failed to parse either. First: Not a string: null; Second: Not a json array: null; Second: Not a JSON object: null; Input is not a list of 4 elements
[22:18:54] [Worker-Main-4/ERROR]: Failed to parse either. First: Failed to parse either. First: Not a string: null; Second: Not a json array: null; Second: Not a JSON object: null; Failed to parse either. First: Failed to parse either. First: Not a string: null; Second: Not a json array: null; Second: Not a JSON object: null; Failed to parse either. First: Failed to parse either. First: Not a string: null; Second: Not a json array: null; Second: Not a JSON object: null; Failed to parse either. First: Failed to parse either. First: Not a string: null; Second: Not a json array: null; Second: Not a JSON object: null; Input is not a list of 4 elements
[22:18:54] [Worker-Main-4/ERROR]: Failed to parse either. First: Failed to parse either. First: Not a string: null; Second: Not a json array: null; Second: Not a JSON object: null; Failed to parse either. First: Failed to parse either. First: Not a string: null; Second: Not a json array: null; Second: Not a JSON object: null; Failed to parse either. First: Failed to parse either. First: Not a string: null; Second: Not a json array: null; Second: Not a JSON object: null; Failed to parse either. First: Failed to parse either. First: Not a string: null; Second: Not a json array: null; Second: Not a JSON object: null; Input is not a list of 4 elements
[22:18:54] [Worker-Main-4/ERROR]: Failed to parse either. First: Failed to parse either. First: Not a string: null; Second: Not a json array: null; Second: Not a JSON object: null; Failed to parse either. First: Failed to parse either. First: Not a string: null; Second: Not a json array: null; Second: Not a JSON object: null; Failed to parse either. First: Failed to parse either. First: Not a string: null; Second: Not a json array: null; Second: Not a JSON object: null; Failed to parse either. First: Failed to parse either. First: Not a string: null; Second: Not a json array: null; Second: Not a JSON object: null; Input is not a list of 4 elements
[22:18:54] [Worker-Main-4/ERROR]: Failed to parse either. First: Failed to parse either. First: Not a string: null; Second: Not a json array: null; Second: Not a JSON object: null; Failed to parse either. First: Failed to parse either. First: Not a string: null; Second: Not a json array: null; Second: Not a JSON object: null; Failed to parse either. First: Failed to parse either. First: Not a string: null; Second: Not a json array: null; Second: Not a JSON object: null; Failed to parse either. First: Failed to parse either. First: Not a string: null; Second: Not a json array: null; Second: Not a JSON object: null; Input is not a list of 4 elements
[22:18:54] [Worker-Main-4/ERROR]: Failed to parse either. First: Failed to parse either. First: Not a string: null; Second: Not a json array: null; Second: Not a JSON object: null; Failed to parse either. First: Failed to parse either. First: Not a string: null; Second: Not a json array: null; Second: Not a JSON object: null; Failed to parse either. First: Failed to parse either. First: Not a string: null; Second: Not a json array: null; Second: Not a JSON object: null; Failed to parse either. First: Failed to parse either. First: Not a string: null; Second: Not a json array: null; Second: Not a JSON object: null; Input is not a list of 4 elements
[22:18:54] [Worker-Main-4/ERROR]: Failed to parse either. First: Failed to parse either. First: Not a string: null; Second: Not a json array: null; Second: Not a JSON object: null; Failed to parse either. First: Failed to parse either. First: Not a string: null; Second: Not a json array: null; Second: Not a JSON object: null; Failed to parse either. First: Failed to parse either. First: Not a string: null; Second: Not a json array: null; Second: Not a JSON object: null; Failed to parse either. First: Failed to parse either. First: Not a string: null; Second: Not a json array: null; Second: Not a JSON object: null; Input is not a list of 4 elements
[22:18:54] [Worker-Main-4/ERROR]: Failed to parse either. First: Failed to parse either. First: Not a string: null; Second: Not a json array: null; Second: Not a JSON object: null; Failed to parse either. First: Failed to parse either. First: Not a string: null; Second: Not a json array: null; Second: Not a JSON object: null; Failed to parse either. First: Failed to parse either. First: Not a string: null; Second: Not a json array: null; Second: Not a JSON object: null; Failed to parse either. First: Failed to parse either. First: Not a string: null; Second: Not a json array: null; Second: Not a JSON object: null; Input is not a list of 4 elements
[22:18:54] [Worker-Main-4/ERROR]: Failed to parse either. First: Failed to parse either. First: Not a string: null; Second: Not a json array: null; Second: Not a JSON object: null; Failed to parse either. First: Failed to parse either. First: Not a string: null; Second: Not a json array: null; Second: Not a JSON object: null; Failed to parse either. First: Failed to parse either. First: Not a string: null; Second: Not a json array: null; Second: Not a JSON object: null; Failed to parse either. First: Failed to parse either. First: Not a string: null; Second: Not a json array: null; Second: Not a JSON object: null; Input is not a list of 4 elements
[22:18:54] [Worker-Main-4/ERROR]: Failed to parse either. First: Failed to parse either. First: Not a string: null; Second: Not a json array: null; Second: Not a JSON object: null; Failed to parse either. First: Failed to parse either. First: Not a string: null; Second: Not a json array: null; Second: Not a JSON object: null; Failed to parse either. First: Failed to parse either. First: Not a string: null; Second: Not a json array: null; Second: Not a JSON object: null; Failed to parse either. First: Failed to parse either. First: Not a string: null; Second: Not a json array: null; Second: Not a JSON object: null; Input is not a list of 4 elements
[22:18:54] [Worker-Main-4/ERROR]: Failed to parse either. First: Failed to parse either. First: Not a string: null; Second: Not a json array: null; Second: Not a JSON object: null; Failed to parse either. First: Failed to parse either. First: Not a string: null; Second: Not a json array: null; Second: Not a JSON object: null; Failed to parse either. First: Failed to parse either. First: Not a string: null; Second: Not a json array: null; Second: Not a JSON object: null; Failed to parse either. First: Failed to parse either. First: Not a string: null; Second: Not a json array: null; Second: Not a JSON object: null; Input is not a list of 4 elements
[22:18:54] [Worker-Main-4/ERROR]: Failed to parse either. First: Failed to parse either. First: Not a string: null; Second: Not a json array: null; Second: Not a JSON object: null; Failed to parse either. First: Failed to parse either. First: Not a string: null; Second: Not a json array: null; Second: Not a JSON object: null; Failed to parse either. First: Failed to parse either. First: Not a string: null; Second: Not a json array: null; Second: Not a JSON object: null; Failed to parse either. First: Failed to parse either. First: Not a string: null; Second: Not a json array: null; Second: Not a JSON object: null; Input is not a list of 4 elements
[22:18:54] [Worker-Main-4/ERROR]: Failed to parse either. First: Failed to parse either. First: Not a string: null; Second: Not a json array: null; Second: Not a JSON object: null; Failed to parse either. First: Failed to parse either. First: Not a string: null; Second: Not a json array: null; Second: Not a JSON object: null; Failed to parse either. First: Failed to parse either. First: Not a string: null; Second: Not a json array: null; Second: Not a JSON object: null; Failed to parse either. First: Failed to parse either. First: Not a string: null; Second: Not a json array: null; Second: Not a JSON object: null; Input is not a list of 4 elements
[22:18:54] [Worker-Main-4/ERROR]: Failed to parse either. First: Failed to parse either. First: Not a string: null; Second: Not a json array: null; Second: Not a JSON object: null; Failed to parse either. First: Failed to parse either. First: Not a string: null; Second: Not a json array: null; Second: Not a JSON object: null; Failed to parse either. First: Failed to parse either. First: Not a string: null; Second: Not a json array: null; Second: Not a JSON object: null; Failed to parse either. First: Failed to parse either. First: Not a string: null; Second: Not a json array: null; Second: Not a JSON object: null; Input is not a list of 4 elements
[22:18:54] [Worker-Main-4/ERROR]: Failed to parse either. First: Failed to parse either. First: Not a string: null; Second: Not a json array: null; Second: Not a JSON object: null; Failed to parse either. First: Failed to parse either. First: Not a string: null; Second: Not a json array: null; Second: Not a JSON object: null; Failed to parse either. First: Failed to parse either. First: Not a string: null; Second: Not a json array: null; Second: Not a JSON object: null; Failed to parse either. First: Failed to parse either. First: Not a string: null; Second: Not a json array: null; Second: Not a JSON object: null; Input is not a list of 4 elements
[22:18:54] [Worker-Main-4/ERROR]: Failed to parse either. First: Failed to parse either. First: Not a string: null; Second: Not a json array: null; Second: Not a JSON object: null; Failed to parse either. First: Failed to parse either. First: Not a string: null; Second: Not a json array: null; Second: Not a JSON object: null; Failed to parse either. First: Failed to parse either. First: Not a string: null; Second: Not a json array: null; Second: Not a JSON object: null; Failed to parse either. First: Failed to parse either. First: Not a string: null; Second: Not a json array: null; Second: Not a JSON object: null; Input is not a list of 4 elements
[22:18:54] [Worker-Main-4/ERROR]: Failed to parse either. First: Failed to parse either. First: Not a string: null; Second: Not a json array: null; Second: Not a JSON object: null; Failed to parse either. First: Failed to parse either. First: Not a string: null; Second: Not a json array: null; Second: Not a JSON object: null; Failed to parse either. First: Failed to parse either. First: Not a string: null; Second: Not a json array: null; Second: Not a JSON object: null; Failed to parse either. First: Failed to parse either. First: Not a string: null; Second: Not a json array: null; Second: Not a JSON object: null; Input is not a list of 4 elements
[22:18:54] [Worker-Main-4/ERROR]: Failed to parse either. First: Failed to parse either. First: Not a string: null; Second: Not a json array: null; Second: Not a JSON object: null; Failed to parse either. First: Failed to parse either. First: Not a string: null; Second: Not a json array: null; Second: Not a JSON object: null; Failed to parse either. First: Failed to parse either. First: Not a string: null; Second: Not a json array: null; Second: Not a JSON object: null; Failed to parse either. First: Failed to parse either. First: Not a string: null; Second: Not a json array: null; Second: Not a JSON object: null; Input is not a list of 4 elements
[22:18:54] [Worker-Main-4/ERROR]: Failed to parse either. First: Failed to parse either. First: Not a string: null; Second: Not a json array: null; Second: Not a JSON object: null; Failed to parse either. First: Failed to parse either. First: Not a string: null; Second: Not a json array: null; Second: Not a JSON object: null; Failed to parse either. First: Failed to parse either. First: Not a string: null; Second: Not a json array: null; Second: Not a JSON object: null; Failed to parse either. First: Failed to parse either. First: Not a string: null; Second: Not a json array: null; Second: Not a JSON object: null; Input is not a list of 4 elements
[22:18:54] [Worker-Main-4/ERROR]: Failed to parse either. First: Failed to parse either. First: Not a string: null; Second: Not a json array: null; Second: Not a JSON object: null; Failed to parse either. First: Failed to parse either. First: Not a string: null; Second: Not a json array: null; Second: Not a JSON object: null; Failed to parse either. First: Failed to parse either. First: Not a string: null; Second: Not a json array: null; Second: Not a JSON object: null; Failed to parse either. First: Failed to parse either. First: Not a string: null; Second: Not a json array: null; Second: Not a JSON object: null; Input is not a list of 4 elements
[22:18:54] [Worker-Main-4/ERROR]: Failed to parse either. First: Failed to parse either. First: Not a string: null; Second: Not a json array: null; Second: Not a JSON object: null; Failed to parse either. First: Failed to parse either. First: Not a string: null; Second: Not a json array: null; Second: Not a JSON object: null; Failed to parse either. First: Failed to parse either. First: Not a string: null; Second: Not a json array: null; Second: Not a JSON object: null; Failed to parse either. First: Failed to parse either. First: Not a string: null; Second: Not a json array: null; Second: Not a JSON object: null; Input is not a list of 4 elements
[22:18:54] [Worker-Main-4/ERROR]: Failed to parse either. First: Failed to parse either. First: Not a string: null; Second: Not a json array: null; Second: Not a JSON object: null; Failed to parse either. First: Failed to parse either. First: Not a string: null; Second: Not a json array: null; Second: Not a JSON object: null; Failed to parse either. First: Failed to parse either. First: Not a string: null; Second: Not a json array: null; Second: Not a JSON object: null; Failed to parse either. First: Failed to parse either. First: Not a string: null; Second: Not a json array: null; Second: Not a JSON object: null; Input is not a list of 4 elements
[22:18:54] [Worker-Main-4/ERROR]: Failed to parse either. First: Failed to parse either. First: Not a string: null; Second: Not a json array: null; Second: Not a JSON object: null; Failed to parse either. First: Failed to parse either. First: Not a string: null; Second: Not a json array: null; Second: Not a JSON object: null; Failed to parse either. First: Failed to parse either. First: Not a string: null; Second: Not a json array: null; Second: Not a JSON object: null; Failed to parse either. First: Failed to parse either. First: Not a string: null; Second: Not a json array: null; Second: Not a JSON object: null; Input is not a list of 4 elements
[22:18:54] [Worker-Main-4/ERROR]: Failed to parse either. First: Failed to parse either. First: Not a string: null; Second: Not a json array: null; Second: Not a JSON object: null; Failed to parse either. First: Failed to parse either. First: Not a string: null; Second: Not a json array: null; Second: Not a JSON object: null; Failed to parse either. First: Failed to parse either. First: Not a string: null; Second: Not a json array: null; Second: Not a JSON object: null; Failed to parse either. First: Failed to parse either. First: Not a string: null; Second: Not a json array: null; Second: Not a JSON object: null; Input is not a list of 4 elements
[22:18:54] [Worker-Main-4/ERROR]: Failed to parse either. First: Failed to parse either. First: Not a string: null; Second: Not a json array: null; Second: Not a JSON object: null; Failed to parse either. First: Failed to parse either. First: Not a string: null; Second: Not a json array: null; Second: Not a JSON object: null; Failed to parse either. First: Failed to parse either. First: Not a string: null; Second: Not a json array: null; Second: Not a JSON object: null; Failed to parse either. First: Failed to parse either. First: Not a string: null; Second: Not a json array: null; Second: Not a JSON object: null; Input is not a list of 4 elements
[22:18:54] [Worker-Main-4/ERROR]: Failed to parse either. First: Failed to parse either. First: Not a string: null; Second: Not a json array: null; Second: Not a JSON object: null; Failed to parse either. First: Failed to parse either. First: Not a string: null; Second: Not a json array: null; Second: Not a JSON object: null; Failed to parse either. First: Failed to parse either. First: Not a string: null; Second: Not a json array: null; Second: Not a JSON object: null; Failed to parse either. First: Failed to parse either. First: Not a string: null; Second: Not a json array: null; Second: Not a JSON object: null; Input is not a list of 4 elements
[22:18:54] [Worker-Main-4/ERROR]: Failed to parse either. First: Failed to parse either. First: Not a string: null; Second: Not a json array: null; Second: Not a JSON object: null; Failed to parse either. First: Failed to parse either. First: Not a string: null; Second: Not a json array: null; Second: Not a JSON object: null; Failed to parse either. First: Failed to parse either. First: Not a string: null; Second: Not a json array: null; Second: Not a JSON object: null; Failed to parse either. First: Failed to parse either. First: Not a string: null; Second: Not a json array: null; Second: Not a JSON object: null; Input is not a list of 4 elements
[22:18:54] [Worker-Main-4/ERROR]: Failed to parse either. First: Failed to parse either. First: Not a string: null; Second: Not a json array: null; Second: Not a JSON object: null; Failed to parse either. First: Failed to parse either. First: Not a string: null; Second: Not a json array: null; Second: Not a JSON object: null; Failed to parse either. First: Failed to parse either. First: Not a string: null; Second: Not a json array: null; Second: Not a JSON object: null; Failed to parse either. First: Failed to parse either. First: Not a string: null; Second: Not a json array: null; Second: Not a JSON object: null; Input is not a list of 4 elements
[22:18:54] [Worker-Main-4/ERROR]: Failed to parse either. First: Failed to parse either. First: Not a string: null; Second: Not a json array: null; Second: Not a JSON object: null; Failed to parse either. First: Failed to parse either. First: Not a string: null; Second: Not a json array: null; Second: Not a JSON object: null; Failed to parse either. First: Failed to parse either. First: Not a string: null; Second: Not a json array: null; Second: Not a JSON object: null; Failed to parse either. First: Failed to parse either. First: Not a string: null; Second: Not a json array: null; Second: Not a JSON object: null; Input is not a list of 4 elements
[22:18:54] [Worker-Main-4/ERROR]: Failed to parse either. First: Failed to parse either. First: Not a string: null; Second: Not a json array: null; Second: Not a JSON object: null; Failed to parse either. First: Failed to parse either. First: Not a string: null; Second: Not a json array: null; Second: Not a JSON object: null; Failed to parse either. First: Failed to parse either. First: Not a string: null; Second: Not a json array: null; Second: Not a JSON object: null; Failed to parse either. First: Failed to parse either. First: Not a string: null; Second: Not a json array: null; Second: Not a JSON object: null; Input is not a list of 4 elements
[22:18:54] [Worker-Main-4/ERROR]: Failed to parse either. First: Failed to parse either. First: Not a string: null; Second: Not a json array: null; Second: Not a JSON object: null; Failed to parse either. First: Failed to parse either. First: Not a string: null; Second: Not a json array: null; Second: Not a JSON object: null; Failed to parse either. First: Failed to parse either. First: Not a string: null; Second: Not a json array: null; Second: Not a JSON object: null; Failed to parse either. First: Failed to parse either. First: Not a string: null; Second: Not a json array: null; Second: Not a JSON object: null; Input is not a list of 4 elements
[22:18:54] [Worker-Main-4/ERROR]: Failed to parse either. First: Failed to parse either. First: Not a string: null; Second: Not a json array: null; Second: Not a JSON object: null; Failed to parse either. First: Failed to parse either. First: Not a string: null; Second: Not a json array: null; Second: Not a JSON object: null; Failed to parse either. First: Failed to parse either. First: Not a string: null; Second: Not a json array: null; Second: Not a JSON object: null; Failed to parse either. First: Failed to parse either. First: Not a string: null; Second: Not a json array: null; Second: Not a JSON object: null; Input is not a list of 4 elements
[22:18:54] [Worker-Main-4/ERROR]: Failed to parse either. First: Failed to parse either. First: Not a string: null; Second: Not a json array: null; Second: Not a JSON object: null; Failed to parse either. First: Failed to parse either. First: Not a string: null; Second: Not a json array: null; Second: Not a JSON object: null; Failed to parse either. First: Failed to parse either. First: Not a string: null; Second: Not a json array: null; Second: Not a JSON object: null; Failed to parse either. First: Failed to parse either. First: Not a string: null; Second: Not a json array: null; Second: Not a JSON object: null; Input is not a list of 4 elements
[22:18:54] [Worker-Main-4/ERROR]: Failed to parse either. First: Failed to parse either. First: Not a string: null; Second: Not a json array: null; Second: Not a JSON object: null; Failed to parse either. First: Failed to parse either. First: Not a string: null; Second: Not a json array: null; Second: Not a JSON object: null; Failed to parse either. First: Failed to parse either. First: Not a string: null; Second: Not a json array: null; Second: Not a JSON object: null; Failed to parse either. First: Failed to parse either. First: Not a string: null; Second: Not a json array: null; Second: Not a JSON object: null; Input is not a list of 4 elements
[22:18:54] [Worker-Main-4/ERROR]: Failed to parse either. First: Failed to parse either. First: Not a string: null; Second: Not a json array: null; Second: Not a JSON object: null; Failed to parse either. First: Failed to parse either. First: Not a string: null; Second: Not a json array: null; Second: Not a JSON object: null; Failed to parse either. First: Failed to parse either. First: Not a string: null; Second: Not a json array: null; Second: Not a JSON object: null; Failed to parse either. First: Failed to parse either. First: Not a string: null; Second: Not a json array: null; Second: Not a JSON object: null; Input is not a list of 4 elements
[22:18:54] [Worker-Main-4/ERROR]: Failed to parse either. First: Failed to parse either. First: Not a string: null; Second: Not a json array: null; Second: Not a JSON object: null; Failed to parse either. First: Failed to parse either. First: Not a string: null; Second: Not a json array: null; Second: Not a JSON object: null; Failed to parse either. First: Failed to parse either. First: Not a string: null; Second: Not a json array: null; Second: Not a JSON object: null; Failed to parse either. First: Failed to parse either. First: Not a string: null; Second: Not a json array: null; Second: Not a JSON object: null; Input is not a list of 4 elements
[22:18:54] [Worker-Main-4/ERROR]: Failed to parse either. First: Failed to parse either. First: Not a string: null; Second: Not a json array: null; Second: Not a JSON object: null; Failed to parse either. First: Failed to parse either. First: Not a string: null; Second: Not a json array: null; Second: Not a JSON object: null; Failed to parse either. First: Failed to parse either. First: Not a string: null; Second: Not a json array: null; Second: Not a JSON object: null; Failed to parse either. First: Failed to parse either. First: Not a string: null; Second: Not a json array: null; Second: Not a JSON object: null; Input is not a list of 4 elements
[22:18:54] [Worker-Main-4/ERROR]: Failed to parse either. First: Failed to parse either. First: Not a string: null; Second: Not a json array: null; Second: Not a JSON object: null; Failed to parse either. First: Failed to parse either. First: Not a string: null; Second: Not a json array: null; Second: Not a JSON object: null; Failed to parse either. First: Failed to parse either. First: Not a string: null; Second: Not a json array: null; Second: Not a JSON object: null; Failed to parse either. First: Failed to parse either. First: Not a string: null; Second: Not a json array: null; Second: Not a JSON object: null; Input is not a list of 4 elements
[22:18:54] [Worker-Main-4/ERROR]: Failed to parse either. First: Failed to parse either. First: Not a string: null; Second: Not a json array: null; Second: Not a JSON object: null; Failed to parse either. First: Failed to parse either. First: Not a string: null; Second: Not a json array: null; Second: Not a JSON object: null; Failed to parse either. First: Failed to parse either. First: Not a string: null; Second: Not a json array: null; Second: Not a JSON object: null; Failed to parse either. First: Failed to parse either. First: Not a string: null; Second: Not a json array: null; Second: Not a JSON object: null; Input is not a list of 4 elements
[22:18:54] [Worker-Main-4/ERROR]: Failed to parse either. First: Failed to parse either. First: Not a string: null; Second: Not a json array: null; Second: Not a JSON object: null; Failed to parse either. First: Failed to parse either. First: Not a string: null; Second: Not a json array: null; Second: Not a JSON object: null; Failed to parse either. First: Failed to parse either. First: Not a string: null; Second: Not a json array: null; Second: Not a JSON object: null; Failed to parse either. First: Failed to parse either. First: Not a string: null; Second: Not a json array: null; Second: Not a JSON object: null; Input is not a list of 4 elements
[22:18:54] [Worker-Main-4/ERROR]: Failed to parse either. First: Failed to parse either. First: Not a string: null; Second: Not a json array: null; Second: Not a JSON object: null; Failed to parse either. First: Failed to parse either. First: Not a string: null; Second: Not a json array: null; Second: Not a JSON object: null; Failed to parse either. First: Failed to parse either. First: Not a string: null; Second: Not a json array: null; Second: Not a JSON object: null; Failed to parse either. First: Failed to parse either. First: Not a string: null; Second: Not a json array: null; Second: Not a JSON object: null; Input is not a list of 4 elements
[22:18:54] [Worker-Main-4/ERROR]: Failed to parse either. First: Failed to parse either. First: Not a string: null; Second: Not a json array: null; Second: Not a JSON object: null; Failed to parse either. First: Failed to parse either. First: Not a string: null; Second: Not a json array: null; Second: Not a JSON object: null; Failed to parse either. First: Failed to parse either. First: Not a string: null; Second: Not a json array: null; Second: Not a JSON object: null; Failed to parse either. First: Failed to parse either. First: Not a string: null; Second: Not a json array: null; Second: Not a JSON object: null; Input is not a list of 4 elements
[22:18:54] [Worker-Main-4/ERROR]: Failed to parse either. First: Failed to parse either. First: Not a string: null; Second: Not a json array: null; Second: Not a JSON object: null; Failed to parse either. First: Failed to parse either. First: Not a string: null; Second: Not a json array: null; Second: Not a JSON object: null; Failed to parse either. First: Failed to parse either. First: Not a string: null; Second: Not a json array: null; Second: Not a JSON object: null; Failed to parse either. First: Failed to parse either. First: Not a string: null; Second: Not a json array: null; Second: Not a JSON object: null; Input is not a list of 4 elements
[22:18:54] [Worker-Main-4/ERROR]: Failed to parse either. First: Failed to parse either. First: Not a string: null; Second: Not a json array: null; Second: Not a JSON object: null; Failed to parse either. First: Failed to parse either. First: Not a string: null; Second: Not a json array: null; Second: Not a JSON object: null; Failed to parse either. First: Failed to parse either. First: Not a string: null; Second: Not a json array: null; Second: Not a JSON object: null; Failed to parse either. First: Failed to parse either. First: Not a string: null; Second: Not a json array: null; Second: Not a JSON object: null; Input is not a list of 4 elements
[22:18:54] [Worker-Main-4/ERROR]: Failed to parse either. First: Failed to parse either. First: Not a string: null; Second: Not a json array: null; Second: Not a JSON object: null; Failed to parse either. First: Failed to parse either. First: Not a string: null; Second: Not a json array: null; Second: Not a JSON object: null; Failed to parse either. First: Failed to parse either. First: Not a string: null; Second: Not a json array: null; Second: Not a JSON object: null; Failed to parse either. First: Failed to parse either. First: Not a string: null; Second: Not a json array: null; Second: Not a JSON object: null; Input is not a list of 4 elements
[22:18:54] [Worker-Main-4/ERROR]: Failed to parse either. First: Failed to parse either. First: Not a string: null; Second: Not a json array: null; Second: Not a JSON object: null; Failed to parse either. First: Failed to parse either. First: Not a string: null; Second: Not a json array: null; Second: Not a JSON object: null; Failed to parse either. First: Failed to parse either. First: Not a string: null; Second: Not a json array: null; Second: Not a JSON object: null; Failed to parse either. First: Failed to parse either. First: Not a string: null; Second: Not a json array: null; Second: Not a JSON object: null; Input is not a list of 4 elements
[22:18:54] [Worker-Main-4/ERROR]: Failed to parse either. First: Failed to parse either. First: Not a string: null; Second: Not a json array: null; Second: Not a JSON object: null; Failed to parse either. First: Failed to parse either. First: Not a string: null; Second: Not a json array: null; Second: Not a JSON object: null; Failed to parse either. First: Failed to parse either. First: Not a string: null; Second: Not a json array: null; Second: Not a JSON object: null; Failed to parse either. First: Failed to parse either. First: Not a string: null; Second: Not a json array: null; Second: Not a JSON object: null; Input is not a list of 4 elements
[22:18:54] [Worker-Main-4/ERROR]: Failed to parse either. First: Failed to parse either. First: Not a string: null; Second: Not a json array: null; Second: Not a JSON object: null; Failed to parse either. First: Failed to parse either. First: Not a string: null; Second: Not a json array: null; Second: Not a JSON object: null; Failed to parse either. First: Failed to parse either. First: Not a string: null; Second: Not a json array: null; Second: Not a JSON object: null; Failed to parse either. First: Failed to parse either. First: Not a string: null; Second: Not a json array: null; Second: Not a JSON object: null; Input is not a list of 4 elements
[22:18:54] [Worker-Main-4/ERROR]: Failed to parse either. First: Failed to parse either. First: Not a string: null; Second: Not a json array: null; Second: Not a JSON object: null; Failed to parse either. First: Failed to parse either. First: Not a string: null; Second: Not a json array: null; Second: Not a JSON object: null; Failed to parse either. First: Failed to parse either. First: Not a string: null; Second: Not a json array: null; Second: Not a JSON object: null; Failed to parse either. First: Failed to parse either. First: Not a string: null; Second: Not a json array: null; Second: Not a JSON object: null; Input is not a list of 4 elements
[22:18:54] [Worker-Main-4/ERROR]: Failed to parse either. First: Failed to parse either. First: Not a string: null; Second: Not a json array: null; Second: Not a JSON object: null; Failed to parse either. First: Failed to parse either. First: Not a string: null; Second: Not a json array: null; Second: Not a JSON object: null; Failed to parse either. First: Failed to parse either. First: Not a string: null; Second: Not a json array: null; Second: Not a JSON object: null; Failed to parse either. First: Failed to parse either. First: Not a string: null; Second: Not a json array: null; Second: Not a JSON object: null; Input is not a list of 4 elements
[22:18:54] [Worker-Main-4/ERROR]: Failed to parse either. First: Failed to parse either. First: Not a string: null; Second: Not a json array: null; Second: Not a JSON object: null; Failed to parse either. First: Failed to parse either. First: Not a string: null; Second: Not a json array: null; Second: Not a JSON object: null; Failed to parse either. First: Failed to parse either. First: Not a string: null; Second: Not a json array: null; Second: Not a JSON object: null; Failed to parse either. First: Failed to parse either. First: Not a string: null; Second: Not a json array: null; Second: Not a JSON object: null; Input is not a list of 4 elements
[22:18:54] [Worker-Main-4/ERROR]: Failed to parse either. First: Failed to parse either. First: Not a string: null; Second: Not a json array: null; Second: Not a JSON object: null; Failed to parse either. First: Failed to parse either. First: Not a string: null; Second: Not a json array: null; Second: Not a JSON object: null; Failed to parse either. First: Failed to parse either. First: Not a string: null; Second: Not a json array: null; Second: Not a JSON object: null; Failed to parse either. First: Failed to parse either. First: Not a string: null; Second: Not a json array: null; Second: Not a JSON object: null; Input is not a list of 4 elements
[22:18:54] [Worker-Main-4/ERROR]: Failed to parse either. First: Failed to parse either. First: Not a string: null; Second: Not a json array: null; Second: Not a JSON object: null; Failed to parse either. First: Failed to parse either. First: Not a string: null; Second: Not a json array: null; Second: Not a JSON object: null; Failed to parse either. First: Failed to parse either. First: Not a string: null; Second: Not a json array: null; Second: Not a JSON object: null; Failed to parse either. First: Failed to parse either. First: Not a string: null; Second: Not a json array: null; Second: Not a JSON object: null; Input is not a list of 4 elements
[22:18:54] [Worker-Main-4/ERROR]: Failed to parse either. First: Failed to parse either. First: Not a string: null; Second: Not a json array: null; Second: Not a JSON object: null; Failed to parse either. First: Failed to parse either. First: Not a string: null; Second: Not a json array: null; Second: Not a JSON object: null; Failed to parse either. First: Failed to parse either. First: Not a string: null; Second: Not a json array: null; Second: Not a JSON object: null; Failed to parse either. First: Failed to parse either. First: Not a string: null; Second: Not a json array: null; Second: Not a JSON object: null; Input is not a list of 4 elements
[22:18:54] [Worker-Main-4/ERROR]: Failed to parse either. First: Failed to parse either. First: Not a string: null; Second: Not a json array: null; Second: Not a JSON object: null; Failed to parse either. First: Failed to parse either. First: Not a string: null; Second: Not a json array: null; Second: Not a JSON object: null; Failed to parse either. First: Failed to parse either. First: Not a string: null; Second: Not a json array: null; Second: Not a JSON object: null; Failed to parse either. First: Failed to parse either. First: Not a string: null; Second: Not a json array: null; Second: Not a JSON object: null; Input is not a list of 4 elements
[22:18:54] [Worker-Main-4/ERROR]: Failed to parse either. First: Failed to parse either. First: Not a string: null; Second: Not a json array: null; Second: Not a JSON object: null; Failed to parse either. First: Failed to parse either. First: Not a string: null; Second: Not a json array: null; Second: Not a JSON object: null; Failed to parse either. First: Failed to parse either. First: Not a string: null; Second: Not a json array: null; Second: Not a JSON object: null; Failed to parse either. First: Failed to parse either. First: Not a string: null; Second: Not a json array: null; Second: Not a JSON object: null; Input is not a list of 4 elements
[22:18:54] [Worker-Main-4/ERROR]: Failed to parse either. First: Failed to parse either. First: Not a string: null; Second: Not a json array: null; Second: Not a JSON object: null; Failed to parse either. First: Failed to parse either. First: Not a string: null; Second: Not a json array: null; Second: Not a JSON object: null; Failed to parse either. First: Failed to parse either. First: Not a string: null; Second: Not a json array: null; Second: Not a JSON object: null; Failed to parse either. First: Failed to parse either. First: Not a string: null; Second: Not a json array: null; Second: Not a JSON object: null; Input is not a list of 4 elements
[22:18:54] [Worker-Main-4/ERROR]: Failed to parse either. First: Failed to parse either. First: Not a string: null; Second: Not a json array: null; Second: Not a JSON object: null; Failed to parse either. First: Failed to parse either. First: Not a string: null; Second: Not a json array: null; Second: Not a JSON object: null; Failed to parse either. First: Failed to parse either. First: Not a string: null; Second: Not a json array: null; Second: Not a JSON object: null; Failed to parse either. First: Failed to parse either. First: Not a string: null; Second: Not a json array: null; Second: Not a JSON object: null; Input is not a list of 4 elements
[22:18:54] [Worker-Main-4/ERROR]: Failed to parse either. First: Failed to parse either. First: Not a string: null; Second: Not a json array: null; Second: Not a JSON object: null; Failed to parse either. First: Failed to parse either. First: Not a string: null; Second: Not a json array: null; Second: Not a JSON object: null; Failed to parse either. First: Failed to parse either. First: Not a string: null; Second: Not a json array: null; Second: Not a JSON object: null; Failed to parse either. First: Failed to parse either. First: Not a string: null; Second: Not a json array: null; Second: Not a JSON object: null; Input is not a list of 4 elements
[22:18:54] [Worker-Main-4/ERROR]: Failed to parse either. First: Failed to parse either. First: Not a string: null; Second: Not a json array: null; Second: Not a JSON object: null; Failed to parse either. First: Failed to parse either. First: Not a string: null; Second: Not a json array: null; Second: Not a JSON object: null; Failed to parse either. First: Failed to parse either. First: Not a string: null; Second: Not a json array: null; Second: Not a JSON object: null; Failed to parse either. First: Failed to parse either. First: Not a string: null; Second: Not a json array: null; Second: Not a JSON object: null; Input is not a list of 4 elements
[22:18:54] [Worker-Main-4/ERROR]: Failed to parse either. First: Failed to parse either. First: Not a string: null; Second: Not a json array: null; Second: Not a JSON object: null; Failed to parse either. First: Failed to parse either. First: Not a string: null; Second: Not a json array: null; Second: Not a JSON object: null; Failed to parse either. First: Failed to parse either. First: Not a string: null; Second: Not a json array: null; Second: Not a JSON object: null; Failed to parse either. First: Failed to parse either. First: Not a string: null; Second: Not a json array: null; Second: Not a JSON object: null; Input is not a list of 4 elements
[22:18:54] [Worker-Main-4/ERROR]: Failed to parse either. First: Failed to parse either. First: Not a string: null; Second: Not a json array: null; Second: Not a JSON object: null; Failed to parse either. First: Failed to parse either. First: Not a string: null; Second: Not a json array: null; Second: Not a JSON object: null; Failed to parse either. First: Failed to parse either. First: Not a string: null; Second: Not a json array: null; Second: Not a JSON object: null; Failed to parse either. First: Failed to parse either. First: Not a string: null; Second: Not a json array: null; Second: Not a JSON object: null; Input is not a list of 4 elements
[22:18:54] [Worker-Main-4/ERROR]: Failed to parse either. First: Failed to parse either. First: Not a string: null; Second: Not a json array: null; Second: Not a JSON object: null; Failed to parse either. First: Failed to parse either. First: Not a string: null; Second: Not a json array: null; Second: Not a JSON object: null; Failed to parse either. First: Failed to parse either. First: Not a string: null; Second: Not a json array: null; Second: Not a JSON object: null; Failed to parse either. First: Failed to parse either. First: Not a string: null; Second: Not a json array: null; Second: Not a JSON object: null; Input is not a list of 4 elements
[22:18:54] [Worker-Main-4/ERROR]: Failed to parse either. First: Failed to parse either. First: Not a string: null; Second: Not a json array: null; Second: Not a JSON object: null; Failed to parse either. First: Failed to parse either. First: Not a string: null; Second: Not a json array: null; Second: Not a JSON object: null; Failed to parse either. First: Failed to parse either. First: Not a string: null; Second: Not a json array: null; Second: Not a JSON object: null; Failed to parse either. First: Failed to parse either. First: Not a string: null; Second: Not a json array: null; Second: Not a JSON object: null; Input is not a list of 4 elements
[22:18:54] [Worker-Main-4/ERROR]: Failed to parse either. First: Failed to parse either. First: Not a string: null; Second: Not a json array: null; Second: Not a JSON object: null; Failed to parse either. First: Failed to parse either. First: Not a string: null; Second: Not a json array: null; Second: Not a JSON object: null; Failed to parse either. First: Failed to parse either. First: Not a string: null; Second: Not a json array: null; Second: Not a JSON object: null; Failed to parse either. First: Failed to parse either. First: Not a string: null; Second: Not a json array: null; Second: Not a JSON object: null; Input is not a list of 4 elements
[22:18:54] [Worker-Main-4/ERROR]: Failed to parse either. First: Failed to parse either. First: Not a string: null; Second: Not a json array: null; Second: Not a JSON object: null; Failed to parse either. First: Failed to parse either. First: Not a string: null; Second: Not a json array: null; Second: Not a JSON object: null; Failed to parse either. First: Failed to parse either. First: Not a string: null; Second: Not a json array: null; Second: Not a JSON object: null; Failed to parse either. First: Failed to parse either. First: Not a string: null; Second: Not a json array: null; Second: Not a JSON object: null; Input is not a list of 4 elements
[22:18:54] [Worker-Main-4/ERROR]: Failed to parse either. First: Failed to parse either. First: Not a string: null; Second: Not a json array: null; Second: Not a JSON object: null; Failed to parse either. First: Failed to parse either. First: Not a string: null; Second: Not a json array: null; Second: Not a JSON object: null; Failed to parse either. First: Failed to parse either. First: Not a string: null; Second: Not a json array: null; Second: Not a JSON object: null; Failed to parse either. First: Failed to parse either. First: Not a string: null; Second: Not a json array: null; Second: Not a JSON object: null; Input is not a list of 4 elements
[22:18:54] [Worker-Main-4/ERROR]: Failed to parse either. First: Failed to parse either. First: Not a string: null; Second: Not a json array: null; Second: Not a JSON object: null; Failed to parse either. First: Failed to parse either. First: Not a string: null; Second: Not a json array: null; Second: Not a JSON object: null; Failed to parse either. First: Failed to parse either. First: Not a string: null; Second: Not a json array: null; Second: Not a JSON object: null; Failed to parse either. First: Failed to parse either. First: Not a string: null; Second: Not a json array: null; Second: Not a JSON object: null; Input is not a list of 4 elements
[22:18:54] [Worker-Main-4/ERROR]: Failed to parse either. First: Failed to parse either. First: Not a string: null; Second: Not a json array: null; Second: Not a JSON object: null; Failed to parse either. First: Failed to parse either. First: Not a string: null; Second: Not a json array: null; Second: Not a JSON object: null; Failed to parse either. First: Failed to parse either. First: Not a string: null; Second: Not a json array: null; Second: Not a JSON object: null; Failed to parse either. First: Failed to parse either. First: Not a string: null; Second: Not a json array: null; Second: Not a JSON object: null; Input is not a list of 4 elements
[22:18:54] [Worker-Main-4/ERROR]: Failed to parse either. First: Failed to parse either. First: Not a string: null; Second: Not a json array: null; Second: Not a JSON object: null; Failed to parse either. First: Failed to parse either. First: Not a string: null; Second: Not a json array: null; Second: Not a JSON object: null; Failed to parse either. First: Failed to parse either. First: Not a string: null; Second: Not a json array: null; Second: Not a JSON object: null; Failed to parse either. First: Failed to parse either. First: Not a string: null; Second: Not a json array: null; Second: Not a JSON object: null; Input is not a list of 4 elements
[22:18:54] [Worker-Main-4/ERROR]: Failed to parse either. First: Failed to parse either. First: Not a string: null; Second: Not a json array: null; Second: Not a JSON object: null; Failed to parse either. First: Failed to parse either. First: Not a string: null; Second: Not a json array: null; Second: Not a JSON object: null; Failed to parse either. First: Failed to parse either. First: Not a string: null; Second: Not a json array: null; Second: Not a JSON object: null; Failed to parse either. First: Failed to parse either. First: Not a string: null; Second: Not a json array: null; Second: Not a JSON object: null; Input is not a list of 4 elements
[22:18:54] [Worker-Main-4/ERROR]: Failed to parse either. First: Failed to parse either. First: Not a string: null; Second: Not a json array: null; Second: Not a JSON object: null; Failed to parse either. First: Failed to parse either. First: Not a string: null; Second: Not a json array: null; Second: Not a JSON object: null; Failed to parse either. First: Failed to parse either. First: Not a string: null; Second: Not a json array: null; Second: Not a JSON object: null; Failed to parse either. First: Failed to parse either. First: Not a string: null; Second: Not a json array: null; Second: Not a JSON object: null; Input is not a list of 4 elements
[22:18:54] [Worker-Main-4/ERROR]: Failed to parse either. First: Failed to parse either. First: Not a string: null; Second: Not a json array: null; Second: Not a JSON object: null; Failed to parse either. First: Failed to parse either. First: Not a string: null; Second: Not a json array: null; Second: Not a JSON object: null; Failed to parse either. First: Failed to parse either. First: Not a string: null; Second: Not a json array: null; Second: Not a JSON object: null; Failed to parse either. First: Failed to parse either. First: Not a string: null; Second: Not a json array: null; Second: Not a JSON object: null; Input is not a list of 4 elements
[22:18:54] [Worker-Main-4/ERROR]: Failed to parse either. First: Failed to parse either. First: Not a string: null; Second: Not a json array: null; Second: Not a JSON object: null; Failed to parse either. First: Failed to parse either. First: Not a string: null; Second: Not a json array: null; Second: Not a JSON object: null; Failed to parse either. First: Failed to parse either. First: Not a string: null; Second: Not a json array: null; Second: Not a JSON object: null; Failed to parse either. First: Failed to parse either. First: Not a string: null; Second: Not a json array: null; Second: Not a JSON object: null; Input is not a list of 4 elements
[22:18:54] [Worker-Main-4/ERROR]: Failed to parse either. First: Failed to parse either. First: Not a string: null; Second: Not a json array: null; Second: Not a JSON object: null; Failed to parse either. First: Failed to parse either. First: Not a string: null; Second: Not a json array: null; Second: Not a JSON object: null; Failed to parse either. First: Failed to parse either. First: Not a string: null; Second: Not a json array: null; Second: Not a JSON object: null; Failed to parse either. First: Failed to parse either. First: Not a string: null; Second: Not a json array: null; Second: Not a JSON object: null; Input is not a list of 4 elements
[22:18:54] [Worker-Main-4/ERROR]: Failed to parse either. First: Failed to parse either. First: Not a string: null; Second: Not a json array: null; Second: Not a JSON object: null; Failed to parse either. First: Failed to parse either. First: Not a string: null; Second: Not a json array: null; Second: Not a JSON object: null; Failed to parse either. First: Failed to parse either. First: Not a string: null; Second: Not a json array: null; Second: Not a JSON object: null; Failed to parse either. First: Failed to parse either. First: Not a string: null; Second: Not a json array: null; Second: Not a JSON object: null; Input is not a list of 4 elements
[22:18:54] [Worker-Main-4/ERROR]: Failed to parse either. First: Failed to parse either. First: Not a string: null; Second: Not a json array: null; Second: Not a JSON object: null; Failed to parse either. First: Failed to parse either. First: Not a string: null; Second: Not a json array: null; Second: Not a JSON object: null; Failed to parse either. First: Failed to parse either. First: Not a string: null; Second: Not a json array: null; Second: Not a JSON object: null; Failed to parse either. First: Failed to parse either. First: Not a string: null; Second: Not a json array: null; Second: Not a JSON object: null; Input is not a list of 4 elements
[22:18:54] [Worker-Main-4/ERROR]: Failed to parse either. First: Failed to parse either. First: Not a string: null; Second: Not a json array: null; Second: Not a JSON object: null; Failed to parse either. First: Failed to parse either. First: Not a string: null; Second: Not a json array: null; Second: Not a JSON object: null; Failed to parse either. First: Failed to parse either. First: Not a string: null; Second: Not a json array: null; Second: Not a JSON object: null; Failed to parse either. First: Failed to parse either. First: Not a string: null; Second: Not a json array: null; Second: Not a JSON object: null; Input is not a list of 4 elements
[22:18:54] [Worker-Main-4/ERROR]: Failed to parse either. First: Failed to parse either. First: Not a string: null; Second: Not a json array: null; Second: Not a JSON object: null; Failed to parse either. First: Failed to parse either. First: Not a string: null; Second: Not a json array: null; Second: Not a JSON object: null; Failed to parse either. First: Failed to parse either. First: Not a string: null; Second: Not a json array: null; Second: Not a JSON object: null; Failed to parse either. First: Failed to parse either. First: Not a string: null; Second: Not a json array: null; Second: Not a JSON object: null; Input is not a list of 4 elements
[22:18:54] [Worker-Main-4/ERROR]: Failed to parse either. First: Failed to parse either. First: Not a string: null; Second: Not a json array: null; Second: Not a JSON object: null; Failed to parse either. First: Failed to parse either. First: Not a string: null; Second: Not a json array: null; Second: Not a JSON object: null; Failed to parse either. First: Failed to parse either. First: Not a string: null; Second: Not a json array: null; Second: Not a JSON object: null; Failed to parse either. First: Failed to parse either. First: Not a string: null; Second: Not a json array: null; Second: Not a JSON object: null; Input is not a list of 4 elements
[22:18:54] [Worker-Main-4/ERROR]: Failed to parse either. First: Failed to parse either. First: Not a string: null; Second: Not a json array: null; Second: Not a JSON object: null; Failed to parse either. First: Failed to parse either. First: Not a string: null; Second: Not a json array: null; Second: Not a JSON object: null; Failed to parse either. First: Failed to parse either. First: Not a string: null; Second: Not a json array: null; Second: Not a JSON object: null; Failed to parse either. First: Failed to parse either. First: Not a string: null; Second: Not a json array: null; Second: Not a JSON object: null; Input is not a list of 4 elements
[22:18:54] [Worker-Main-4/ERROR]: Failed to parse either. First: Failed to parse either. First: Not a string: null; Second: Not a json array: null; Second: Not a JSON object: null; Failed to parse either. First: Failed to parse either. First: Not a string: null; Second: Not a json array: null; Second: Not a JSON object: null; Failed to parse either. First: Failed to parse either. First: Not a string: null; Second: Not a json array: null; Second: Not a JSON object: null; Failed to parse either. First: Failed to parse either. First: Not a string: null; Second: Not a json array: null; Second: Not a JSON object: null; Input is not a list of 4 elements
[22:18:54] [Worker-Main-4/ERROR]: Failed to parse either. First: Failed to parse either. First: Not a string: null; Second: Not a json array: null; Second: Not a JSON object: null; Failed to parse either. First: Failed to parse either. First: Not a string: null; Second: Not a json array: null; Second: Not a JSON object: null; Failed to parse either. First: Failed to parse either. First: Not a string: null; Second: Not a json array: null; Second: Not a JSON object: null; Failed to parse either. First: Failed to parse either. First: Not a string: null; Second: Not a json array: null; Second: Not a JSON object: null; Input is not a list of 4 elements
[22:18:54] [Worker-Main-4/ERROR]: Failed to parse either. First: Failed to parse either. First: Not a string: null; Second: Not a json array: null; Second: Not a JSON object: null; Failed to parse either. First: Failed to parse either. First: Not a string: null; Second: Not a json array: null; Second: Not a JSON object: null; Failed to parse either. First: Failed to parse either. First: Not a string: null; Second: Not a json array: null; Second: Not a JSON object: null; Failed to parse either. First: Failed to parse either. First: Not a string: null; Second: Not a json array: null; Second: Not a JSON object: null; Input is not a list of 4 elements
[22:18:54] [Worker-Main-4/ERROR]: Failed to parse either. First: Failed to parse either. First: Not a string: null; Second: Not a json array: null; Second: Not a JSON object: null; Failed to parse either. First: Failed to parse either. First: Not a string: null; Second: Not a json array: null; Second: Not a JSON object: null; Failed to parse either. First: Failed to parse either. First: Not a string: null; Second: Not a json array: null; Second: Not a JSON object: null; Failed to parse either. First: Failed to parse either. First: Not a string: null; Second: Not a json array: null; Second: Not a JSON object: null; Input is not a list of 4 elements
[22:18:54] [Worker-Main-4/ERROR]: Failed to parse either. First: Failed to parse either. First: Not a string: null; Second: Not a json array: null; Second: Not a JSON object: null; Failed to parse either. First: Failed to parse either. First: Not a string: null; Second: Not a json array: null; Second: Not a JSON object: null; Failed to parse either. First: Failed to parse either. First: Not a string: null; Second: Not a json array: null; Second: Not a JSON object: null; Failed to parse either. First: Failed to parse either. First: Not a string: null; Second: Not a json array: null; Second: Not a JSON object: null; Input is not a list of 4 elements
[22:18:54] [Worker-Main-4/ERROR]: Failed to parse either. First: Failed to parse either. First: Not a string: null; Second: Not a json array: null; Second: Not a JSON object: null; Failed to parse either. First: Failed to parse either. First: Not a string: null; Second: Not a json array: null; Second: Not a JSON object: null; Failed to parse either. First: Failed to parse either. First: Not a string: null; Second: Not a json array: null; Second: Not a JSON object: null; Failed to parse either. First: Failed to parse either. First: Not a string: null; Second: Not a json array: null; Second: Not a JSON object: null; Input is not a list of 4 elements
[22:18:54] [Worker-Main-4/ERROR]: Failed to parse either. First: Failed to parse either. First: Not a string: null; Second: Not a json array: null; Second: Not a JSON object: null; Failed to parse either. First: Failed to parse either. First: Not a string: null; Second: Not a json array: null; Second: Not a JSON object: null; Failed to parse either. First: Failed to parse either. First: Not a string: null; Second: Not a json array: null; Second: Not a JSON object: null; Failed to parse either. First: Failed to parse either. First: Not a string: null; Second: Not a json array: null; Second: Not a JSON object: null; Input is not a list of 4 elements
[22:18:54] [Worker-Main-4/ERROR]: Failed to parse either. First: Failed to parse either. First: Not a string: null; Second: Not a json array: null; Second: Not a JSON object: null; Failed to parse either. First: Failed to parse either. First: Not a string: null; Second: Not a json array: null; Second: Not a JSON object: null; Failed to parse either. First: Failed to parse either. First: Not a string: null; Second: Not a json array: null; Second: Not a JSON object: null; Failed to parse either. First: Failed to parse either. First: Not a string: null; Second: Not a json array: null; Second: Not a JSON object: null; Input is not a list of 4 elements
[22:18:54] [Worker-Main-4/ERROR]: Failed to parse either. First: Failed to parse either. First: Not a string: null; Second: Not a json array: null; Second: Not a JSON object: null; Failed to parse either. First: Failed to parse either. First: Not a string: null; Second: Not a json array: null; Second: Not a JSON object: null; Failed to parse either. First: Failed to parse either. First: Not a string: null; Second: Not a json array: null; Second: Not a JSON object: null; Failed to parse either. First: Failed to parse either. First: Not a string: null; Second: Not a json array: null; Second: Not a JSON object: null; Input is not a list of 4 elements
[22:18:54] [Worker-Main-4/ERROR]: Failed to parse either. First: Failed to parse either. First: Not a string: null; Second: Not a json array: null; Second: Not a JSON object: null; Failed to parse either. First: Failed to parse either. First: Not a string: null; Second: Not a json array: null; Second: Not a JSON object: null; Failed to parse either. First: Failed to parse either. First: Not a string: null; Second: Not a json array: null; Second: Not a JSON object: null; Failed to parse either. First: Failed to parse either. First: Not a string: null; Second: Not a json array: null; Second: Not a JSON object: null; Input is not a list of 4 elements
[22:19:13] [Server thread/INFO]: [Chunky] Task running for minecraft:overworld. Processed: 14156 chunks (87.77%), ETA: 0:00:52, Rate: 37.3 cps, Current: -63, 16
[22:19:14] [Server thread/INFO]: [Chunky] Task running for minecraft:overworld. Processed: 14175 chunks (87.89%), ETA: 0:01:36, Rate: 20.3 cps, Current: -63, 29
[22:19:16] [Server thread/INFO]: [Chunky] Task running for minecraft:overworld. Processed: 14196 chunks (88.02%), ETA: 0:02:13, Rate: 14.5 cps, Current: -62, 18
[22:19:17] [Server thread/INFO]: [Chunky] Task running for minecraft:overworld. Processed: 14199 chunks (88.03%), ETA: 0:02:42, Rate: 11.9 cps, Current: -62, 20
[22:19:18] [Server thread/INFO]: [Chunky] Task running for minecraft:overworld. Processed: 14217 chunks (88.15%), ETA: 0:02:28, Rate: 12.9 cps, Current: -61, 7
[22:19:19] [Server thread/INFO]: [Chunky] Task running for minecraft:overworld. Processed: 14228 chunks (88.21%), ETA: 0:02:31, Rate: 12.5 cps, Current: -61, 16
[22:19:21] [Server thread/INFO]: [Chunky] Task running for minecraft:overworld. Processed: 14240 chunks (88.29%), ETA: 0:02:41, Rate: 11.7 cps, Current: -61, 30
[22:19:22] [Server thread/INFO]: [Chunky] Task running for minecraft:overworld. Processed: 14249 chunks (88.34%), ETA: 0:02:45, Rate: 11.4 cps, Current: -60, 19
[22:19:23] [Server thread/INFO]: [Chunky] Task running for minecraft:overworld. Processed: 14258 chunks (88.40%), ETA: 0:02:50, Rate: 11.0 cps, Current: -60, 10
[22:19:24] [Server thread/INFO]: [Chunky] Task running for minecraft:overworld. Processed: 14273 chunks (88.49%), ETA: 0:02:43, Rate: 11.3 cps, Current: -60, 31
[22:19:25] [Server thread/INFO]: [Chunky] Task running for minecraft:overworld. Processed: 14280 chunks (88.54%), ETA: 0:02:51, Rate: 10.8 cps, Current: -59, 14
[22:19:26] [Server thread/INFO]: [Chunky] Task running for minecraft:overworld. Processed: 14292 chunks (88.61%), ETA: 0:02:49, Rate: 10.9 cps, Current: -59, 18
[22:19:27] [Server thread/INFO]: [Chunky] Task running for minecraft:overworld. Processed: 14300 chunks (88.66%), ETA: 0:02:52, Rate: 10.6 cps, Current: -59, 25
[22:19:28] [Server thread/INFO]: [Chunky] Task running for minecraft:overworld. Processed: 14310 chunks (88.72%), ETA: 0:02:55, Rate: 10.4 cps, Current: -58, 3
[22:19:30] [Server thread/INFO]: [Chunky] Task running for minecraft:overworld. Processed: 14326 chunks (88.82%), ETA: 0:02:51, Rate: 10.5 cps, Current: -58, 20
[22:19:31] [Server thread/INFO]: [Chunky] Task running for minecraft:overworld. Processed: 14338 chunks (88.90%), ETA: 0:02:48, Rate: 10.6 cps, Current: -58, 31
[22:19:32] [Server thread/INFO]: [Chunky] Task running for minecraft:overworld. Processed: 14353 chunks (88.99%), ETA: 0:02:44, Rate: 10.8 cps, Current: -57, 15
[22:19:33] [Server thread/INFO]: [Chunky] Task running for minecraft:overworld. Processed: 14361 chunks (89.04%), ETA: 0:02:49, Rate: 10.4 cps, Current: -57, 20
[22:19:34] [Server thread/INFO]: [Chunky] Task running for minecraft:overworld. Processed: 14375 chunks (89.13%), ETA: 0:02:46, Rate: 10.5 cps, Current: -56, 5
[22:19:36] [Server thread/INFO]: [Chunky] Task running for minecraft:overworld. Processed: 14381 chunks (89.16%), ETA: 0:02:51, Rate: 10.2 cps, Current: -56, 11
[22:19:37] [Server thread/INFO]: [Chunky] Task running for minecraft:overworld. Processed: 14404 chunks (89.30%), ETA: 0:02:41, Rate: 10.7 cps, Current: -55, 2
[22:19:39] [Server thread/INFO]: [Chunky] Task running for minecraft:overworld. Processed: 14412 chunks (89.35%), ETA: 0:02:49, Rate: 10.2 cps, Current: -55, 20
[22:19:40] [Server thread/INFO]: [Chunky] Task running for minecraft:overworld. Processed: 14428 chunks (89.45%), ETA: 0:02:43, Rate: 10.4 cps, Current: -55, 26
[22:19:41] [Server thread/INFO]: [Chunky] Task running for minecraft:overworld. Processed: 14436 chunks (89.50%), ETA: 0:02:45, Rate: 10.2 cps, Current: -55, 31
[22:19:42] [Server thread/INFO]: [Chunky] Task running for minecraft:overworld. Processed: 14461 chunks (89.66%), ETA: 0:02:37, Rate: 10.6 cps, Current: -54, 26
[22:19:43] [Server thread/WARN]: Couldn't set damage of loot item 1 minecraft:iron_ingot
[22:19:43] [Server thread/WARN]: Couldn't set damage of loot item 1 minecraft:iron_nugget
[22:19:43] [Server thread/WARN]: Couldn't set damage of loot item 1 minecraft:iron_nugget
[22:19:43] [Server thread/WARN]: Couldn't set damage of loot item 1 minecraft:iron_nugget
[22:19:43] [Server thread/WARN]: Couldn't set damage of loot item 1 minecraft:iron_nugget
[22:19:43] [Server thread/WARN]: Couldn't set damage of loot item 1 minecraft:iron_nugget
[22:19:43] [Server thread/WARN]: Couldn't set damage of loot item 1 minecraft:iron_ingot
[22:19:44] [Server thread/INFO]: [Chunky] Task running for minecraft:overworld. Processed: 14470 chunks (89.71%), ETA: 0:02:50, Rate: 9.7 cps, Current: -54, 30
[22:19:45] [Server thread/INFO]: [Chunky] Task running for minecraft:overworld. Processed: 14502 chunks (89.91%), ETA: 0:02:34, Rate: 10.6 cps, Current: -53, 30
[22:19:46] [Server thread/INFO]: [Chunky] Task running for minecraft:overworld. Processed: 14503 chunks (89.92%), ETA: 0:02:35, Rate: 10.5 cps, Current: -52, 6
[22:19:47] [Server thread/INFO]: [Chunky] Task running for minecraft:overworld. Processed: 14509 chunks (89.96%), ETA: 0:02:41, Rate: 10.0 cps, Current: -52, 9
[22:19:48] [Server thread/INFO]: [Chunky] Task running for minecraft:overworld. Processed: 14530 chunks (90.09%), ETA: 0:02:34, Rate: 10.4 cps, Current: -51, 15
[22:19:50] [Server thread/INFO]: [Chunky] Task running for minecraft:overworld. Processed: 14550 chunks (90.21%), ETA: 0:02:26, Rate: 10.7 cps, Current: -51, 20
[22:19:51] [Server thread/INFO]: [Chunky] Task running for minecraft:overworld. Processed: 14554 chunks (90.23%), ETA: 0:02:29, Rate: 10.5 cps, Current: -50, 8
[22:19:52] [Server thread/INFO]: [Chunky] Task running for minecraft:overworld. Processed: 14573 chunks (90.35%), ETA: 0:02:22, Rate: 10.9 cps, Current: -50, 11
[22:19:53] [Server thread/INFO]: [Chunky] Task running for minecraft:overworld. Processed: 14579 chunks (90.39%), ETA: 0:02:28, Rate: 10.5 cps, Current: -50, 18
[22:19:55] [Server thread/INFO]: [Chunky] Task running for minecraft:overworld. Processed: 14596 chunks (90.50%), ETA: 0:02:22, Rate: 10.8 cps, Current: -49, 2
[22:19:56] [Server thread/INFO]: [Chunky] Task running for minecraft:overworld. Processed: 14615 chunks (90.61%), ETA: 0:02:17, Rate: 11.0 cps, Current: -49, 21
[22:19:57] [Server thread/INFO]: [Chunky] Task running for minecraft:overworld. Processed: 14622 chunks (90.66%), ETA: 0:02:17, Rate: 11.0 cps, Current: -48, 3
[22:19:58] [Server thread/INFO]: [Chunky] Task running for minecraft:overworld. Processed: 14634 chunks (90.73%), ETA: 0:02:19, Rate: 10.7 cps, Current: -48, 8
[22:19:59] [Server thread/INFO]: [Chunky] Task running for minecraft:overworld. Processed: 14652 chunks (90.84%), ETA: 0:02:14, Rate: 11.0 cps, Current: -48, 21
[22:20:01] [Server thread/INFO]: [Chunky] Task running for minecraft:overworld. Processed: 14668 chunks (90.94%), ETA: 0:02:11, Rate: 11.1 cps, Current: -47, 10
[22:20:02] [Server thread/INFO]: [Chunky] Task running for minecraft:overworld. Processed: 14678 chunks (91.00%), ETA: 0:02:12, Rate: 10.9 cps, Current: -47, 20
[22:20:03] [Server thread/INFO]: [Chunky] Task running for minecraft:overworld. Processed: 14684 chunks (91.04%), ETA: 0:02:11, Rate: 11.0 cps, Current: -47, 26
[22:20:04] [Server thread/INFO]: [Chunky] Task running for minecraft:overworld. Processed: 14701 chunks (91.15%), ETA: 0:02:07, Rate: 11.2 cps, Current: -46, 6
[22:20:05] [Server thread/INFO]: [Chunky] Task running for minecraft:overworld. Processed: 14721 chunks (91.27%), ETA: 0:01:59, Rate: 11.7 cps, Current: -46, 31
[22:20:06] [Server thread/INFO]: [Chunky] Task running for minecraft:overworld. Processed: 14729 chunks (91.32%), ETA: 0:02:04, Rate: 11.2 cps, Current: -45, 7
[22:20:07] [Server thread/INFO]: [Chunky] Task running for minecraft:overworld. Processed: 14735 chunks (91.36%), ETA: 0:02:00, Rate: 11.5 cps, Current: -45, 13
[22:20:08] [Server thread/INFO]: [Chunky] Task running for minecraft:overworld. Processed: 14759 chunks (91.51%), ETA: 0:01:55, Rate: 11.9 cps, Current: -45, 29
[22:20:10] [Server thread/INFO]: [Chunky] Task running for minecraft:overworld. Processed: 14771 chunks (91.58%), ETA: 0:01:56, Rate: 11.6 cps, Current: -44, 24
[22:20:11] [Server thread/INFO]: [Chunky] Task running for minecraft:overworld. Processed: 14794 chunks (91.72%), ETA: 0:01:51, Rate: 12.0 cps, Current: -43, 6
[22:20:12] [Server thread/INFO]: [Chunky] Task running for minecraft:overworld. Processed: 14811 chunks (91.83%), ETA: 0:01:51, Rate: 11.8 cps, Current: -43, 21
[22:20:13] [Server thread/INFO]: [Chunky] Task running for minecraft:overworld. Processed: 14823 chunks (91.90%), ETA: 0:01:47, Rate: 12.2 cps, Current: -42, 7
[22:20:14] [Server thread/INFO]: [Chunky] Task running for minecraft:overworld. Processed: 14832 chunks (91.96%), ETA: 0:01:54, Rate: 11.3 cps, Current: -42, 12
[22:20:15] [Server thread/INFO]: [Chunky] Task running for minecraft:overworld. Processed: 14854 chunks (92.09%), ETA: 0:01:45, Rate: 12.1 cps, Current: -41, 10
[22:20:16] [Server thread/INFO]: [Chunky] Task running for minecraft:overworld. Processed: 14862 chunks (92.14%), ETA: 0:01:44, Rate: 12.2 cps, Current: -41, 19
[22:20:17] [Server thread/INFO]: [Chunky] Task running for minecraft:overworld. Processed: 14876 chunks (92.23%), ETA: 0:01:45, Rate: 11.9 cps, Current: -41, 25
[22:20:19] [Server thread/INFO]: [Chunky] Task running for minecraft:overworld. Processed: 14888 chunks (92.31%), ETA: 0:01:46, Rate: 11.6 cps, Current: -40, 16
[22:20:20] [Server thread/INFO]: [Chunky] Task running for minecraft:overworld. Processed: 14907 chunks (92.42%), ETA: 0:01:40, Rate: 12.2 cps, Current: -40, 24
[22:20:21] [Server thread/INFO]: [Chunky] Task running for minecraft:overworld. Processed: 14924 chunks (92.53%), ETA: 0:01:39, Rate: 12.1 cps, Current: -40, 31
[22:20:22] [Server thread/INFO]: [Chunky] Task running for minecraft:overworld. Processed: 14934 chunks (92.59%), ETA: 0:01:36, Rate: 12.4 cps, Current: -39, 20
[22:20:23] [Server thread/INFO]: [Chunky] Task running for minecraft:overworld. Processed: 14965 chunks (92.78%), ETA: 0:01:29, Rate: 12.9 cps, Current: -38, 15
[22:20:24] [Server thread/INFO]: [Chunky] Task running for minecraft:overworld. Processed: 14980 chunks (92.88%), ETA: 0:01:28, Rate: 12.9 cps, Current: -37, 9
[22:20:26] [Server thread/INFO]: [Chunky] Task running for minecraft:overworld. Processed: 15073 chunks (93.45%), ETA: 0:01:07, Rate: 15.5 cps, Current: -35, 31
[22:21:06] [Server thread/INFO]: [Chunky] Task running for minecraft:overworld. Processed: 15140 chunks (93.87%), ETA: 0:01:05, Rate: 15.2 cps, Current: -63, 49
[22:21:09] [Server thread/INFO]: [Chunky] Task running for minecraft:overworld. Processed: 15186 chunks (94.15%), ETA: 0:00:43, Rate: 21.7 cps, Current: -63, 62
[22:21:11] [Server thread/INFO]: [Chunky] Task running for minecraft:overworld. Processed: 15188 chunks (94.17%), ETA: 0:01:33, Rate: 10.1 cps, Current: -62, 58
[22:21:12] [Server thread/INFO]: [Chunky] Task running for minecraft:overworld. Processed: 15226 chunks (94.40%), ETA: 0:01:01, Rate: 14.7 cps, Current: -61, 56
[22:21:16] [Server thread/INFO]: [Chunky] Task running for minecraft:overworld. Processed: 15238 chunks (94.48%), ETA: 0:01:23, Rate: 10.7 cps, Current: -60, 36
[22:21:17] [Server thread/INFO]: [Chunky] Task running for minecraft:overworld. Processed: 15278 chunks (94.72%), ETA: 0:01:04, Rate: 13.1 cps, Current: -59, 44
[22:21:18] [Server thread/INFO]: [Chunky] Task running for minecraft:overworld. Processed: 15287 chunks (94.78%), ETA: 0:01:06, Rate: 12.8 cps, Current: -59, 53
[22:21:19] [Server thread/INFO]: [Chunky] Task running for minecraft:overworld. Processed: 15288 chunks (94.79%), ETA: 0:01:12, Rate: 11.6 cps, Current: -59, 54
[22:21:20] [Server thread/INFO]: [Chunky] Task running for minecraft:overworld. Processed: 15291 chunks (94.80%), ETA: 0:01:16, Rate: 11.0 cps, Current: -59, 56
[22:21:22] [Server thread/INFO]: [Chunky] Task running for minecraft:overworld. Processed: 15312 chunks (94.93%), ETA: 0:01:12, Rate: 11.3 cps, Current: -59, 63
[22:21:23] [Server thread/INFO]: [Chunky] Task running for minecraft:overworld. Processed: 15329 chunks (95.04%), ETA: 0:01:08, Rate: 11.6 cps, Current: -58, 63
[22:21:24] [Server thread/INFO]: [Chunky] Task running for minecraft:overworld. Processed: 15337 chunks (95.09%), ETA: 0:01:10, Rate: 11.3 cps, Current: -57, 39
[22:21:25] [Server thread/INFO]: [Chunky] Task running for minecraft:overworld. Processed: 15340 chunks (95.11%), ETA: 0:01:13, Rate: 10.7 cps, Current: -57, 42
[22:21:26] [Server thread/INFO]: [Chunky] Task running for minecraft:overworld. Processed: 15357 chunks (95.21%), ETA: 0:01:10, Rate: 11.0 cps, Current: -57, 59
[22:21:28] [Server thread/INFO]: [Chunky] Task running for minecraft:overworld. Processed: 15374 chunks (95.32%), ETA: 0:01:08, Rate: 11.1 cps, Current: -56, 44
[22:21:29] [Server thread/INFO]: [Chunky] Task running for minecraft:overworld. Processed: 15383 chunks (95.37%), ETA: 0:01:08, Rate: 10.8 cps, Current: -56, 53
[22:21:31] [Server thread/INFO]: [Chunky] Task running for minecraft:overworld. Processed: 15388 chunks (95.41%), ETA: 0:01:11, Rate: 10.3 cps, Current: -56, 58
[22:21:32] [Server thread/INFO]: [Chunky] Task running for minecraft:overworld. Processed: 15396 chunks (95.46%), ETA: 0:01:11, Rate: 10.2 cps, Current: -56, 62
[22:21:33] [Server thread/INFO]: [Chunky] Task running for minecraft:overworld. Processed: 15422 chunks (95.62%), ETA: 0:01:05, Rate: 10.8 cps, Current: -55, 60
[22:21:34] [Server thread/INFO]: [Chunky] Task running for minecraft:overworld. Processed: 15433 chunks (95.68%), ETA: 0:01:04, Rate: 10.8 cps, Current: -54, 38
[22:21:35] [Server thread/INFO]: [Chunky] Task running for minecraft:overworld. Processed: 15438 chunks (95.72%), ETA: 0:01:05, Rate: 10.6 cps, Current: -54, 44
[22:21:36] [Server thread/INFO]: [Chunky] Task running for minecraft:overworld. Processed: 15444 chunks (95.75%), ETA: 0:01:06, Rate: 10.4 cps, Current: -54, 51
[22:21:37] [Server thread/INFO]: [Chunky] Task running for minecraft:overworld. Processed: 15466 chunks (95.89%), ETA: 0:01:07, Rate: 9.9 cps, Current: -53, 40
[22:21:38] [Server thread/INFO]: [Chunky] Task running for minecraft:overworld. Processed: 15482 chunks (95.99%), ETA: 0:01:04, Rate: 10.1 cps, Current: -53, 56
[22:21:39] [Server thread/INFO]: [Chunky] Task running for minecraft:overworld. Processed: 15488 chunks (96.03%), ETA: 0:00:59, Rate: 10.8 cps, Current: -53, 62
[22:21:40] [Server thread/INFO]: [Chunky] Task running for minecraft:overworld. Processed: 15498 chunks (96.09%), ETA: 0:00:58, Rate: 10.7 cps, Current: -52, 37
[22:21:41] [Server thread/INFO]: [Chunky] Task running for minecraft:overworld. Processed: 15510 chunks (96.16%), ETA: 0:00:57, Rate: 10.8 cps, Current: -52, 50
[22:21:42] [Server thread/INFO]: [Chunky] Task running for minecraft:overworld. Processed: 15526 chunks (96.26%), ETA: 0:01:00, Rate: 10.0 cps, Current: -52, 63
[22:21:43] [Server thread/INFO]: [Chunky] Task running for minecraft:overworld. Processed: 15553 chunks (96.43%), ETA: 0:00:50, Rate: 11.4 cps, Current: -50, 35
[22:21:45] [Server thread/INFO]: [Chunky] Task running for minecraft:overworld. Processed: 15556 chunks (96.45%), ETA: 0:00:51, Rate: 11.0 cps, Current: -50, 34
[22:21:46] [Server thread/INFO]: [Chunky] Task running for minecraft:overworld. Processed: 15579 chunks (96.59%), ETA: 0:00:48, Rate: 11.4 cps, Current: -50, 53
[22:21:47] [Server thread/INFO]: [Chunky] Task running for minecraft:overworld. Processed: 15597 chunks (96.70%), ETA: 0:00:49, Rate: 10.8 cps, Current: -49, 43
[22:21:48] [Server thread/INFO]: [Chunky] Task running for minecraft:overworld. Processed: 15610 chunks (96.78%), ETA: 0:00:48, Rate: 10.7 cps, Current: -49, 56
[22:21:50] [Server thread/INFO]: [Chunky] Task running for minecraft:overworld. Processed: 15637 chunks (96.95%), ETA: 0:00:42, Rate: 11.5 cps, Current: -48, 59
[22:21:51] [Server thread/INFO]: [Chunky] Task running for minecraft:overworld. Processed: 15651 chunks (97.04%), ETA: 0:00:40, Rate: 11.9 cps, Current: -47, 33
[22:21:52] [Server thread/INFO]: [Chunky] Task running for minecraft:overworld. Processed: 15683 chunks (97.23%), ETA: 0:00:35, Rate: 12.4 cps, Current: -47, 61
[22:21:53] [Server thread/INFO]: [Chunky] Task running for minecraft:overworld. Processed: 15691 chunks (97.28%), ETA: 0:00:36, Rate: 12.1 cps, Current: -46, 41
[22:21:54] [Server thread/INFO]: [Chunky] Task running for minecraft:overworld. Processed: 15695 chunks (97.31%), ETA: 0:00:35, Rate: 12.3 cps, Current: -46, 44
[22:21:55] [Server thread/INFO]: [Chunky] Task running for minecraft:overworld. Processed: 15698 chunks (97.33%), ETA: 0:00:36, Rate: 11.8 cps, Current: -45, 46
[22:21:56] [Server thread/INFO]: [Chunky] Task running for minecraft:overworld. Processed: 15715 chunks (97.43%), ETA: 0:00:34, Rate: 11.9 cps, Current: -46, 55
[22:21:57] [Server thread/INFO]: [Chunky] Task running for minecraft:overworld. Processed: 15732 chunks (97.54%), ETA: 0:00:32, Rate: 12.1 cps, Current: -45, 36
[22:21:58] [Server thread/INFO]: [Chunky] Task running for minecraft:overworld. Processed: 15756 chunks (97.69%), ETA: 0:00:29, Rate: 12.7 cps, Current: -44, 42
[22:21:59] [Server thread/INFO]: [Chunky] Task running for minecraft:overworld. Processed: 15763 chunks (97.73%), ETA: 0:00:28, Rate: 13.0 cps, Current: -44, 48
[22:22:00] [Server thread/INFO]: [Chunky] Task running for minecraft:overworld. Processed: 15772 chunks (97.79%), ETA: 0:00:27, Rate: 12.9 cps, Current: -43, 43
[22:22:01] [Server thread/INFO]: [Chunky] Task running for minecraft:overworld. Processed: 15796 chunks (97.94%), ETA: 0:00:24, Rate: 13.5 cps, Current: -43, 51
[22:22:03] [Server thread/INFO]: [Chunky] Task running for minecraft:overworld. Processed: 15814 chunks (98.05%), ETA: 0:00:23, Rate: 13.2 cps, Current: -42, 36
[22:22:04] [Server thread/INFO]: [Chunky] Task running for minecraft:overworld. Processed: 15822 chunks (98.10%), ETA: 0:00:23, Rate: 13.2 cps, Current: -42, 51
[22:22:05] [Server thread/INFO]: [Chunky] Task running for minecraft:overworld. Processed: 15841 chunks (98.21%), ETA: 0:00:21, Rate: 13.7 cps, Current: -41, 34
[22:22:06] [Server thread/INFO]: [Chunky] Task running for minecraft:overworld. Processed: 15868 chunks (98.38%), ETA: 0:00:18, Rate: 13.9 cps, Current: -41, 58
[22:22:07] [Server thread/INFO]: [Chunky] Task running for minecraft:overworld. Processed: 15880 chunks (98.46%), ETA: 0:00:18, Rate: 13.6 cps, Current: -40, 38
[22:22:08] [Server thread/INFO]: [Chunky] Task running for minecraft:overworld. Processed: 15897 chunks (98.56%), ETA: 0:00:16, Rate: 14.0 cps, Current: -39, 33
[22:22:09] [Server thread/INFO]: [Chunky] Task running for minecraft:overworld. Processed: 15915 chunks (98.67%), ETA: 0:00:14, Rate: 14.3 cps, Current: -39, 41
[22:22:10] [Server thread/INFO]: [Chunky] Task running for minecraft:overworld. Processed: 15934 chunks (98.79%), ETA: 0:00:13, Rate: 14.6 cps, Current: -39, 60
[22:22:12] [Server thread/INFO]: [Chunky] Task running for minecraft:overworld. Processed: 15961 chunks (98.96%), ETA: 0:00:11, Rate: 14.9 cps, Current: -38, 55
[22:22:13] [Server thread/INFO]: [Chunky] Task running for minecraft:overworld. Processed: 15968 chunks (99.00%), ETA: 0:00:11, Rate: 14.2 cps, Current: -38, 62
[22:22:14] [Server thread/INFO]: [Chunky] Task running for minecraft:overworld. Processed: 16124 chunks (99.97%), ETA: 0:00:00, Rate: 19.6 cps, Current: -33, 58
[22:22:14] [Server thread/INFO]: [Chunky] Task finished for minecraft:overworld. Processed: 16129 chunks (100.00%), Total time: 0:38:59
[22:23:17] [Server thread/INFO]: Qirell <Overworld> has made the advancement [Bigger is better]
[22:26:00] [Server thread/WARN]: Couldn't set damage of loot item 1 minecraft:iron_nugget
[22:26:00] [Server thread/WARN]: Couldn't set damage of loot item 1 minecraft:iron_ingot
[22:26:00] [Server thread/WARN]: Couldn't set damage of loot item 1 minecraft:iron_ingot
[22:26:48] [Server thread/WARN]: Couldn't set damage of loot item 1 minecraft:iron_ingot
[22:26:48] [Server thread/WARN]: Couldn't set damage of loot item 1 minecraft:iron_nugget
[22:26:48] [Server thread/WARN]: Couldn't set damage of loot item 1 minecraft:iron_ingot
[22:26:48] [Server thread/WARN]: Couldn't set damage of loot item 1 minecraft:iron_ingot
[22:27:58] [Server thread/INFO]: Qirell <Overworld> has completed the challenge [Centennial]
[22:28:21] [Server thread/WARN]: Couldn't set damage of loot item 1 minecraft:iron_nugget
[22:28:21] [Server thread/WARN]: Couldn't set damage of loot item 1 minecraft:iron_ingot
[22:28:21] [Server thread/WARN]: Couldn't set damage of loot item 1 minecraft:iron_ingot
[22:28:21] [Server thread/WARN]: Couldn't set damage of loot item 1 minecraft:iron_ingot
[22:28:21] [Server thread/WARN]: Couldn't set damage of loot item 1 minecraft:iron_ingot
[22:28:21] [Server thread/WARN]: Couldn't set damage of loot item 1 minecraft:iron_ingot
[22:28:54] [Server thread/INFO]: Qirell <Overworld> has made the advancement [Gucci backpack]
[22:29:21] [Server thread/INFO]: Qirell <Overworld> has made the advancement [Suit Up]
[22:31:43] [Server thread/WARN]: Couldn't set damage of loot item 1 minecraft:iron_ingot
[22:31:43] [Server thread/WARN]: Couldn't set damage of loot item 1 minecraft:iron_ingot
[22:31:43] [Server thread/WARN]: Couldn't set damage of loot item 1 minecraft:iron_nugget
[22:31:43] [Server thread/WARN]: Couldn't set damage of loot item 1 minecraft:iron_nugget
[22:31:43] [Server thread/WARN]: Couldn't set damage of loot item 1 minecraft:iron_ingot
[22:31:43] [Server thread/WARN]: Couldn't set damage of loot item 1 minecraft:iron_ingot
[22:31:43] [Server thread/WARN]: Couldn't set damage of loot item 1 minecraft:iron_nugget
[22:31:44] [Server thread/WARN]: Couldn't set damage of loot item 1 minecraft:iron_ingot
[22:31:44] [Server thread/WARN]: Couldn't set damage of loot item 1 minecraft:iron_nugget
[22:31:44] [Server thread/WARN]: Couldn't set damage of loot item 1 minecraft:iron_ingot
[22:31:44] [Server thread/WARN]: Couldn't set damage of loot item 1 minecraft:iron_ingot
[22:31:44] [Server thread/WARN]: Couldn't set damage of loot item 1 minecraft:iron_ingot
[22:31:44] [Server thread/WARN]: Couldn't set damage of loot item 1 minecraft:iron_ingot
[22:31:49] [Server thread/WARN]: Couldn't set damage of loot item 1 minecraft:iron_ingot
[22:31:49] [Server thread/WARN]: Couldn't set damage of loot item 1 minecraft:iron_nugget
[22:31:49] [Server thread/WARN]: Couldn't set damage of loot item 1 minecraft:iron_ingot
[22:31:49] [Server thread/WARN]: Couldn't set damage of loot item 1 minecraft:iron_nugget
[22:31:49] [Server thread/WARN]: Couldn't set damage of loot item 1 minecraft:iron_nugget
[22:32:43] [Server thread/WARN]: Couldn't set damage of loot item 1 minecraft:iron_ingot
[22:32:43] [Server thread/WARN]: Couldn't set damage of loot item 1 minecraft:iron_ingot
[22:32:43] [Server thread/WARN]: Couldn't set damage of loot item 1 minecraft:iron_nugget
[22:32:43] [Server thread/WARN]: Couldn't set damage of loot item 1 minecraft:iron_nugget
[22:32:43] [Server thread/WARN]: Couldn't set damage of loot item 1 minecraft:iron_ingot
[22:32:43] [Server thread/WARN]: Couldn't set damage of loot item 1 minecraft:iron_nugget
[22:32:43] [Server thread/WARN]: Couldn't set damage of loot item 1 minecraft:iron_ingot
[22:33:01] [Server thread/INFO]: Qirell <Overworld> has made the advancement [A Nice-y Look]
[22:33:01] [Server thread/INFO]: Qirell <Overworld> has made the advancement [The Beginning of An Adventure]
[22:33:22] [Server thread/INFO]: Qirell <Overworld> has made the advancement [Need A Map?]
[22:37:00] [Server thread/INFO]: A villager has restocked all their trades.
[22:37:15] [Server thread/INFO]: A villager has restocked all their trades.
[22:37:15] [Server thread/INFO]: A villager has restocked all their trades.
[22:37:15] [Server thread/INFO]: A villager has restocked all their trades.
[22:37:20] [Server thread/INFO]: A villager has restocked all their trades.
[22:37:31] [Server thread/INFO]: A villager has restocked all their trades.
[22:37:36] [Server thread/INFO]: A villager has restocked all their trades.
[22:40:38] [Server thread/WARN]: Couldn't set damage of loot item 1 minecraft:iron_ingot
[22:40:38] [Server thread/WARN]: Couldn't set damage of loot item 1 minecraft:iron_nugget
[22:40:38] [Server thread/WARN]: Couldn't set damage of loot item 1 minecraft:iron_ingot
[22:40:38] [Server thread/WARN]: Couldn't set damage of loot item 1 minecraft:iron_ingot
[22:40:43] [Server thread/WARN]: Couldn't set damage of loot item 1 minecraft:iron_nugget
[22:40:43] [Server thread/WARN]: Couldn't set damage of loot item 1 minecraft:iron_nugget
[22:40:43] [Server thread/WARN]: Couldn't set damage of loot item 1 minecraft:iron_ingot
[22:40:43] [Server thread/WARN]: Couldn't set damage of loot item 1 minecraft:iron_nugget
[22:40:43] [Server thread/WARN]: Couldn't set damage of loot item 1 minecraft:iron_ingot
[22:40:44] [Server thread/WARN]: Couldn't set damage of loot item 1 minecraft:iron_nugget
[22:40:44] [Server thread/WARN]: Couldn't set damage of loot item 1 minecraft:iron_ingot
[22:40:44] [Server thread/WARN]: Couldn't set damage of loot item 1 minecraft:iron_ingot
[22:40:44] [Server thread/WARN]: Couldn't set damage of loot item 1 minecraft:iron_ingot
[22:40:44] [Server thread/WARN]: Couldn't set damage of loot item 1 minecraft:iron_ingot
[22:41:57] [Server thread/INFO]: Qirell <Overworld> has made the advancement [Gotta have that bling]
[22:43:47] [Server thread/INFO]: Qirell <Overworld> has made the advancement [Cover Me with Diamonds]
[22:46:21] [Server thread/INFO]: Villager class_1646['Petalblush Treewatcher'/21337, l='ServerLevel[world]', x=94.17, y=67.00, z=71.85] died, message: 'Petalblush Treewatcher was slain by Zombie'
[22:46:21] [Server thread/INFO]: Named entity class_1646['Petalblush Treewatcher'/21337, l='ServerLevel[world]', x=94.17, y=67.00, z=71.85] died: Petalblush Treewatcher was slain by Zombie
[22:46:22] [Server thread/INFO]: Villager class_1646['Xanthe Lightspell'/21335, l='ServerLevel[world]', x=91.70, y=73.25, z=37.93] died, message: 'Xanthe Lightspell was slain by Zombie'
[22:46:22] [Server thread/INFO]: Named entity class_1646['Xanthe Lightspell'/21335, l='ServerLevel[world]', x=91.70, y=73.25, z=37.93] died: Xanthe Lightspell was slain by Zombie
[22:47:58] [Server thread/INFO]: Updating the respawn location of player Qirell to [-9, 94, 60] in minecraft:overworld
[22:48:14] [Server thread/WARN]: Can't keep up! Is the server overloaded? Running 16387ms or 327 ticks behind
[22:55:43] [Server thread/INFO]: Qirell <Overworld> has made the advancement [Sneak 100]
[22:56:36] [Server thread/INFO]: A villager has restocked all their trades.
[22:56:37] [Server thread/INFO]: A villager has restocked all their trades.
[22:57:32] [Server thread/INFO]: A villager has restocked all their trades.
[23:06:41] [Server thread/INFO]: Updating the respawn location of player Qirell to [-37, 75, 54] in minecraft:overworld
[23:07:07] [Server thread/INFO]: [Qirell <Overworld>: Set own game mode to Spectator Mode]
[23:07:14] [Server thread/INFO]: [Qirell <Overworld>: Set own game mode to Creative Mode]
[23:07:15] [Server thread/INFO]: [Qirell <Overworld>: Set own game mode to Survival Mode]
[23:08:16] [Server thread/INFO]: Qirell <Overworld> has made the advancement [Cover Me In Emeralds]
[23:08:27] [Server thread/INFO]: A villager has restocked all their trades.
[23:08:42] [Server thread/INFO]: A villager has restocked all their trades.
[23:08:52] [Server thread/INFO]: A villager has restocked all their trades.
[23:08:52] [Server thread/INFO]: A villager has restocked all their trades.
[23:09:32] [Server thread/INFO]: [Qirell <Overworld>: Set own game mode to Spectator Mode]
[23:09:37] [Server thread/INFO]: [Qirell <Overworld>: Set own game mode to Survival Mode]
[23:10:51] [Server thread/INFO]: A villager has restocked all their trades.
[23:12:01] [Server thread/INFO]: A villager has restocked all their trades.
[23:12:35] [Server thread/INFO]: Qirell <Overworld> has made the advancement [Woe to the Pot]
[23:12:41] [Server thread/INFO]: [Qirell <Overworld>: Set own game mode to Spectator Mode]
[23:12:48] [Server thread/INFO]: [Qirell <Overworld>: Set own game mode to Survival Mode]
[23:15:07] [Server thread/WARN]: Couldn't set damage of loot item 1 minecraft:iron_nugget
[23:15:07] [Server thread/WARN]: Couldn't set damage of loot item 1 minecraft:iron_nugget
[23:15:07] [Server thread/WARN]: Couldn't set damage of loot item 1 minecraft:iron_ingot
[23:15:07] [Server thread/WARN]: Couldn't set damage of loot item 1 minecraft:iron_ingot
[23:15:07] [Server thread/WARN]: Couldn't set damage of loot item 1 minecraft:iron_ingot
[23:15:31] [Server thread/WARN]: Couldn't set damage of loot item 1 minecraft:iron_ingot
[23:15:31] [Server thread/WARN]: Couldn't set damage of loot item 1 minecraft:iron_ingot
[23:15:31] [Server thread/WARN]: Couldn't set damage of loot item 1 minecraft:iron_ingot
[23:15:31] [Server thread/WARN]: Couldn't set damage of loot item 1 minecraft:iron_nugget
[23:15:31] [Server thread/WARN]: Couldn't set damage of loot item 1 minecraft:iron_ingot
[23:15:35] [Server thread/WARN]: Couldn't set damage of loot item 1 minecraft:iron_ingot
[23:15:35] [Server thread/WARN]: Couldn't set damage of loot item 1 minecraft:iron_ingot
[23:15:35] [Server thread/WARN]: Couldn't set damage of loot item 1 minecraft:iron_ingot
[23:15:35] [Server thread/WARN]: Couldn't set damage of loot item 1 minecraft:iron_nugget
[23:15:35] [Server thread/WARN]: Couldn't set damage of loot item 1 minecraft:iron_nugget
[23:15:35] [Server thread/WARN]: Couldn't set damage of loot item 1 minecraft:iron_ingot
[23:15:38] [Server thread/WARN]: Couldn't set damage of loot item 1 minecraft:iron_ingot
[23:15:38] [Server thread/WARN]: Couldn't set damage of loot item 1 minecraft:iron_ingot
[23:15:38] [Server thread/WARN]: Couldn't set damage of loot item 1 minecraft:iron_ingot
[23:15:38] [Server thread/WARN]: Couldn't set damage of loot item 1 minecraft:iron_ingot
[23:15:38] [Server thread/WARN]: Couldn't set damage of loot item 1 minecraft:iron_ingot
[23:16:27] [Server thread/WARN]: Couldn't set damage of loot item 1 minecraft:iron_ingot
[23:16:27] [Server thread/WARN]: Couldn't set damage of loot item 1 minecraft:iron_ingot
[23:16:27] [Server thread/WARN]: Couldn't set damage of loot item 1 minecraft:iron_nugget
[23:16:27] [Server thread/WARN]: Couldn't set damage of loot item 1 minecraft:iron_nugget
[23:16:27] [Server thread/WARN]: Couldn't set damage of loot item 1 minecraft:iron_nugget
[23:16:31] [Server thread/WARN]: Couldn't set damage of loot item 1 minecraft:iron_nugget
[23:16:31] [Server thread/WARN]: Couldn't set damage of loot item 1 minecraft:iron_nugget
[23:16:31] [Server thread/WARN]: Couldn't set damage of loot item 1 minecraft:iron_ingot
[23:16:31] [Server thread/WARN]: Couldn't set damage of loot item 1 minecraft:iron_ingot
[23:16:31] [Server thread/WARN]: Couldn't set damage of loot item 1 minecraft:iron_ingot
[23:16:31] [Server thread/WARN]: Couldn't set damage of loot item 1 minecraft:iron_ingot
[23:16:33] [Server thread/WARN]: Couldn't set damage of loot item 1 minecraft:iron_nugget
[23:16:33] [Server thread/WARN]: Couldn't set damage of loot item 1 minecraft:iron_nugget
[23:16:33] [Server thread/WARN]: Couldn't set damage of loot item 1 minecraft:iron_ingot
[23:16:33] [Server thread/WARN]: Couldn't set damage of loot item 1 minecraft:iron_ingot
[23:16:33] [Server thread/WARN]: Couldn't set damage of loot item 1 minecraft:iron_ingot
[23:16:33] [Server thread/WARN]: Couldn't set damage of loot item 1 minecraft:iron_ingot
[23:16:36] [Server thread/WARN]: Couldn't set damage of loot item 1 minecraft:iron_ingot
[23:16:36] [Server thread/WARN]: Couldn't set damage of loot item 1 minecraft:iron_ingot
[23:16:36] [Server thread/WARN]: Couldn't set damage of loot item 1 minecraft:iron_nugget
[23:16:39] [Server thread/WARN]: Couldn't set damage of loot item 1 minecraft:iron_ingot
[23:16:39] [Server thread/WARN]: Couldn't set damage of loot item 1 minecraft:iron_nugget
[23:16:39] [Server thread/WARN]: Couldn't set damage of loot item 1 minecraft:iron_ingot
[23:16:39] [Server thread/WARN]: Couldn't set damage of loot item 1 minecraft:iron_ingot
[23:16:39] [Server thread/WARN]: Couldn't set damage of loot item 1 minecraft:iron_nugget
[23:16:41] [Server thread/WARN]: Couldn't set damage of loot item 1 minecraft:iron_nugget
[23:16:41] [Server thread/WARN]: Couldn't set damage of loot item 1 minecraft:iron_ingot
[23:16:41] [Server thread/WARN]: Couldn't set damage of loot item 1 minecraft:iron_ingot
[23:16:41] [Server thread/WARN]: Couldn't set damage of loot item 1 minecraft:iron_nugget
[23:16:41] [Server thread/WARN]: Couldn't set damage of loot item 1 minecraft:iron_ingot
[23:16:41] [Server thread/WARN]: Couldn't set damage of loot item 1 minecraft:iron_nugget
[23:16:41] [Server thread/WARN]: Couldn't set damage of loot item 1 minecraft:iron_ingot
[23:16:43] [Server thread/WARN]: Couldn't set damage of loot item 1 minecraft:iron_ingot
[23:16:43] [Server thread/WARN]: Couldn't set damage of loot item 1 minecraft:iron_ingot
[23:16:43] [Server thread/WARN]: Couldn't set damage of loot item 1 minecraft:iron_ingot
[23:16:43] [Server thread/WARN]: Couldn't set damage of loot item 1 minecraft:iron_nugget
[23:16:43] [Server thread/WARN]: Couldn't set damage of loot item 1 minecraft:iron_ingot
[23:16:43] [Server thread/WARN]: Couldn't set damage of loot item 1 minecraft:iron_ingot
[23:17:17] [Server thread/WARN]: Couldn't set damage of loot item 1 minecraft:iron_nugget
[23:17:17] [Server thread/WARN]: Couldn't set damage of loot item 1 minecraft:iron_nugget
[23:17:17] [Server thread/WARN]: Couldn't set damage of loot item 1 minecraft:iron_ingot
[23:17:17] [Server thread/WARN]: Couldn't set damage of loot item 1 minecraft:iron_nugget
[23:17:17] [Server thread/WARN]: Couldn't set damage of loot item 1 minecraft:iron_ingot
[23:17:17] [Server thread/WARN]: Couldn't set damage of loot item 1 minecraft:iron_ingot
[23:17:17] [Server thread/WARN]: Couldn't set damage of loot item 1 minecraft:iron_ingot
[23:17:53] [Server thread/WARN]: Couldn't set damage of loot item 1 minecraft:iron_nugget
[23:17:53] [Server thread/WARN]: Couldn't set damage of loot item 1 minecraft:iron_ingot
[23:17:53] [Server thread/WARN]: Couldn't set damage of loot item 1 minecraft:iron_ingot
[23:17:53] [Server thread/WARN]: Couldn't set damage of loot item 1 minecraft:iron_ingot
[23:17:53] [Server thread/WARN]: Couldn't set damage of loot item 1 minecraft:iron_nugget
[23:17:53] [Server thread/WARN]: Couldn't set damage of loot item 1 minecraft:iron_ingot
[23:17:53] [Server thread/WARN]: Couldn't set damage of loot item 1 minecraft:iron_nugget
[23:17:53] [Server thread/WARN]: Couldn't set damage of loot item 1 minecraft:iron_nugget
[23:17:53] [Server thread/WARN]: Couldn't set damage of loot item 1 minecraft:iron_ingot
[23:18:04] [Server thread/WARN]: Couldn't set damage of loot item 1 minecraft:iron_ingot
[23:18:04] [Server thread/WARN]: Couldn't set damage of loot item 1 minecraft:iron_ingot
[23:18:04] [Server thread/WARN]: Couldn't set damage of loot item 1 minecraft:iron_nugget
[23:18:19] [Server thread/WARN]: Couldn't set damage of loot item 1 minecraft:iron_ingot
[23:18:19] [Server thread/WARN]: Couldn't set damage of loot item 1 minecraft:iron_nugget
[23:18:19] [Server thread/WARN]: Couldn't set damage of loot item 1 minecraft:iron_nugget
[23:18:19] [Server thread/WARN]: Couldn't set damage of loot item 1 minecraft:iron_nugget
[23:18:19] [Server thread/WARN]: Couldn't set damage of loot item 1 minecraft:iron_nugget
[23:18:19] [Server thread/WARN]: Couldn't set damage of loot item 1 minecraft:iron_ingot
[23:18:27] [Server thread/WARN]: Couldn't set damage of loot item 1 minecraft:iron_nugget
[23:18:27] [Server thread/WARN]: Couldn't set damage of loot item 1 minecraft:iron_ingot
[23:18:27] [Server thread/WARN]: Couldn't set damage of loot item 1 minecraft:iron_ingot
[23:18:27] [Server thread/WARN]: Couldn't set damage of loot item 1 minecraft:iron_nugget
[23:18:27] [Server thread/WARN]: Couldn't set damage of loot item 1 minecraft:iron_nugget
[23:18:40] [Server thread/WARN]: Couldn't set damage of loot item 1 minecraft:iron_ingot
[23:18:40] [Server thread/WARN]: Couldn't set damage of loot item 1 minecraft:iron_ingot
[23:18:40] [Server thread/WARN]: Couldn't set damage of loot item 1 minecraft:iron_ingot
[23:18:40] [Server thread/WARN]: Couldn't set damage of loot item 1 minecraft:iron_ingot
[23:18:40] [Server thread/WARN]: Couldn't set damage of loot item 1 minecraft:iron_nugget
[23:18:40] [Server thread/WARN]: Couldn't set damage of loot item 1 minecraft:iron_nugget
[23:18:40] [Server thread/WARN]: Couldn't set damage of loot item 1 minecraft:iron_nugget
[23:18:40] [Server thread/WARN]: Couldn't set damage of loot item 1 minecraft:iron_nugget
[23:18:49] [Server thread/WARN]: Couldn't set damage of loot item 1 minecraft:iron_nugget
[23:18:49] [Server thread/WARN]: Couldn't set damage of loot item 1 minecraft:iron_nugget
[23:18:49] [Server thread/WARN]: Couldn't set damage of loot item 1 minecraft:iron_nugget
[23:18:49] [Server thread/WARN]: Couldn't set damage of loot item 1 minecraft:iron_ingot
[23:18:49] [Server thread/WARN]: Couldn't set damage of loot item 1 minecraft:iron_nugget
[23:18:49] [Server thread/WARN]: Couldn't set damage of loot item 1 minecraft:iron_ingot
[23:18:51] [Server thread/WARN]: Couldn't set damage of loot item 1 minecraft:iron_ingot
[23:18:51] [Server thread/WARN]: Couldn't set damage of loot item 1 minecraft:iron_ingot
[23:18:51] [Server thread/WARN]: Couldn't set damage of loot item 1 minecraft:iron_ingot
[23:18:51] [Server thread/WARN]: Couldn't set damage of loot item 1 minecraft:iron_nugget
[23:18:56] [Server thread/WARN]: Couldn't set damage of loot item 1 minecraft:iron_nugget
[23:18:56] [Server thread/WARN]: Couldn't set damage of loot item 1 minecraft:iron_ingot
[23:18:56] [Server thread/WARN]: Couldn't set damage of loot item 1 minecraft:iron_ingot
[23:18:56] [Server thread/WARN]: Couldn't set damage of loot item 1 minecraft:iron_ingot
[23:19:34] [Server thread/INFO]: Updating the respawn location of player Qirell to [127, 67, 153] in minecraft:overworld
[23:19:35] [Server thread/INFO]: Updating the respawn location of player Qirell to [127, 67, 153] in minecraft:overworld
[23:19:35] [Server thread/INFO]: Updating the respawn location of player Qirell to [127, 67, 153] in minecraft:overworld
[23:19:35] [Server thread/INFO]: Updating the respawn location of player Qirell to [127, 67, 153] in minecraft:overworld
[23:19:36] [Server thread/INFO]: Updating the respawn location of player Qirell to [127, 67, 153] in minecraft:overworld
[23:19:36] [Server thread/INFO]: Updating the respawn location of player Qirell to [127, 67, 153] in minecraft:overworld
[23:19:36] [Server thread/INFO]: Updating the respawn location of player Qirell to [127, 67, 153] in minecraft:overworld
[23:19:37] [Server thread/INFO]: Updating the respawn location of player Qirell to [127, 67, 153] in minecraft:overworld
[23:19:37] [Server thread/INFO]: Updating the respawn location of player Qirell to [127, 67, 153] in minecraft:overworld
[23:19:40] [Server thread/INFO]: Updating the respawn location of player Qirell to [130, 67, 153] in minecraft:overworld
[23:19:41] [Server thread/INFO]: Updating the respawn location of player Qirell to [130, 67, 153] in minecraft:overworld
[23:19:41] [Server thread/INFO]: Updating the respawn location of player Qirell to [130, 67, 153] in minecraft:overworld
[23:19:41] [Server thread/INFO]: Updating the respawn location of player Qirell to [130, 67, 153] in minecraft:overworld
[23:19:43] [Server thread/INFO]: Updating the respawn location of player Qirell to [130, 67, 153] in minecraft:overworld
[23:19:47] [Server thread/INFO]: Updating the respawn location of player Qirell to [126, 67, 153] in minecraft:overworld
[23:19:47] [Server thread/INFO]: Updating the respawn location of player Qirell to [126, 67, 153] in minecraft:overworld
[23:19:47] [Server thread/INFO]: Updating the respawn location of player Qirell to [126, 67, 153] in minecraft:overworld
[23:20:00] [Server thread/INFO]: Updating the respawn location of player Qirell to [129, 67, 152] in minecraft:overworld
[23:20:00] [Server thread/INFO]: Updating the respawn location of player Qirell to [129, 67, 152] in minecraft:overworld
[23:20:05] [Server thread/INFO]: Updating the respawn location of player Qirell to [127, 71, 153] in minecraft:overworld
[23:20:05] [Server thread/INFO]: Updating the respawn location of player Qirell to [127, 71, 153] in minecraft:overworld
[23:20:21] [Server thread/INFO]: Updating the respawn location of player Qirell to [130, 71, 157] in minecraft:overworld
